Period,P_RMSE_Standard,P_RMSE_Chen,P_RMSE_EKF_LE,P_RMSE_AFEKF,M_RMSE_Standard,M_RMSE_Chen,M_RMSE_EKF_LE,M_RMSE_AFEKF,Pipe1_Standard,Pipe1_Chen,Pipe1_EKF_LE,Pipe1_AFEKF,Pipe5_Standard,Pipe5_Chen,Pipe5_EKF_LE,Pipe5_AFEKF
Full_Period,2.1777965188881,0.158170379956047,0.109013945857367,0.11140880852223,140.696086702415,5.94984041642605,2.90808983106884,2.57618887039542,537.325112518488,9.7853671907536,5.74821916348409,1.2344712767793,30.1044331776073,2.16135966495378,0.743590996193643,0.768971947186652
Normal_0to6h_18to24h,0.106613132518115,0.106613245055497,0.107160944144156,0.111041960011106,97.9534961968117,2.52246275153805,2.72625511103689,2.48804497624624,402.597895865675,2.40065674256814,5.0480587273223,1.3135143071922,2.57779991701054,0.736520706751747,0.737949247179285,0.748446557870109
Leak_12to18h,4.59416106204399,0.269900332387292,0.118253092777085,0.115418293520781,243.856559161875,11.6166187002899,3.41322210113013,2.69223961499118,894.956258026113,20.2160346065942,8.39357866923274,1.0936253647847,63.4051134607965,4.34305883062108,0.696056965240852,0.776689649468181
