Period,P_RMSE_Standard,P_RMSE_Chen,P_RMSE_EKF_LE,P_RMSE_AFEKF,M_RMSE_Standard,M_RMSE_Chen,M_RMSE_EKF_LE,M_RMSE_AFEKF,Pipe1_Standard,Pipe1_Chen,Pipe1_EKF_LE,Pipe1_AFEKF,Pipe5_Standard,Pipe5_Chen,Pipe5_EKF_LE,Pipe5_AFEKF
Full_Period,16.4432212017549,0.261629768614387,0.10324566991501,0.105119496754381,140.307791760716,6.80905525450874,2.95269363813158,2.67904623637396,526.310616789922,15.0125026358766,5.27677203320793,1.62210297354109,36.8949319497928,1.53948124321549,0.789866046326388,0.785425698215819
Normal_0to6h_18to24h,0.0984786168521641,0.098489695881287,0.0984750775414216,0.101768514235063,100.245028197755,2.44847615614931,2.67837557531008,2.41591048856185,413.28383160998,2.53079653780925,5.23833496023757,1.6308341548951,2.49372389690375,0.679564176886907,0.681867825868614,0.686987692883829
Leak_12to18h,34.7189831054536,0.520280774011572,0.115155450141146,0.110590437315942,240.033329374604,13.5547512434997,3.54484902199273,3.11167899421532,850.034763770559,31.3531017455471,6.35474258803879,1.51439977706778,77.7820130751236,3.00662473975218,1.1112164386109,1.08821520029207
