Period,P_RMSE_Standard,P_RMSE_Chen,P_RMSE_EKF_LE,P_RMSE_AFEKF,M_RMSE_Standard,M_RMSE_Chen,M_RMSE_EKF_LE,M_RMSE_AFEKF,Pipe1_Standard,Pipe1_Chen,Pipe1_EKF_LE,Pipe1_AFEKF,Pipe5_Standard,Pipe5_Chen,Pipe5_EKF_LE,Pipe5_AFEKF
Full_Period,14.232869920562,0.239837853293461,0.110617734703914,0.107565241595816,169.89844310011,8.06126025978998,3.07353960661461,2.66786876284854,687.20345329475,27.5406931436071,6.21373196779989,2.01463974616818,43.5430295725721,1.50973908610392,0.701202512575182,0.721264022220538
Normal_0to6h_18to24h,0.104912846840655,0.104912041728693,0.104900805453141,0.108123701258052,103.496354783871,2.97139721882644,3.16431627774832,2.92933220931834,426.220710127972,3.12457681246031,5.44279693676239,2.30351744442543,3.08308360475559,0.664785158807016,0.661120071975346,0.667563485387173
Leak_12to18h,30.0517351152812,0.467116210870556,0.127671089384471,0.103730635550471,310.732533525068,16.139445123899,3.05519771007126,1.79991068803222,1249.17924020034,57.8934707609004,9.09470853943564,1.27298886894766,91.7838780202668,2.95239895863932,0.806477036749583,0.865881210206304
