Period,P_RMSE_Standard,P_RMSE_Chen,P_RMSE_EKF_LE,P_RMSE_AFEKF,M_RMSE_Standard,M_RMSE_Chen,M_RMSE_EKF_LE,M_RMSE_AFEKF,Pipe1_Standard,Pipe1_Chen,Pipe1_EKF_LE,Pipe1_AFEKF,Pipe5_Standard,Pipe5_Chen,Pipe5_EKF_LE,Pipe5_AFEKF
Full_Period,16.5469942411337,0.11485095703322,0.106433401662083,0.109309812021398,124.084034874209,5.21093130215802,2.58412182570848,2.21377312814487,466.847057187667,14.6705446273679,5.7954923731237,1.34953529485261,99.3610956858033,1.72139011190159,0.732301868875866,0.772565153043672
Normal_0to6h_18to24h,0.103657209895012,0.103657177709084,0.103674351961735,0.107004905163971,111.894248320323,1.8635065445721,2.15771488903308,1.78302788648394,458.444549352564,2.849432101034,5.46720845567579,1.12587002439347,1.69214136399157,0.62625797170867,0.624239623762364,0.632061828899838
Leak_12to18h,34.9380369757614,0.141793530985203,0.10875568206496,0.108903077028119,176.289583224337,10.2637130818919,3.2393667880826,2.64667710776243,584.089922590916,30.547301269446,7.6585096822157,1.6958932147983,209.776952894047,3.39910955048697,0.853691386442894,0.974327988914702
