Period,P_RMSE_Standard,P_RMSE_Chen,P_RMSE_EKF_LE,P_RMSE_AFEKF,M_RMSE_Standard,M_RMSE_Chen,M_RMSE_EKF_LE,M_RMSE_AFEKF,Pipe1_Standard,Pipe1_Chen,Pipe1_EKF_LE,Pipe1_AFEKF,Pipe5_Standard,Pipe5_Chen,Pipe5_EKF_LE,Pipe5_AFEKF
Full_Period,14.3473043176346,0.354898013322111,0.105457345399201,0.108068619956161,138.436396977095,9.93356446155542,3.06077364072492,2.77665434452816,545.824987315215,24.1276968761423,5.49071628857137,1.50033413917684,8.4388303235783,1.5365134608202,0.749299023970977,0.749103185101297
Normal_0to6h_18to24h,0.102091299782946,0.102091398839522,0.102088042847694,0.105241125285137,105.157596792617,2.45484685363478,2.69637855810009,2.38522886144317,431.716140953843,2.75445716142949,5.33988693184102,1.27424553919583,3.10475868830244,0.618857740402814,0.624000951807066,0.64425909028636
Leak_12to18h,30.2933958143046,0.724592866973771,0.114748798782365,0.115061886716917,228.616756244938,20.4870836139684,4.19560447235727,3.86458286634285,876.988743281524,50.7071940599556,6.78395410923346,1.52056612887147,16.9773996723941,3.00897027579895,0.979496097608997,0.923453597908418
