Period,P_RMSE_Standard,P_RMSE_Chen,P_RMSE_EKF_LE,P_RMSE_AFEKF,M_RMSE_Standard,M_RMSE_Chen,M_RMSE_EKF_LE,M_RMSE_AFEKF,Pipe1_Standard,Pipe1_Chen,Pipe1_EKF_LE,Pipe1_AFEKF,Pipe5_Standard,Pipe5_Chen,Pipe5_EKF_LE,Pipe5_AFEKF
Full_Period,5.20043275056586,0.158577597541479,0.110728705678438,0.111354384643455,128.136855888168,5.81719754012183,2.83316820251921,2.46957574312178,517.519108846071,12.4426859453538,5.87692802527454,1.53578342167945,10.5581263216881,1.48671041677814,0.761726721101385,0.815512725367679
Normal_0to6h_18to24h,0.103894249454813,0.103894435533763,0.104433336390952,0.107670508806764,100.873365830752,2.68848640220935,2.9163431072956,2.63960435452068,415.847159593163,2.902206763293,5.56699936630275,1.70501864623193,0.821057057088863,0.791607430814776,0.794406767685982,0.798480830010361
Leak_12to18h,10.9788489859534,0.271510848992736,0.12682647519713,0.116538312106464,206.574297592377,11.2599176983202,2.81139397561425,1.9741867904829,821.74832209748,25.7605709467403,7.75924101739159,0.977891590521253,22.2440923745435,2.79522348673579,0.737975918655088,0.94030549696777
