Period,P_RMSE_Standard,P_RMSE_Chen,P_RMSE_EKF_LE,P_RMSE_AFEKF,M_RMSE_Standard,M_RMSE_Chen,M_RMSE_EKF_LE,M_RMSE_AFEKF,Pipe1_Standard,Pipe1_Chen,Pipe1_EKF_LE,Pipe1_AFEKF,Pipe5_Standard,Pipe5_Chen,Pipe5_EKF_LE,Pipe5_AFEKF
Full_Period,10.1465006634256,0.250602291013409,0.105363596852245,0.108027099368758,118.674353399939,7.31758381340091,3.04620664162869,2.71042317867801,482.604486341678,17.3246299788475,5.94219794516454,2.11034603681066,3.84625000062344,1.01984574080225,0.761568369500016,0.740956032140579
Normal_0to6h_18to24h,0.10477362002852,0.104772927675079,0.105732854844041,0.108902615997275,106.154541184356,3.05794526233674,3.25511037897397,3.00565209020735,436.030698730624,2.94921026923723,5.3659959194641,1.95019636032578,3.19042972530552,0.69085145968651,0.694065423346171,0.696948598990935
Leak_12to18h,21.4232297298578,0.492694843879427,0.107959428412454,0.108220819218512,170.240124150192,14.4725581686159,2.87235206756196,2.07635702013532,684.109565475178,36.1850516091205,8.23415873457408,2.27852156555337,5.93332963928404,1.73452523557135,0.961588863705224,0.878261315887365
