Period,P_RMSE_Standard,P_RMSE_Chen,P_RMSE_EKF_LE,P_RMSE_AFEKF,M_RMSE_Standard,M_RMSE_Chen,M_RMSE_EKF_LE,M_RMSE_AFEKF,Pipe1_Standard,Pipe1_Chen,Pipe1_EKF_LE,Pipe1_AFEKF,Pipe5_Standard,Pipe5_Chen,Pipe5_EKF_LE,Pipe5_AFEKF
Full_Period,6.61319837481598,0.177038382684789,0.106453546303333,0.109894069112365,149.096913388109,8.04385308852362,2.92075806545702,2.58372957509324,548.989809813422,27.5703096793683,5.63932472223457,1.39286766926488,34.5395006146372,1.99164042877225,0.750174256594812,0.790274802919416
Normal_0to6h_18to24h,0.10578324973998,0.105783741072198,0.106383095133794,0.11010565163105,107.616969400799,2.7500913827026,2.97483171827335,2.68081553659325,440.40894747877,2.8726427472969,5.36738599798328,1.55983673500522,3.19919871335689,0.754547477392007,0.747218814810398,0.754628491670986
Leak_12to18h,13.9622481968091,0.318736014487146,0.109405571517487,0.111390346177133,253.694978105987,16.2118030867949,2.92992831991122,2.30442431436752,872.820462087468,57.9847079162295,7.4028249051668,0.890345152889596,72.7170891456537,3.97431706100787,0.806767633262153,0.934066301227679
