Period,P_RMSE_Standard,P_RMSE_Chen,P_RMSE_EKF_LE,P_RMSE_AFEKF,M_RMSE_Standard,M_RMSE_Chen,M_RMSE_EKF_LE,M_RMSE_AFEKF,Pipe1_Standard,Pipe1_Chen,Pipe1_EKF_LE,Pipe1_AFEKF,Pipe5_Standard,Pipe5_Chen,Pipe5_EKF_LE,Pipe5_AFEKF
Full_Period,16.6801159073858,0.213652784090053,0.104377369194681,0.106324122529395,143.789782611934,7.82941074202352,2.94326702869073,2.62010320142923,538.702273020112,14.8557436352813,5.64560934253494,1.96061727234749,98.3880664248815,1.98655057878615,0.874730236696336,0.885548082183454
Normal_0to6h_18to24h,0.0999441405764262,0.099944029970624,0.100308879763853,0.10337882085745,112.420917112399,2.19820836971164,2.4503313207147,2.11770391583049,459.490497792907,2.77541948040079,5.23954699450974,1.30042511710367,1.86641938307205,0.708390505405585,0.704288943992032,0.708887350996048
Leak_12to18h,35.2191819894701,0.410882284169399,0.117044623756289,0.11479867667513,232.937512531097,15.9973474050976,4.19505458609103,3.75893043411336,812.656444915503,30.9454488568981,7.47250990089248,2.85392917323002,207.717815573677,3.95219135264524,1.20847039443897,1.23116125173599
