Period,P_RMSE_Standard,P_RMSE_Chen,P_RMSE_EKF_LE,P_RMSE_AFEKF,M_RMSE_Standard,M_RMSE_Chen,M_RMSE_EKF_LE,M_RMSE_AFEKF,Pipe1_Standard,Pipe1_Chen,Pipe1_EKF_LE,Pipe1_AFEKF,Pipe5_Standard,Pipe5_Chen,Pipe5_EKF_LE,Pipe5_AFEKF
Full_Period,12.7953657210753,0.233303531353591,0.105969674385158,0.108894810614491,122.542783848399,6.73381155735593,2.62317014100862,2.32001484606886,464.1345868192,11.7789050599316,5.11997750895115,1.6046053055935,94.3073617984269,1.93511889787983,0.846932115330062,0.846920267541422
Normal_0to6h_18to24h,0.106814692162769,0.1068148559004,0.106811423602444,0.110381712763847,113.096869235121,2.46031858989163,2.6665943064316,2.41186557531224,461.305920298295,2.64067897153587,4.98633582505859,1.66143952168263,1.45839171877966,0.81236812774022,0.811935749013677,0.819890377585949
Leak_12to18h,27.0164014170913,0.451793078195893,0.107190414836069,0.107581334778771,169.041369524572,13.4954600787399,2.72565131004118,2.1503184515223,567.457959624516,24.4425744320772,6.48254547481188,1.71567436078174,199.111329154755,3.81502269941626,1.02502358686295,1.00169850494133
