Period,P_RMSE_Standard,P_RMSE_Chen,P_RMSE_EKF_LE,P_RMSE_AFEKF,M_RMSE_Standard,M_RMSE_Chen,M_RMSE_EKF_LE,M_RMSE_AFEKF,Pipe1_Standard,Pipe1_Chen,Pipe1_EKF_LE,Pipe1_AFEKF,Pipe5_Standard,Pipe5_Chen,Pipe5_EKF_LE,Pipe5_AFEKF
Full_Period,7.27222148108197,0.192257086684828,0.108759387238826,0.108358344553886,140.418694135639,6.91342119599616,2.80570033199547,2.40419300604184,554.158076203209,21.6042662225171,5.90863097564064,1.48266395078394,24.8317037126253,1.52695073978608,0.86304682118942,0.866050910368199
Normal_0to6h_18to24h,0.101926186620699,0.101925883453892,0.102942700941783,0.105836777777221,106.180701286078,2.40422201326317,2.66577242001479,2.32709443494777,436.408366593531,2.74988475979259,5.38672583422678,1.40174163973931,3.12528078387415,0.723420651270601,0.72334702680419,0.72936940012305
Leak_12to18h,15.3539502353411,0.358702640882004,0.12650565774898,0.115402812700022,232.552674971403,13.8818838923055,3.27924733918314,2.54856332646461,893.172453813721,45.3485991093278,8.22154712753218,1.69999646991881,52.1429137860831,2.81600092690169,0.902021267684432,0.884015478688378
