Period,P_RMSE_Standard,P_RMSE_Chen,P_RMSE_EKF_LE,P_RMSE_AFEKF,M_RMSE_Standard,M_RMSE_Chen,M_RMSE_EKF_LE,M_RMSE_AFEKF,Pipe1_Standard,Pipe1_Chen,Pipe1_EKF_LE,Pipe1_AFEKF,Pipe5_Standard,Pipe5_Chen,Pipe5_EKF_LE,Pipe5_AFEKF
Full_Period,24.1332485088522,0.908333770998668,0.106512046631102,0.105027890569771,186.032283928515,16.2178635449346,2.87333892670683,2.51504593794281,716.909513298479,50.11614985122,5.55831654086111,1.35646280991937,54.0240845031318,2.83461687842045,0.810092534455815,0.851167517133959
Normal_0to6h_18to24h,0.102430718044451,0.102430515384643,0.102441514172498,0.105499700325727,105.572937382949,2.25072275294011,2.52914225922173,2.1625938588763,433.369278896114,2.69486521968558,5.34304346196795,1.16199773511408,3.45441211250751,0.620155851041105,0.634305222376759,0.638099474926251
Leak_12to18h,50.9564378521656,1.90863498590227,0.121379311832683,0.105205437258556,347.640049108256,33.971295414765,3.7546533538353,3.26407001607113,1314.52379846734,105.70772951869,7.07422310175011,1.44609838009853,113.911989524592,5.86095020955649,1.178592032844,1.28737840185624
