Period,P_RMSE_Standard,P_RMSE_Chen,P_RMSE_EKF_LE,P_RMSE_AFEKF,M_RMSE_Standard,M_RMSE_Chen,M_RMSE_EKF_LE,M_RMSE_AFEKF,Pipe1_Standard,Pipe1_Chen,Pipe1_EKF_LE,Pipe1_AFEKF,Pipe5_Standard,Pipe5_Chen,Pipe5_EKF_LE,Pipe5_AFEKF
Full_Period,11.2832487756998,0.182770287113651,0.107402825207486,0.107249083302907,134.340307288956,6.34827859245535,2.50926758822121,2.10871541253,521.289769889877,12.5502845450849,5.50164399954831,1.29062610791599,16.3272838828568,1.64980562150798,0.778528904186721,0.792922153819546
Normal_0to6h_18to24h,0.102155167566619,0.102155074699196,0.102171342607069,0.105175483614497,107.013605299548,2.01277624385665,2.30931761284527,1.91954478866008,439.34489790293,2.87657998829871,5.47786580477694,1.34565761475513,1.44004000562293,0.704614644807886,0.710250765861381,0.709444960902016
Leak_12to18h,23.8235529372674,0.335541819079029,0.12265758423426,0.112078486349011,214.712801816655,12.8006983922847,2.90005552671081,2.2624219168006,795.26624997047,26.0055452219787,6.64639469033934,1.10480009235002,34.382508302485,3.24308763424434,1.00953948883663,1.07703402709708
