Period,P_RMSE_Standard,P_RMSE_Chen,P_RMSE_EKF_LE,P_RMSE_AFEKF,M_RMSE_Standard,M_RMSE_Chen,M_RMSE_EKF_LE,M_RMSE_AFEKF,Pipe1_Standard,Pipe1_Chen,Pipe1_EKF_LE,Pipe1_AFEKF,Pipe5_Standard,Pipe5_Chen,Pipe5_EKF_LE,Pipe5_AFEKF
Full_Period,10.4153395746063,0.252252684446974,0.109033591495024,0.108518087073352,145.627934888309,6.45191345004502,3.08944428380581,2.7466619523473,549.723241788499,14.3964167034882,5.95487030356213,1.77984244764922,40.1851686572421,1.09369395826284,0.726186350155375,0.734867328741927
Normal_0to6h_18to24h,0.10579023253927,0.105790826082539,0.10581572091744,0.109380275683603,109.767365199958,2.60570168639446,2.81332870091753,2.54899933763631,449.044027762394,2.94037479342261,5.37019313530599,1.55456857857588,3.25669577189352,0.597409647682922,0.603105813039163,0.605488128676991
Leak_12to18h,21.9908729862902,0.495200259145223,0.120894023637545,0.106547533913046,241.659703713928,12.7069094444598,3.84202646578695,3.17479797037804,861.605777675741,29.9426624910557,8.29390262880426,2.01799925468575,84.6596835124911,1.94972922398416,0.862106318866956,0.905233379713656
