Period,P_RMSE_Standard,P_RMSE_Chen,P_RMSE_EKF_LE,P_RMSE_AFEKF,M_RMSE_Standard,M_RMSE_Chen,M_RMSE_EKF_LE,M_RMSE_AFEKF,Pipe1_Standard,Pipe1_Chen,Pipe1_EKF_LE,Pipe1_AFEKF,Pipe5_Standard,Pipe5_Chen,Pipe5_EKF_LE,Pipe5_AFEKF
Full_Period,7.68430913713132,0.215460574084969,0.106453388392905,0.109182630278589,151.717656584501,8.26595726707199,3.265170023853,2.92327810497989,550.684636280278,23.6629843329368,5.96639953592531,1.42964474160015,25.8572354239364,1.9721945616261,0.867485578636016,0.842032150424144
Normal_0to6h_18to24h,0.104681056490645,0.104680665185305,0.105127410819936,0.108212675004105,109.227413380886,2.61139189009979,2.83889071093052,2.54468479725646,448.163829568859,2.84200013295682,5.42322824596493,1.31877397464658,0.786353520945575,0.699379533703523,0.69686512140596,0.702941221073844
Leak_12to18h,16.2240764768214,0.411341128392001,0.111900318491596,0.112765240080703,258.513849254272,16.8079283338845,4.65058502511907,4.11533810038996,865.708358757006,49.6966294066066,8.27011094217571,1.34576521229046,54.578397782475,3.96325576673822,1.31793402682403,1.22847896500234
