Case,Pipe1_Standard,Pipe1_Chen,Pipe1_EKF_LE,Pipe1_AFEKF,Pipe2_Standard,Pipe2_Chen,Pipe2_EKF_LE,Pipe2_AFEKF,Pipe3_Standard,Pipe3_Chen,Pipe3_EKF_LE,Pipe3_AFEKF,Pipe4_Standard,Pipe4_Chen,Pipe4_EKF_LE,Pipe4_AFEKF,Pipe5_Standard,Pipe5_Chen,Pipe5_EKF_LE,Pipe5_AFEKF,Pipe7_Standard,Pipe7_Chen,Pipe7_EKF_LE,Pipe7_AFEKF,Pipe8_Standard,Pipe8_Chen,Pipe8_EKF_LE,Pipe8_AFEKF,Pipe10_Standard,Pipe10_Chen,Pipe10_EKF_LE,Pipe10_AFEKF,Flow_Standard,Flow_Chen,Flow_EKF_LE,Flow_AFEKF
Case1_Clean,1.64322034342866,1.64322034342866,1.64375229161907,1.6507663356365,1.68570790907336,1.68570790907336,1.68562166048809,1.69335275491565,1.90995692025557,1.90995692025556,1.9096257496971,1.91865620119409,0.847965312216308,0.847965312216308,0.848037152370854,0.8528133965994,0.79983487875178,0.79983487875178,0.799791334182826,0.81152328917727,0.767919906694628,0.767919906694624,0.775946145822669,0.780984344458296,0.699575312897902,0.699575312897903,0.699506019636278,0.709002183766682,0.99985932752587,0.999859327525871,1.00528715366831,1.01085905409824,2.86889829931437,2.86889829931437,2.86973137897421,2.8739389075938
Case2_20dB,660.454468085554,19.0565500672535,5.91233805159554,1.83258207707768,69.8920225390937,9.08806809811408,2.57578341400362,1.85858276990733,33.9563748466175,11.0962218855105,2.27087822254487,2.10224468740941,9.94511713315522,1.24928622399454,0.801023768836988,0.802069567652349,44.5764826427398,1.16517697876059,0.85040315958264,0.855592773769233,131.991200781781,3.47846809007069,0.939575693031393,0.777304414065267,19.3115926551541,0.826827742407945,0.985674367137411,0.740549082427097,101.800845306251,3.0833260487233,1.06209427154526,1.06582143570884,169.136047354188,6.8579174642274,3.35692885184171,3.05295620097821
