Case,Pipe1_Standard,Pipe1_Chen,Pipe1_EKF_LE,Pipe1_AFEKF,Pipe2_Standard,Pipe2_Chen,Pipe2_EKF_LE,Pipe2_AFEKF,Pipe3_Standard,Pipe3_Chen,Pipe3_EKF_LE,Pipe3_AFEKF,Pipe4_Standard,Pipe4_Chen,Pipe4_EKF_LE,Pipe4_AFEKF,Pipe5_Standard,Pipe5_Chen,Pipe5_EKF_LE,Pipe5_AFEKF,Pipe7_Standard,Pipe7_Chen,Pipe7_EKF_LE,Pipe7_AFEKF,Pipe8_Standard,Pipe8_Chen,Pipe8_EKF_LE,Pipe8_AFEKF,Pipe10_Standard,Pipe10_Chen,Pipe10_EKF_LE,Pipe10_AFEKF,Flow_Standard,Flow_Chen,Flow_EKF_LE,Flow_AFEKF
Case1_Clean,1.66211399699368,1.66211399699368,1.6615440721759,1.66813372280602,1.58815367715378,1.58815367715379,1.59218717861142,1.59683336094746,1.7805935867441,1.7805935867441,1.78064524253547,1.78671492344234,0.719481628373386,0.719481628373385,0.720979907827447,0.724972240671822,0.681125599246036,0.681125599246036,0.683873429303804,0.689991987969182,0.764328144400859,0.764328144400859,0.765400264947477,0.770836560552788,0.615104082581014,0.615104082581014,0.630448131108131,0.637884995063439,1.02913312441251,1.02913312441251,1.02937583512602,1.03512917988033,2.4325805261102,2.4325805261102,2.43333446998707,2.43652304019141
Case2_20dB,543.507559181485,20.2273317548132,5.87765553894106,1.46378153527641,49.5783430021206,8.77728334443099,1.71081799758467,1.36167842140941,96.6886248458739,21.5161554995983,2.34573092543754,1.5867505314699,142.74985002374,2.20173724594582,0.67061338991069,0.673218695671774,27.7256149552056,0.743639544164257,0.645853811663276,0.659037268975315,39.5237034771486,5.81601609086829,0.790425997085291,0.756089161172904,16.0955802708544,0.764426929581111,0.654887974175215,0.657921710139414,98.5789321665171,1.48507017420719,1.02021173035055,1.00272521906168,145.095844266279,8.4442731518565,2.73339256944594,2.32696965907024
