Case,Pipe1_Standard,Pipe1_Chen,Pipe1_EKF_LE,Pipe1_AFEKF,Pipe2_Standard,Pipe2_Chen,Pipe2_EKF_LE,Pipe2_AFEKF,Pipe3_Standard,Pipe3_Chen,Pipe3_EKF_LE,Pipe3_AFEKF,Pipe4_Standard,Pipe4_Chen,Pipe4_EKF_LE,Pipe4_AFEKF,Pipe5_Standard,Pipe5_Chen,Pipe5_EKF_LE,Pipe5_AFEKF,Pipe7_Standard,Pipe7_Chen,Pipe7_EKF_LE,Pipe7_AFEKF,Pipe8_Standard,Pipe8_Chen,Pipe8_EKF_LE,Pipe8_AFEKF,Pipe10_Standard,Pipe10_Chen,Pipe10_EKF_LE,Pipe10_AFEKF,Flow_Standard,Flow_Chen,Flow_EKF_LE,Flow_AFEKF
Case1_Clean,1.75534688120992,1.75534688120991,1.75521602418454,1.76022349550852,1.69255899503705,1.69255899503705,1.69240970902636,1.69870469868999,1.83780759609193,1.83780759609193,1.83972303422419,1.8460228310405,0.987316098702763,0.987316098702762,0.987284546470016,0.99318112516136,0.696940831045186,0.696940831045185,0.696993882047584,0.704861101984112,0.792470933248267,0.792470933248262,0.792426725381797,0.797594155036914,0.605001316131982,0.605001316131982,0.605063224643377,0.614867888341311,0.988318319195319,0.98831831919532,0.987115078967071,0.995219141996063,2.70637020195928,2.70637020195928,2.70655886434269,2.71053739045189
Case2_20dB,617.709772175367,18.8257929055387,5.96541581984772,1.75742289550743,74.937504576645,10.2628505809442,2.17741756596395,1.67573085341859,51.6897559663378,12.5000269768463,2.00718631763861,1.82233084765494,51.9428424762222,2.66705297057899,1.05645822502166,1.0548253286527,14.4800376209659,0.815456615836259,0.727143805910189,0.724496569612413,61.2493886437856,4.87323407979663,0.872363337870181,0.825531057668013,44.9296787387861,0.785134816671846,0.636061530369088,0.650949717038872,35.5735010626862,1.25999221080263,1.04736012005491,1.00871227666886,154.246477817087,8.44838323036583,3.10819015613539,2.75813297654673
