Case,Pipe1_Standard,Pipe1_Chen,Pipe1_EKF_LE,Pipe1_AFEKF,Pipe2_Standard,Pipe2_Chen,Pipe2_EKF_LE,Pipe2_AFEKF,Pipe3_Standard,Pipe3_Chen,Pipe3_EKF_LE,Pipe3_AFEKF,Pipe4_Standard,Pipe4_Chen,Pipe4_EKF_LE,Pipe4_AFEKF,Pipe5_Standard,Pipe5_Chen,Pipe5_EKF_LE,Pipe5_AFEKF,Pipe7_Standard,Pipe7_Chen,Pipe7_EKF_LE,Pipe7_AFEKF,Pipe8_Standard,Pipe8_Chen,Pipe8_EKF_LE,Pipe8_AFEKF,Pipe10_Standard,Pipe10_Chen,Pipe10_EKF_LE,Pipe10_AFEKF,Flow_Standard,Flow_Chen,Flow_EKF_LE,Flow_AFEKF
Case1_Clean,1.27069249845086,1.27069249845087,1.27116037314929,1.27264670027148,1.07730988117206,1.07730988117206,1.07656634637322,1.07905430403952,1.29179947050289,1.29179947050289,1.29211844048069,1.29467260847109,0.918053779994742,0.918053779994743,0.926473533846128,0.930061244987329,0.693697946866291,0.693697946866291,0.694569148294008,0.701962881382007,0.672709274842955,0.672709274842951,0.673329932730861,0.676344933377327,0.580370316247145,0.580370316247145,0.577054164785213,0.583877987407506,0.823157896097536,0.823157896097538,0.823109050068512,0.829530309732911,1.94577896520371,1.94577896520371,1.94602255132274,1.94833175440557
Case2_20dB,623.036454603929,19.3401059792454,5.72590416274262,1.34809672379187,109.492780742069,8.01637988316822,1.84240796816047,1.08980126521585,54.4319934099053,9.20221622895907,1.69039440258238,1.37427481112231,10.6827797305707,2.16955962169026,0.930727727102498,0.907760472657423,2.41936616268398,0.754520846044169,0.757078874710334,0.733564382492368,87.4670826581004,3.30156765398513,0.710017212355978,0.680969272633333,62.5918610169007,0.728247383990274,0.597363227833197,0.590125354039138,85.8163647580235,1.027055189712,0.925854871890274,0.886769874427156,155.532232804346,5.85749132438346,2.47969018055087,2.04741234289053
