Case,Pipe1_Standard,Pipe1_Chen,Pipe1_EKF_LE,Pipe1_AFEKF,Pipe2_Standard,Pipe2_Chen,Pipe2_EKF_LE,Pipe2_AFEKF,Pipe3_Standard,Pipe3_Chen,Pipe3_EKF_LE,Pipe3_AFEKF,Pipe4_Standard,Pipe4_Chen,Pipe4_EKF_LE,Pipe4_AFEKF,Pipe5_Standard,Pipe5_Chen,Pipe5_EKF_LE,Pipe5_AFEKF,Pipe7_Standard,Pipe7_Chen,Pipe7_EKF_LE,Pipe7_AFEKF,Pipe8_Standard,Pipe8_Chen,Pipe8_EKF_LE,Pipe8_AFEKF,Pipe10_Standard,Pipe10_Chen,Pipe10_EKF_LE,Pipe10_AFEKF,Flow_Standard,Flow_Chen,Flow_EKF_LE,Flow_AFEKF
Case1_Clean,1.50370228849076,1.50370228849076,1.51569040236894,1.51713641578066,1.58240119652067,1.58240119652067,1.58363308435865,1.5876222974312,1.67072594461154,1.67072594461154,1.67084536597779,1.67585402160721,0.978575978484721,0.978575978484721,0.978618940225528,0.985280390828163,0.690495073436228,0.690495073436228,0.689639631632037,0.6968168566097,0.706513287978104,0.706513287978103,0.707693357262547,0.711093726879421,0.681413198349011,0.681413198349011,0.681356380293511,0.690851163921288,1.06443855497587,1.06443855497587,1.06542081073078,1.07076735494923,2.58182524520554,2.58182524520554,2.58231240114764,2.58508252321167
Case2_20dB,426.705638126936,14.9367276977787,5.98886862302141,1.40652723786581,56.2424963713895,3.6713970650835,1.58466955241009,1.45722046484993,82.8671178596572,11.0514383517616,1.70034101405407,1.44254139047204,24.0806213333308,2.13655084641836,1.03792262102135,1.05019763796919,39.7743596332564,0.826286754911329,0.755533961033002,0.730793165967267,89.0363620564259,2.43148530670193,0.723057521188975,0.723888348360557,7.39897145930464,0.650879926001617,0.6550523733976,0.666776185505396,20.6520282835416,2.14920799732338,0.977450495897959,0.978317566541727,112.301859806888,5.22746771544277,2.6389329253323,2.255982229245
