Period,P_RMSE_Standard,P_RMSE_Chen,P_RMSE_EKF_LE,P_RMSE_AFEKF,M_RMSE_Standard,M_RMSE_Chen,M_RMSE_EKF_LE,M_RMSE_AFEKF,Pipe1_Standard,Pipe1_Chen,Pipe1_EKF_LE,Pipe1_AFEKF,Pipe5_Standard,Pipe5_Chen,Pipe5_EKF_LE,Pipe5_AFEKF
Full_Period,0.718341065147378,0.104513130996306,0.107575078569393,0.109281332146036,15.0181280357066,2.31810081884214,2.444473681731,1.9852722955939,55.6145272965567,1.54163619482671,2.68456064639345,1.0463623171869,2.95516290119254,1.07599285249954,1.25114985162329,0.876386067331242
Normal_0to6h_18to24h,0.106723332572547,0.107222309102994,0.106182224074334,0.11026970394056,10.0069266833303,1.96954448410241,1.85716186725285,1.79520981901738,40.3354214612216,1.0552060009956,2.25396639814154,1.04485780866591,0.930794848634543,1.06704467875122,0.857440395394506,0.870663674108466
Leak_12to18h,1.22930127478257,0.0987253520184379,0.109938583435784,0.107073701939121,21.682286890556,2.88427896784777,3.29980567572181,2.30190954881198,77.0656980002004,2.20018748162634,3.35628139855517,1.03662771695108,4.92958710355817,1.13152959232559,1.79941584904679,0.914205540467455
