Period,P_RMSE_Standard,P_RMSE_Chen,P_RMSE_EKF_LE,P_RMSE_AFEKF,M_RMSE_Standard,M_RMSE_Chen,M_RMSE_EKF_LE,M_RMSE_AFEKF,Pipe1_Standard,Pipe1_Chen,Pipe1_EKF_LE,Pipe1_AFEKF,Pipe5_Standard,Pipe5_Chen,Pipe5_EKF_LE,Pipe5_AFEKF
Full_Period,0.710729322428954,0.102090461264508,0.107306173244366,0.108317003229804,13.9956779979118,2.52165628983522,2.63895150759371,2.26410313561937,50.2587039397239,1.68044173942782,2.78195265024735,1.53469446609091,2.76641356169346,1.08771954796557,1.30191853233191,0.927484115981112
Normal_0to6h_18to24h,0.105019318214141,0.105560119869439,0.10480135069537,0.108814653776947,9.75810643016625,2.19249280881147,2.0766174547796,2.02929192019175,39.2695925452172,1.48964459572011,2.28545593023665,1.49997354398481,0.973790710859321,1.10052245175832,0.913979302340278,0.940335433413144
Leak_12to18h,1.2164435571603,0.0953893763436572,0.112603325502916,0.108106386926085,19.7931541372806,3.05834089204183,3.47670278559536,2.64824951820051,66.5092231814244,1.99632042285091,3.5476078989603,1.59153709141515,4.56961858352097,1.07188563711883,1.8412884421161,0.903804315039429
