Period,P_RMSE_Standard,P_RMSE_Chen,P_RMSE_EKF_LE,P_RMSE_AFEKF,M_RMSE_Standard,M_RMSE_Chen,M_RMSE_EKF_LE,M_RMSE_AFEKF,Pipe1_Standard,Pipe1_Chen,Pipe1_EKF_LE,Pipe1_AFEKF,Pipe5_Standard,Pipe5_Chen,Pipe5_EKF_LE,Pipe5_AFEKF
Full_Period,1.03867773002973,0.10452066447821,0.117794489988393,0.108539026446745,15.7714400018525,3.02440592235079,3.71828837217531,2.77684514417428,54.9471099178293,1.73555246750374,6.01469560971491,1.61640545349614,4.34331049708617,1.04974563337377,0.831542067223437,0.903577767522177
Normal_0to6h_18to24h,0.103823482738043,0.104251132777116,0.103260980344017,0.107029062791859,10.8784335568132,2.79708877164155,2.73567790043008,2.67410807915558,42.8957771147143,1.39799010686058,2.65986562541034,1.39243845540483,0.891063129934296,1.0110402493827,0.865935872224513,0.877883914364025
Leak_12to18h,1.78471105910232,0.104364871692512,0.141716690482219,0.110899691577371,22.4196852762294,3.40826712948616,5.11287839764333,2.93823392577187,72.7574463142259,2.25725518421054,9.66567603613514,1.98563921594464,7.38157700183924,1.1181127737299,0.746912349687371,0.943108213646511
