Period,P_RMSE_Standard,P_RMSE_Chen,P_RMSE_EKF_LE,P_RMSE_AFEKF,M_RMSE_Standard,M_RMSE_Chen,M_RMSE_EKF_LE,M_RMSE_AFEKF,Pipe1_Standard,Pipe1_Chen,Pipe1_EKF_LE,Pipe1_AFEKF,Pipe5_Standard,Pipe5_Chen,Pipe5_EKF_LE,Pipe5_AFEKF
Full_Period,0.857627571787677,0.103972101616966,0.116655586510636,0.107722038001379,13.3279773045854,2.67490626536923,2.83215203385453,2.40090877412644,48.8177119075657,2.09622032120582,3.72384599812762,1.35839575423346,1.40000462403331,1.05698149129011,1.79701355330711,0.930547036173658
Normal_0to6h_18to24h,0.103121205123032,0.103476938477701,0.102944282576307,0.106766834021007,10.0721996547734,2.49188825057686,2.41481732244416,2.3650880269035,40.2634140728856,1.4990416792948,2.40794587183246,1.51966159256476,0.946564552655553,1.10130010184262,0.926348199254457,0.926208614958783
Leak_12to18h,1.47146005037078,0.105116364824427,0.139880009356092,0.109742082225681,18.0304623348197,2.98784171063392,3.49311307244886,2.44341344951097,61.9760587287576,2.92820276315613,5.44311122672415,0.935964398772027,2.01822973239329,0.980626028421957,2.81281020473956,0.941295393620235
