Period,P_RMSE_Standard,P_RMSE_Chen,P_RMSE_EKF_LE,P_RMSE_AFEKF,M_RMSE_Standard,M_RMSE_Chen,M_RMSE_EKF_LE,M_RMSE_AFEKF,Pipe1_Standard,Pipe1_Chen,Pipe1_EKF_LE,Pipe1_AFEKF,Pipe5_Standard,Pipe5_Chen,Pipe5_EKF_LE,Pipe5_AFEKF
Full_Period,0.637015249890758,0.103218379254669,0.104868951616973,0.106172180754174,14.6858360353999,2.57024265530245,2.66788503320849,2.27592348152715,55.8711792250478,1.98236037254497,3.05907584281867,1.47450788415829,3.31504471573713,1.1538390987263,2.15929589631629,0.953857395277813
Normal_0to6h_18to24h,0.103287430011479,0.103547957178315,0.102843651629033,0.106813276541472,11.1570242704775,2.13843601715165,2.08327530525558,2.00474308830841,44.6467429314492,1.30140151129578,2.53090438352521,1.32012467130969,0.986517534207264,1.11189818320195,0.930315660830491,0.967348478939293
Leak_12to18h,1.08862003511883,0.102813292471492,0.108947263245766,0.105183226621059,19.8013112786101,3.25008045577836,3.53446962938158,2.71592039490862,72.7421972359401,2.88557871002326,3.87759816180827,1.73497241627163,5.5527096460588,1.28256010858709,3.49417582365097,0.96974968020528
