Period,P_RMSE_Standard,P_RMSE_Chen,P_RMSE_EKF_LE,P_RMSE_AFEKF,M_RMSE_Standard,M_RMSE_Chen,M_RMSE_EKF_LE,M_RMSE_AFEKF,Pipe1_Standard,Pipe1_Chen,Pipe1_EKF_LE,Pipe1_AFEKF,Pipe5_Standard,Pipe5_Chen,Pipe5_EKF_LE,Pipe5_AFEKF
Full_Period,0.281012561636341,0.103850923166542,0.107600477939546,0.109041812842621,13.6410615883886,2.94452114551803,2.90214051355536,2.77216480537125,48.7402234683161,2.01819192103187,2.84099279075562,1.81929263258383,19.0995022118034,1.25984042939051,1.98150993806164,1.12538332227005
Normal_0to6h_18to24h,0.104550077060059,0.104528534486819,0.104564689436542,0.108267220977864,10.5381683132715,2.32972319530115,2.26699536229222,2.20138506246697,42.4528695225886,1.56427032055099,2.70787176309005,1.54072140109969,1.03318169035011,1.09925947244797,0.923060984758515,0.957269302795478
Leak_12to18h,0.461827394685449,0.103029679361348,0.113951253871195,0.111281311906947,18.1936066487084,3.87240633525433,3.84690519166381,3.63252245858874,58.7918361169475,2.70986008595152,3.07398047477637,2.28586670827958,32.8954050467918,1.51980913019593,3.15690167996445,1.39023051514093
