Period,P_RMSE_Standard,P_RMSE_Chen,P_RMSE_EKF_LE,P_RMSE_AFEKF,M_RMSE_Standard,M_RMSE_Chen,M_RMSE_EKF_LE,M_RMSE_AFEKF,Pipe1_Standard,Pipe1_Chen,Pipe1_EKF_LE,Pipe1_AFEKF,Pipe5_Standard,Pipe5_Chen,Pipe5_EKF_LE,Pipe5_AFEKF
Full_Period,0.124780913808687,0.102085146282794,0.118922157736532,0.106317406289361,13.5738926890809,2.8110210137972,2.93399651250475,2.66197840671011,47.8033901100592,1.70368464318952,2.78319571388686,1.41802959739282,6.48058048133051,1.01553115559797,1.60425207647323,0.901267716741484
Normal_0to6h_18to24h,0.102797618665728,0.10282577101592,0.102799127567905,0.106578484077444,10.2768299218549,2.85775215229265,2.81716792254048,2.75797341907106,40.4524946310381,1.32482972748682,2.38986446637006,1.35435058739296,0.912199926169918,0.995054585769141,0.834710437920125,0.843692952756797
Leak_12to18h,0.159365762266456,0.100311378193192,0.145452203241444,0.105737419060783,18.3487638278619,2.73420527657492,3.15896010790541,2.47325262103345,59.3236858594567,2.28300547738774,3.42010780399112,1.55049989316589,11.0994321374311,1.07095105802196,2.50628569963824,1.00930676159615
