Period,P_RMSE_Standard,P_RMSE_Chen,P_RMSE_EKF_LE,P_RMSE_AFEKF,M_RMSE_Standard,M_RMSE_Chen,M_RMSE_EKF_LE,M_RMSE_AFEKF,Pipe1_Standard,Pipe1_Chen,Pipe1_EKF_LE,Pipe1_AFEKF,Pipe5_Standard,Pipe5_Chen,Pipe5_EKF_LE,Pipe5_AFEKF
Full_Period,1.20874593462432,0.103794475040514,0.109623048350871,0.108171395190458,14.493124825472,2.66246326045827,3.00491060702861,2.43635978749799,52.4686038153909,1.80092416488802,4.2742093886469,1.34228046246217,14.0497142784361,1.04563998773075,1.34305453622008,1.07220614192758
Normal_0to6h_18to24h,0.106033155465386,0.106327120003833,0.105240360428498,0.108947250893905,10.557214164923,2.68311079554747,2.62364780165746,2.56909953828738,42.2210963172952,1.41427737997909,2.70866819169637,1.40152143576044,0.834155909094255,0.938040712335823,0.79571240473786,0.808384797971239
Leak_12to18h,2.078559882066,0.0984505709907113,0.117673348103733,0.106679191192941,20.0433150762387,2.65495865577606,3.65967964940105,2.18330911393852,67.9497783162875,2.37918569016377,6.29642140496839,1.20309682154699,24.1934207759445,1.23238368716627,2.0251609659701,1.45564176202695
