Period,P_RMSE_Standard,P_RMSE_Chen,P_RMSE_EKF_LE,P_RMSE_AFEKF,M_RMSE_Standard,M_RMSE_Chen,M_RMSE_EKF_LE,M_RMSE_AFEKF,Pipe1_Standard,Pipe1_Chen,Pipe1_EKF_LE,Pipe1_AFEKF,Pipe5_Standard,Pipe5_Chen,Pipe5_EKF_LE,Pipe5_AFEKF
Full_Period,0.857451942038274,0.104648920058892,0.135692469097285,0.108197920384512,12.6691395852644,3.00152139820453,3.21691045821841,2.74472763508113,45.3457878234451,1.86852523031508,2.39272389419302,1.32947376723312,4.81778090968066,1.0962927764377,1.3703218643773,0.920670672333657
Normal_0to6h_18to24h,0.104386801547709,0.104507505747134,0.104353880032555,0.107981087193912,10.3835932812899,2.47837380117608,2.40115079797051,2.34478004728338,41.4639981425224,1.32134389368238,2.48446813716823,1.32547133655593,0.970093487773608,1.08710450094999,0.943860086800271,0.945591622612681
Leak_12to18h,1.47094699424268,0.104607442097499,0.182123887887941,0.108229150607225,16.1993013712752,3.9400567051823,4.49745172174022,3.52024273506016,51.7050827235831,2.68662278533301,2.23614263142524,1.44150223901509,8.19209378187291,1.09936173480198,1.95128668370189,0.859663799512746
