Period,P_RMSE_Standard,P_RMSE_Chen,P_RMSE_EKF_LE,P_RMSE_AFEKF,M_RMSE_Standard,M_RMSE_Chen,M_RMSE_EKF_LE,M_RMSE_AFEKF,Pipe1_Standard,Pipe1_Chen,Pipe1_EKF_LE,Pipe1_AFEKF,Pipe5_Standard,Pipe5_Chen,Pipe5_EKF_LE,Pipe5_AFEKF
Full_Period,0.712160247621363,0.107839974045792,0.114360134502187,0.108742535882252,13.2142097179027,2.99076916863434,3.19094226136575,2.66835257342522,48.8135269574772,2.20200563464366,3.25669011232988,1.05056958022661,12.2598935032829,1.22698035908837,2.86841342218288,1.36444326401851
Normal_0to6h_18to24h,0.107554941004439,0.107825851231463,0.106828299529724,0.11132136602077,9.63562510253839,2.72918397663466,2.69513152489154,2.60421941180337,38.008543065982,1.15434514521075,2.61025040830188,1.08647005181692,1.09624404798703,1.1829425725794,1.02273056482037,1.05363673163767
Leak_12to18h,1.21838688538502,0.107220479814615,0.12735361631719,0.102886109752423,18.2670507087381,3.48478525917462,4.01367734370612,2.86116800435852,64.7528079903133,3.44699794874147,4.24691899889334,1.02120397777739,21.0801653342877,1.32196325608173,4.7306792546013,1.82865043072534
