Period,P_RMSE_Standard,P_RMSE_Chen,P_RMSE_EKF_LE,P_RMSE_AFEKF,M_RMSE_Standard,M_RMSE_Chen,M_RMSE_EKF_LE,M_RMSE_AFEKF,Pipe1_Standard,Pipe1_Chen,Pipe1_EKF_LE,Pipe1_AFEKF,Pipe5_Standard,Pipe5_Chen,Pipe5_EKF_LE,Pipe5_AFEKF
Full_Period,0.275663314049992,0.106281517556207,0.160652855767768,0.109803766586172,14.2168320872536,3.07127839566654,3.45736549046145,2.88827203426101,53.1679510685154,2.21803307851104,3.80950417022796,1.50276323687454,10.9425710977618,1.06258879017614,1.46061618388967,1.13022697898966
Normal_0to6h_18to24h,0.105267926700819,0.105398706534033,0.104415493615868,0.108950330567307,10.6488222852185,2.91655058222187,2.86865017269524,2.8138027410198,42.4065035426291,1.40018960750896,2.83765063388789,1.3243351502276,0.867061994291356,0.973581859827814,0.830107848805218,0.837063108862639
Leak_12to18h,0.451925652163838,0.109126450788468,0.235460558230174,0.112802119197343,19.3397631025434,3.34042360864505,4.3762987498662,3.00682079685701,69.3206156506327,3.27145837874725,5.19910813900559,1.7903237946244,18.8255692202428,1.2211515003664,2.22976229747348,1.55080922989803
