Period,P_RMSE_Standard,P_RMSE_Chen,P_RMSE_EKF_LE,P_RMSE_AFEKF,M_RMSE_Standard,M_RMSE_Chen,M_RMSE_EKF_LE,M_RMSE_AFEKF,Pipe1_Standard,Pipe1_Chen,Pipe1_EKF_LE,Pipe1_AFEKF,Pipe5_Standard,Pipe5_Chen,Pipe5_EKF_LE,Pipe5_AFEKF
Full_Period,0.679820433976865,0.108415036120736,0.108767641622278,0.112264306637551,16.6814178541889,2.97981946816632,2.95616684734927,2.81835792162168,59.1713426880359,2.00495842718413,3.055161594539,1.59812850190316,7.02327891819497,1.10116841522062,2.26366071908281,1.00463254199886
Normal_0to6h_18to24h,0.108414439648356,0.108884321799362,0.108057816739983,0.111713867812036,10.3867790165625,2.79418990965245,2.73888695494441,2.6957329262543,41.3554050972141,1.59690738099752,2.57512304369041,1.5930134517184,1.07521734402778,1.07191021275159,0.886502629368354,0.950380902720922
Leak_12to18h,1.16201729970052,0.106758327756933,0.109393996398774,0.112582100812026,24.7261977735675,3.29828701869547,3.3255784513294,3.02553874174888,83.5819814723587,2.61682591487399,3.80529127352119,1.58624681691199,12.0123850987506,1.14338120745125,3.69763235513528,1.09293237830518
