Period,P_RMSE_Standard,P_RMSE_Chen,P_RMSE_EKF_LE,P_RMSE_AFEKF,M_RMSE_Standard,M_RMSE_Chen,M_RMSE_EKF_LE,M_RMSE_AFEKF,Pipe1_Standard,Pipe1_Chen,Pipe1_EKF_LE,Pipe1_AFEKF,Pipe5_Standard,Pipe5_Chen,Pipe5_EKF_LE,Pipe5_AFEKF
Full_Period,0.263423937376695,0.104957922985804,0.10626506031068,0.10795385365117,14.8516253958905,3.15517010513855,3.16533596942462,2.93744475748758,51.5178297726314,2.25391406298501,4.5859656493839,1.52086677426199,6.44487933337007,1.00531776737485,1.60123493089985,0.872973115357656
Normal_0to6h_18to24h,0.102211900708529,0.102570744307616,0.102058675030861,0.105655355065253,11.2289597402954,2.89097492531889,2.86821269066275,2.79222406042696,44.6418317962882,1.34139406787966,3.08244583120094,1.30788245235661,0.89231130978504,0.979561545539804,0.869007312881003,0.881359657190024
Leak_12to18h,0.431071190553943,0.110230766534309,0.114841288408983,0.113254486169874,20.089663418213,3.62045138932412,3.67641432207886,3.20029866892516,62.4727675472405,3.40523019986477,6.60290150113808,1.88438986494877,11.0408721645971,1.07058425227812,2.47667640270808,0.862125714714736
