Period,P_RMSE_Standard,P_RMSE_Chen,P_RMSE_EKF_LE,P_RMSE_AFEKF,M_RMSE_Standard,M_RMSE_Chen,M_RMSE_EKF_LE,M_RMSE_AFEKF,Pipe1_Standard,Pipe1_Chen,Pipe1_EKF_LE,Pipe1_AFEKF,Pipe5_Standard,Pipe5_Chen,Pipe5_EKF_LE,Pipe5_AFEKF
Full_Period,0.669942842605286,0.100667341549323,0.114516016889542,0.105772731967808,13.7091405670388,2.53434501373171,2.6605850590819,2.21605151285259,48.816479432098,1.88073744852428,3.61219142003776,1.6436677562349,12.6706798433485,1.15385286493792,2.28498519187536,0.996312792166957
Normal_0to6h_18to24h,0.0993097463038806,0.0998792196839485,0.098792712387453,0.102289046081635,10.4536089596616,2.40356533886919,2.34532582816114,2.26747739537336,41.9799186805958,1.89116423488584,3.06080883584289,1.79814027922343,0.932475648700686,1.02286306205243,0.885378428986623,0.904545934990859
Leak_12to18h,1.14646334261791,0.101301126551885,0.139859622108337,0.11153320903125,18.4419533442984,2.76558682055016,3.17771378023484,2.09111729413561,59.6517845826641,1.83623324249351,4.47831708457752,1.25518924747528,21.8048613954616,1.37573802372629,3.73590005037537,1.15041764972742
