Period,P_RMSE_Standard,P_RMSE_Chen,P_RMSE_EKF_LE,P_RMSE_AFEKF,M_RMSE_Standard,M_RMSE_Chen,M_RMSE_EKF_LE,M_RMSE_AFEKF,Pipe1_Standard,Pipe1_Chen,Pipe1_EKF_LE,Pipe1_AFEKF,Pipe5_Standard,Pipe5_Chen,Pipe5_EKF_LE,Pipe5_AFEKF
Full_Period,0.687673715966927,0.105028754206444,0.166825694904256,0.108112179675751,13.6091238862777,3.01957158625108,3.56391670359946,2.81702226903306,50.2073044221155,2.2572864143849,3.80541835738576,1.63040348366513,11.4366288325713,1.01293220604385,1.8814720208394,1.130069472393
Normal_0to6h_18to24h,0.103994136129001,0.104395598110048,0.103896830930251,0.107600271760105,10.1885349177818,2.61512526804957,2.55057005793117,2.50450637430488,40.6760780176365,1.79260275410878,2.89857639409372,1.74596588014738,0.831358570131951,0.869213126419328,0.737217578659797,0.756777063688448
Leak_12to18h,1.17654898878714,0.106495654424171,0.247961258683004,0.109656543973001,18.5279713666079,3.72875317079681,5.01516047293102,3.38464181185466,64.6790750863626,2.98182092069478,5.14010770413913,1.40595264765874,19.6834338461128,1.2777036680096,3.07834518343041,1.64443047784242
