Period,P_RMSE_Standard,P_RMSE_Chen,P_RMSE_EKF_LE,P_RMSE_AFEKF,M_RMSE_Standard,M_RMSE_Chen,M_RMSE_EKF_LE,M_RMSE_AFEKF,Pipe1_Standard,Pipe1_Chen,Pipe1_EKF_LE,Pipe1_AFEKF,Pipe5_Standard,Pipe5_Chen,Pipe5_EKF_LE,Pipe5_AFEKF
Full_Period,0.657629455352987,0.104422903731502,0.138846513384709,0.108039810426986,15.6917324428281,3.65071153965191,3.78315052480343,3.52571556845373,57.4397751867155,2.41342374695006,4.76730640935254,1.94931817135092,13.4973516367541,1.167280690934,0.954379480508981,1.09816048886707
Normal_0to6h_18to24h,0.102992176175573,0.103205281944256,0.102934130346858,0.106406298301809,10.1874562191562,3.61021906555892,3.54412468792195,3.52765194643298,39.446476799329,2.1385945219044,2.80577244762102,2.1472608174349,1.10365995279311,1.18156117296891,1.01668570205378,1.01970496621688
Leak_12to18h,1.12445366189581,0.106357760450714,0.190532453385584,0.110865655884208,22.8999861284101,3.70486757897129,4.18826902266977,3.49064299670066,81.8211871615743,2.93115493022706,7.22784956050887,1.58179354692595,23.2175578510966,1.13882324135415,0.807422541145883,1.23225983243238
