Period,P_RMSE_Standard,P_RMSE_Chen,P_RMSE_EKF_LE,P_RMSE_AFEKF,M_RMSE_Standard,M_RMSE_Chen,M_RMSE_EKF_LE,M_RMSE_AFEKF,Pipe1_Standard,Pipe1_Chen,Pipe1_EKF_LE,Pipe1_AFEKF,Pipe5_Standard,Pipe5_Chen,Pipe5_EKF_LE,Pipe5_AFEKF
Full_Period,0.44875526370765,0.101959051392547,0.111782488986996,0.108925992841539,13.8249940748136,2.63221391898052,2.81274181009555,2.35257086530023,44.7263848354694,1.9128605393281,2.75368733085352,1.5158513667535,10.6020076581146,1.02596827613647,2.01914600446495,0.865575536547818
Normal_0to6h_18to24h,0.103258893870814,0.103747141266141,0.103193764857682,0.106944433594004,10.4341082475196,2.60908858841678,2.54126478511879,2.49364282257515,41.8913425498029,1.52891850401175,2.73365841276043,1.51266433914299,0.90049884780217,0.960332585688609,0.81655917554225,0.823157159962201
Leak_12to18h,0.759905689344801,0.0979986185914043,0.12675492491059,0.112429881821783,18.7185296425819,2.65833848760456,3.26195928647548,2.01411053769545,49.3565117681565,2.50043602493027,2.7645008438815,1.51998479497516,18.2336464299556,1.13328693190527,3.28491632466526,0.93654354555345
