Period,P_RMSE_Standard,P_RMSE_Chen,P_RMSE_EKF_LE,P_RMSE_AFEKF,M_RMSE_Standard,M_RMSE_Chen,M_RMSE_EKF_LE,M_RMSE_AFEKF,Pipe1_Standard,Pipe1_Chen,Pipe1_EKF_LE,Pipe1_AFEKF,Pipe5_Standard,Pipe5_Chen,Pipe5_EKF_LE,Pipe5_AFEKF
Full_Period,1.12020689932691,0.104588331924974,0.104351771345397,0.10714293842789,15.7077317768115,2.72903824191582,2.6832222428009,2.44593289507442,52.7369134957018,1.80782824478099,2.35844867286268,1.64289301553764,10.777324460175,1.13505606942547,1.81351271614046,0.887260360677045
Normal_0to6h_18to24h,0.102404789195644,0.102979049172317,0.101949849009943,0.105895799185027,9.32067961339594,2.68052737155517,2.57476466243196,2.54757812875842,36.4981163221862,1.58544319824594,2.17918384197183,1.62027416197457,0.970572286393398,1.01143371393064,0.832974449219067,0.852004200264751
Leak_12to18h,1.92589546732161,0.107891045562008,0.109008895628808,0.1096683236959,23.6572112571569,2.80744498487122,2.86543956876214,2.20696470247906,74.847790062455,2.19290670361076,2.67511792300037,1.70156393364982,18.5295218582793,1.33572174186372,2.89746559099768,0.94476396369129
