Period,P_RMSE_Standard,P_RMSE_Chen,P_RMSE_EKF_LE,P_RMSE_AFEKF,M_RMSE_Standard,M_RMSE_Chen,M_RMSE_EKF_LE,M_RMSE_AFEKF,Pipe1_Standard,Pipe1_Chen,Pipe1_EKF_LE,Pipe1_AFEKF,Pipe5_Standard,Pipe5_Chen,Pipe5_EKF_LE,Pipe5_AFEKF
Full_Period,0.151757684885646,0.104607191526404,0.115668200814707,0.109613433625072,13.3018548143553,2.46814128840033,2.78819404421561,2.14728650177038,50.0881345874016,1.68329017552553,3.73962888848864,1.19348368603856,4.19815624454186,1.12216912225948,2.24386037141113,1.08534085673962
Normal_0to6h_18to24h,0.107065480825356,0.107738803362086,0.10696689550872,0.110800482589699,11.1043492744147,2.16228547301424,2.1042029130831,2.01035807350591,44.8719916474212,1.25147133434016,2.94961160308752,1.16288664793726,1.01216977345567,1.08484223264792,0.941528885913512,0.973539170408273
Leak_12to18h,0.214154922314856,0.0983135413492852,0.131195630220538,0.107321250209287,16.7241554193786,3.03258119461104,3.83029512561054,2.45595527019752,58.5661562845148,2.34460766428295,4.93546814009013,1.31963293654284,7.09485506089532,1.18308287871649,3.63250856271907,1.26745047818799
