Period,P_RMSE_Standard,P_RMSE_Chen,P_RMSE_EKF_LE,P_RMSE_AFEKF,M_RMSE_Standard,M_RMSE_Chen,M_RMSE_EKF_LE,M_RMSE_AFEKF,Pipe1_Standard,Pipe1_Chen,Pipe1_EKF_LE,Pipe1_AFEKF,Pipe5_Standard,Pipe5_Chen,Pipe5_EKF_LE,Pipe5_AFEKF
Full_Period,0.978293274153323,0.106840824967363,0.113160626486306,0.111441670427281,17.8942634304739,3.17304560239281,3.47273487962617,2.99587525094463,65.1823519128248,2.59732476353005,4.72085459319667,2.06614552736243,10.3987580949111,1.13981433536621,1.81092581815476,1.03943792193757
Normal_0to6h_18to24h,0.107348676079456,0.107794615912216,0.107174241060693,0.110935511340368,10.475289066785,2.979648501571,2.94120654740333,2.87712341381369,41.3336698153901,2.18855833352116,3.21674552885442,2.17488587012764,1.01431679012105,1.14483096900784,0.965569946388112,1.00459532811499
Leak_12to18h,1.67981092267148,0.104427846177552,0.123742912814218,0.112188876587455,27.0711027008565,3.57854895101661,4.37303367674894,3.27227693492699,95.9759194473183,3.25558058660402,6.7587465923126,1.83328842319427,17.8705919901624,1.12807101896398,2.80883285904956,1.09840785146276
