Period,P_RMSE_Standard,P_RMSE_Chen,P_RMSE_EKF_LE,P_RMSE_AFEKF,M_RMSE_Standard,M_RMSE_Chen,M_RMSE_EKF_LE,M_RMSE_AFEKF,Pipe1_Standard,Pipe1_Chen,Pipe1_EKF_LE,Pipe1_AFEKF,Pipe5_Standard,Pipe5_Chen,Pipe5_EKF_LE,Pipe5_AFEKF
Full_Period,0.437949462589544,0.103147999016356,0.114130271544498,0.10816449114878,14.8365971330843,2.56240280098683,2.7405669552424,2.33604315143226,56.0419702927986,1.84405883467931,2.77156030937885,1.29780346577399,11.8365382452618,1.0665247610702,1.62578553628366,1.20190274237353
Normal_0to6h_18to24h,0.102300899629314,0.10230395281371,0.101578293134234,0.105693716304819,10.4603195569622,1.95862368499549,1.89914685440907,1.80830524090582,42.006637213944,1.26306054257939,2.57688229118822,1.2464396606353,0.969633699760732,1.09171622877084,0.918290872350046,0.906717261614087
Leak_12to18h,0.74135282818323,0.105473090148135,0.136182306754202,0.114092363817281,20.8715614155713,3.4769261589706,3.9126669154468,3.14295493771726,76.1957051122709,2.63633745306725,3.09568427577214,1.38968214051888,20.3611395442272,1.02847417968207,2.49037856529189,1.6364720399665
