Period,P_RMSE_Standard,P_RMSE_Chen,P_RMSE_EKF_LE,P_RMSE_AFEKF,M_RMSE_Standard,M_RMSE_Chen,M_RMSE_EKF_LE,M_RMSE_AFEKF,Pipe1_Standard,Pipe1_Chen,Pipe1_EKF_LE,Pipe1_AFEKF,Pipe5_Standard,Pipe5_Chen,Pipe5_EKF_LE,Pipe5_AFEKF
Full_Period,0.191568479383074,0.104154969251795,0.107288971016122,0.107263239710855,14.2588214247902,2.7232894777646,2.91377314308595,2.40105049726635,49.7856550163006,2.42044763161181,3.21717123678626,1.66978404541911,3.87083534401338,1.05273676688421,0.87550082913592,0.870289352880332
Normal_0to6h_18to24h,0.103504315220225,0.103997877531657,0.103308838431004,0.107086896695792,10.729568469358,2.61127524380465,2.54121639616944,2.48762315133744,42.857433898011,1.82201005805528,2.88067512308666,1.81894648923372,0.967255124039598,1.06850514805795,0.923316012050153,0.947062485568918
Leak_12to18h,0.296645857337717,0.104768788448744,0.114942553576706,0.107853432189037,19.3439139799249,2.93184832444193,3.52965892455971,2.21313163346379,60.7742957541502,3.28966487510077,3.76995941619975,1.31064842977844,6.53374171646347,1.02992411836313,0.765086388191459,0.688342966006425
