Period,P_RMSE_Standard,P_RMSE_Chen,P_RMSE_EKF_LE,P_RMSE_AFEKF,M_RMSE_Standard,M_RMSE_Chen,M_RMSE_EKF_LE,M_RMSE_AFEKF,Pipe1_Standard,Pipe1_Chen,Pipe1_EKF_LE,Pipe1_AFEKF,Pipe5_Standard,Pipe5_Chen,Pipe5_EKF_LE,Pipe5_AFEKF
Full_Period,1.15515780243957,0.106020470596079,0.111039893315161,0.107709475518169,18.2486127580496,2.63857951378057,2.82038794860646,2.36334543387854,66.8875102495013,2.01721496532499,3.98407383198273,1.29884389880751,6.44830908233543,1.14260540010514,1.36331009924346,1.3671793408123
Normal_0to6h_18to24h,0.103467660465083,0.103765049808072,0.10339801160466,0.10684871781967,9.85129303781903,2.08366821866427,1.98858459132903,1.94291854774428,39.8554219854408,1.21651301627878,2.1535036485241,1.2205007728497,1.0645653379068,1.17106090055829,1.02438357721967,1.02615763294736
Leak_12to18h,1.98624529661982,0.111198136918279,0.12544109366587,0.11031645437287,28.2106706028745,3.49434483983576,3.98644794163821,3.03380151213332,100.602082819558,3.04703197234039,6.1691858915163,1.4764541242157,11.0149645305161,1.075878144326,1.85242493345598,1.85886261874282
