Period,P_RMSE_Standard,P_RMSE_Chen,P_RMSE_EKF_LE,P_RMSE_AFEKF,M_RMSE_Standard,M_RMSE_Chen,M_RMSE_EKF_LE,M_RMSE_AFEKF,Pipe1_Standard,Pipe1_Chen,Pipe1_EKF_LE,Pipe1_AFEKF,Pipe5_Standard,Pipe5_Chen,Pipe5_EKF_LE,Pipe5_AFEKF
Full_Period,0.160563952767072,0.101593664949775,0.110271588508952,0.105365667118906,13.6167714497978,3.08173713203155,3.24539547748333,2.87463403232727,48.3681391049768,1.74710072093705,3.46910145670818,1.64336802624156,13.4573187137189,1.00834823779152,1.0139318131377,0.858398575693927
Normal_0to6h_18to24h,0.100712953762019,0.100968081564895,0.0990740155369878,0.103139590539353,10.9015542848493,2.78882308213205,2.7429069872592,2.67895782414507,43.3268719359402,1.61639530086428,2.96893557430623,1.61324708618653,0.957274853479992,1.05834682801634,0.89770449705692,0.926112950449683
Leak_12to18h,0.237974182265521,0.102844151717106,0.129422049388478,0.109743503410887,17.7070279695685,3.58542114643508,4.04792161482306,3.21477393693792,56.5608819677073,1.99343461417449,4.27521729527142,1.71680799755575,23.1611855589508,0.894917634626526,1.20165367198637,0.691565688612511
