Period,P_RMSE_Standard,P_RMSE_Chen,P_RMSE_EKF_LE,P_RMSE_AFEKF,M_RMSE_Standard,M_RMSE_Chen,M_RMSE_EKF_LE,M_RMSE_AFEKF,Pipe1_Standard,Pipe1_Chen,Pipe1_EKF_LE,Pipe1_AFEKF,Pipe5_Standard,Pipe5_Chen,Pipe5_EKF_LE,Pipe5_AFEKF
Full_Period,0.900088510067033,0.105706803867724,0.114012453541204,0.108143034432845,15.6231527772354,3.2047325026455,3.4271225091364,2.94919447718918,59.7866527960619,2.24345402730398,4.34378196256102,1.53804109238295,11.7390417875258,1.07360633097036,2.31528904938101,0.914716727329134
Normal_0to6h_18to24h,0.104319720777612,0.104648162859344,0.104171977255368,0.107516982819526,10.1054048500795,2.85291014777461,2.7915774980925,2.73909408649343,39.9708673453448,1.51335636916822,2.59201049863703,1.48414973039364,0.852394159707858,0.979572650904871,0.809236794612411,0.82493691882994
Leak_12to18h,1.54477825856317,0.106947800946821,0.13063021549281,0.108598333622156,22.8310116870136,3.78504321280604,4.39859413111032,3.29693453052212,86.189927168821,3.22209778491377,6.53051046953274,1.62107028149731,20.2026128599851,1.23800640108875,3.82477292277267,1.06460577655667
