Period,P_RMSE_Standard,P_RMSE_Chen,P_RMSE_EKF_LE,P_RMSE_AFEKF,M_RMSE_Standard,M_RMSE_Chen,M_RMSE_EKF_LE,M_RMSE_AFEKF,Pipe1_Standard,Pipe1_Chen,Pipe1_EKF_LE,Pipe1_AFEKF,Pipe5_Standard,Pipe5_Chen,Pipe5_EKF_LE,Pipe5_AFEKF
Full_Period,0.848265408173597,0.103595058943985,0.109998242736458,0.107113616792415,15.4635732369555,2.63341145468918,2.75342126946203,2.37813887947602,53.1425147791709,1.73035082798189,2.55633221269348,1.44232703826963,13.3328296315103,1.04791389637308,0.961179164475785,1.1167671049825
Normal_0to6h_18to24h,0.104579440959923,0.10486555521991,0.104481957974738,0.107937488549817,10.3128012999752,2.44029814778925,2.379393482826,2.32204249308258,41.1993116957282,1.28511782527392,2.31328107328303,1.31181537333298,0.809146148284485,0.911812799562686,0.742205768023952,0.768067459479733
Leak_12to18h,1.45498025982247,0.100329319419223,0.11956838965707,0.104799923402244,22.3182811656576,2.97237737042763,3.36158925746784,2.47288293060308,70.7048045225296,2.36621894443844,2.95343172719598,1.6566526639039,22.9579710894516,1.28167273562955,1.28722187252908,1.59586091385928
