Period,P_RMSE_Standard,P_RMSE_Chen,P_RMSE_EKF_LE,P_RMSE_AFEKF,M_RMSE_Standard,M_RMSE_Chen,M_RMSE_EKF_LE,M_RMSE_AFEKF,Pipe1_Standard,Pipe1_Chen,Pipe1_EKF_LE,Pipe1_AFEKF,Pipe5_Standard,Pipe5_Chen,Pipe5_EKF_LE,Pipe5_AFEKF
Full_Period,0.928195297120981,0.104375497775103,0.107386313382157,0.109617584263514,14.386533184332,2.77363365027339,3.07112820860188,2.63932431103666,49.0689001011086,1.53657112489161,4.31521278913612,1.27665219164455,10.963492932028,1.08968883207408,2.49034403120717,0.987448531606389
Normal_0to6h_18to24h,0.105847506317294,0.106411287201836,0.105260795161169,0.109362550403478,10.6598741031332,2.25376339898605,2.17964110849006,2.1198178660706,43.145035706981,1.27647640902295,2.53828665363861,1.2585370892507,1.08188923142977,1.08942399872267,0.967732120992332,0.95627614678582
Leak_12to18h,1.59331773264593,0.100468648637666,0.111693647699216,0.11037924517637,19.7124437618278,3.66335877456318,4.38318567684244,3.52091981102149,58.5975438416983,2.00661695032979,6.53661385054116,1.39354934822369,18.8391936655773,1.07538495389516,4.06948305734367,1.0347688007687
