Period,P_RMSE_Standard,P_RMSE_Chen,P_RMSE_EKF_LE,P_RMSE_AFEKF,M_RMSE_Standard,M_RMSE_Chen,M_RMSE_EKF_LE,M_RMSE_AFEKF,Pipe1_Standard,Pipe1_Chen,Pipe1_EKF_LE,Pipe1_AFEKF,Pipe5_Standard,Pipe5_Chen,Pipe5_EKF_LE,Pipe5_AFEKF
Full_Period,0.991673537344156,0.104142143290237,0.114740930309258,0.109307726262656,18.0360047382989,2.66643986849213,2.85286999115503,2.37599549662843,64.0456649514188,1.82464820287998,2.86561414899168,1.24766220966088,9.61833899508353,0.991792560375801,1.47379138022479,0.808765542723818
Normal_0to6h_18to24h,0.105157506357557,0.105267267032271,0.105123509927326,0.108933579408742,10.2550615269251,2.63556414409448,2.59368139467493,2.54498581249665,40.8239484018532,1.21521964754212,2.36559645933541,1.24050387030987,0.838134289110484,0.909846023785263,0.767225926880031,0.782319464110952
Leak_12to18h,1.70323605122582,0.101288403031379,0.131272179931736,0.109705212004356,27.5069431531422,2.72358594890633,3.29265883366395,1.98265863801068,94.1197559224264,2.65735290844612,3.65214795439416,1.29019789900665,16.5407517077093,1.15277669400207,2.30174654398369,0.86383481183918
