Period,P_RMSE_Standard,P_RMSE_Chen,P_RMSE_EKF_LE,P_RMSE_AFEKF,M_RMSE_Standard,M_RMSE_Chen,M_RMSE_EKF_LE,M_RMSE_AFEKF,Pipe1_Standard,Pipe1_Chen,Pipe1_EKF_LE,Pipe1_AFEKF,Pipe5_Standard,Pipe5_Chen,Pipe5_EKF_LE,Pipe5_AFEKF
Full_Period,0.150700867713446,0.103742937747549,0.103648802159225,0.106765308679668,13.0998682538544,3.06255921927346,3.03639500839535,2.89769347700525,46.9084390061099,2.02973795751968,2.17877723906781,1.60341973501245,6.62050865564621,1.10971421251652,1.7235541878661,1.02402594892675
Normal_0to6h_18to24h,0.103300101588779,0.103937862644821,0.102466981740635,0.106664408330761,10.2866951391075,2.66666541538201,2.57564492834277,2.54767118584585,41.0651942747249,1.49984072312545,2.30017338076087,1.53241517765691,1.03396392202219,1.11522422551846,0.97023706840434,0.99570612034921
Leak_12to18h,0.215504751137844,0.10327003665872,0.105916240960089,0.106953067051882,17.2803253670882,3.72592209566337,3.78523516467273,3.48783416127324,56.2798982632071,2.79087197692731,1.88915722525479,1.72841073247887,11.3198133215528,1.08353112938708,2.63652991296173,1.06556449349444
