Period,P_RMSE_Standard,P_RMSE_Chen,P_RMSE_EKF_LE,P_RMSE_AFEKF,M_RMSE_Standard,M_RMSE_Chen,M_RMSE_EKF_LE,M_RMSE_AFEKF,Pipe1_Standard,Pipe1_Chen,Pipe1_EKF_LE,Pipe1_AFEKF,Pipe5_Standard,Pipe5_Chen,Pipe5_EKF_LE,Pipe5_AFEKF
Full_Period,0.122537276855822,0.10106698535919,0.114445474502518,0.106267530502437,13.5987034892458,2.4790446601669,2.68303384107691,2.21679040399515,48.6077621797149,1.76886411920791,3.09393403860278,1.48768907668148,9.6054135504496,1.08252154825424,1.43088779260967,1.19172523164219
Normal_0to6h_18to24h,0.10403034601405,0.104245621537847,0.103961307264574,0.107396331214292,10.2667018530258,2.11814234645001,2.06536258756962,1.99813202973594,41.3758895993525,1.27945486894509,2.4708527584886,1.27488708164965,0.942480768353961,1.04359951883437,0.882704422363157,0.901150463882904
Leak_12to18h,0.152473074525918,0.0943191115599853,0.13259024923298,0.103964466361577,18.4132617232293,3.09301164372237,3.61714125636807,2.61543958371946,59.989087328841,2.47676829294903,4.04354315167517,1.85364367599192,16.5080351486598,1.18770113774883,2.13940779667634,1.62940067200669
