Period,P_RMSE_Standard,P_RMSE_Chen,P_RMSE_EKF_LE,P_RMSE_AFEKF,M_RMSE_Standard,M_RMSE_Chen,M_RMSE_EKF_LE,M_RMSE_AFEKF,Pipe1_Standard,Pipe1_Chen,Pipe1_EKF_LE,Pipe1_AFEKF,Pipe5_Standard,Pipe5_Chen,Pipe5_EKF_LE,Pipe5_AFEKF
Full_Period,2.14224589542897,0.1045326095388,0.117584280153965,0.108223780240625,15.8299248055331,2.63262803430853,2.97663511636727,2.34278682274163,56.7322935871565,1.67573596837449,3.60148914461787,1.33084147058658,9.76870762094667,1.10262502166235,1.8686475124458,0.969841726760966
Normal_0to6h_18to24h,0.104686897614866,0.105397217050928,0.104400341553947,0.108250040662944,10.7022848995259,2.5374899882026,2.46601430659179,2.40762718756577,42.8778843035287,1.35542834452076,2.67595202716564,1.29727021761055,0.941634150674934,1.07956786610272,0.913618876982659,0.936625348384852
Leak_12to18h,3.69034450862837,0.10329234276366,0.140268917042396,0.108657079718794,22.7100113554313,2.79210372594448,3.76761878479157,2.17779838202704,76.7419290738594,2.18270056621597,4.93157429884975,1.40887213173534,16.7886738532785,1.13524425272346,2.95113033732372,1.02042936118051
