Period,P_RMSE_Standard,P_RMSE_Chen,P_RMSE_EKF_LE,P_RMSE_AFEKF,M_RMSE_Standard,M_RMSE_Chen,M_RMSE_EKF_LE,M_RMSE_AFEKF,Pipe1_Standard,Pipe1_Chen,Pipe1_EKF_LE,Pipe1_AFEKF,Pipe5_Standard,Pipe5_Chen,Pipe5_EKF_LE,Pipe5_AFEKF
Full_Period,0.731175853785387,0.103810640302757,0.159236388370403,0.106599298262017,16.4639144419435,2.87778734259777,3.53135183182793,2.5984018607147,58.7102487570943,1.95844283329769,6.12029776321759,1.25203092660832,19.198925547936,1.13130443567864,1.47524561025583,0.959829729058864
Normal_0to6h_18to24h,0.104731205936332,0.104987259333307,0.104439299499041,0.107880408764926,10.2531614390714,2.83393625764738,2.76564608320076,2.72621512099188,40.6591315124388,1.32224199134056,2.44722464683882,1.29961700597653,1.02206448241914,1.09102053554957,0.867582877107119,0.938134133800748
Leak_12to18h,1.25193198488464,0.101201705326334,0.232003790512196,0.103890569190895,24.4023374565805,2.94712515842574,4.67363720641937,2.29765409985487,83.2982833658967,2.81141980953689,9.96776243946659,1.1323539156052,33.0684508743741,1.2311006623467,2.23382727053825,1.01576364184169
