Period,P_RMSE_Standard,P_RMSE_Chen,P_RMSE_EKF_LE,P_RMSE_AFEKF,M_RMSE_Standard,M_RMSE_Chen,M_RMSE_EKF_LE,M_RMSE_AFEKF,Pipe1_Standard,Pipe1_Chen,Pipe1_EKF_LE,Pipe1_AFEKF,Pipe5_Standard,Pipe5_Chen,Pipe5_EKF_LE,Pipe5_AFEKF
Full_Period,0.640705896370061,0.103202779319529,0.111858039561063,0.107050639003158,16.2263797449503,2.95987351620528,3.17073588201303,2.69189269781765,60.8116469277451,2.02067292219039,5.01058300050094,1.6757855370253,13.3944608492088,1.10472801792638,0.991059284498195,0.905265755796662
Normal_0to6h_18to24h,0.104433653744075,0.104567887314399,0.104429829632631,0.108038786570273,11.3745800687006,2.92013378732195,2.8581736795223,2.8139531896343,44.9446381534538,1.78816666670884,2.74937508717091,1.81135283916441,1.02226916600945,1.15301679180154,0.966035337327043,0.993240629149868
Leak_12to18h,1.09482385290478,0.100694468908516,0.125368189855638,0.105478550362011,22.887757631426,3.01300188235132,3.68512182502472,2.39571229924973,83.3750908099774,2.39622517938047,7.71381682993134,1.33635856830506,23.0478616314779,1.02110292564228,1.0391017177328,0.705944610594689
