Period,P_RMSE_Standard,P_RMSE_Chen,P_RMSE_EKF_LE,P_RMSE_AFEKF,M_RMSE_Standard,M_RMSE_Chen,M_RMSE_EKF_LE,M_RMSE_AFEKF,Pipe1_Standard,Pipe1_Chen,Pipe1_EKF_LE,Pipe1_AFEKF,Pipe5_Standard,Pipe5_Chen,Pipe5_EKF_LE,Pipe5_AFEKF
Full_Period,0.770356345218034,0.104592722588037,0.112628594918645,0.109312548160557,15.2542439070069,2.69401139400977,2.82220537758225,2.44433908153144,53.1905716832279,1.68461252955601,2.68077320832361,1.63244836205628,19.164499286208,1.17444265466752,1.75253238004393,0.962872121022063
Normal_0to6h_18to24h,0.105538987131362,0.105522958764623,0.105289812398313,0.10918314773651,10.0492035578564,2.24865894778545,2.15227497099906,2.11003328534271,40.5957745450619,1.42375677690067,2.31407195348237,1.42989922621834,0.94038155219304,1.06206594589683,0.862456623066183,0.900434404338574
Leak_12to18h,1.31978003965736,0.102391070028328,0.125573476666682,0.10930531809869,22.1334181976256,3.42905935600221,3.82778145535802,3.01674089408442,71.5059706480278,2.09681505249128,3.26569091826184,1.96164757880038,33.0134014758082,1.37257709977518,2.76576311587756,1.07278739800246
