Period,P_RMSE_Standard,P_RMSE_Chen,P_RMSE_EKF_LE,P_RMSE_AFEKF,M_RMSE_Standard,M_RMSE_Chen,M_RMSE_EKF_LE,M_RMSE_AFEKF,Pipe1_Standard,Pipe1_Chen,Pipe1_EKF_LE,Pipe1_AFEKF,Pipe5_Standard,Pipe5_Chen,Pipe5_EKF_LE,Pipe5_AFEKF
Full_Period,0.352718608024363,0.105441686520729,0.10760796953911,0.109387828819569,14.5577761056828,3.08224935487539,3.06721263188832,2.96816717294261,51.9128001935647,2.38783358804062,3.33548705010873,1.740060397606,5.5753774948098,1.05281299721816,1.06127586395551,1.99781271501648
Normal_0to6h_18to24h,0.104799144245581,0.10505828045199,0.104418782342376,0.108298507953487,11.3584396146288,2.77868815858228,2.73165663630771,2.68313604959975,45.0555890641556,1.77223937804903,2.78940646094297,1.79201858329756,0.883801283073971,0.931049070152304,0.80176049184298,0.793821445924044
Leak_12to18h,0.590160303546241,0.10687891350947,0.114446748938583,0.112383053132542,19.318693603014,3.76719542562873,3.79127852094963,3.62269417295132,62.8485878180706,3.2657722983361,4.1840011433575,1.60520478566152,9.53228705065047,1.27247507180253,1.44738262689696,3.26084383384713
