Period,P_RMSE_Standard,P_RMSE_Chen,P_RMSE_EKF_LE,P_RMSE_AFEKF,M_RMSE_Standard,M_RMSE_Chen,M_RMSE_EKF_LE,M_RMSE_AFEKF,Pipe1_Standard,Pipe1_Chen,Pipe1_EKF_LE,Pipe1_AFEKF,Pipe5_Standard,Pipe5_Chen,Pipe5_EKF_LE,Pipe5_AFEKF
Full_Period,0.776756373942145,0.101553534419607,0.124542438332703,0.107854367653514,13.1664871235775,2.64277311893017,2.89882524426708,2.3411355321067,49.6711845335706,1.98320066370033,2.61842749341889,1.40224573727045,4.48547986321188,0.990272584222387,0.83728738612569,0.85506523859984
Normal_0to6h_18to24h,0.102854529720621,0.103166832301552,0.102238937904096,0.106588050404021,10.4587336318019,2.15967175258414,2.09457791283725,2.02641365233678,42.0258334166715,1.27446228078966,2.41317513875176,1.30391716508387,0.827465790646575,0.966309557606408,0.8296626296799,0.805231391148866
Leak_12to18h,1.3313676099876,0.0989016029446163,0.160002390046595,0.110979693996634,17.2221834235841,3.40496661224455,4.03995355187004,2.86306094407744,61.6514749149318,2.92216518327617,2.97160543965211,1.59373061075608,7.64397693285062,1.02509555663616,0.840867816788758,0.936716149134512
