Period,P_RMSE_Standard,P_RMSE_Chen,P_RMSE_EKF_LE,P_RMSE_AFEKF,M_RMSE_Standard,M_RMSE_Chen,M_RMSE_EKF_LE,M_RMSE_AFEKF,Pipe1_Standard,Pipe1_Chen,Pipe1_EKF_LE,Pipe1_AFEKF,Pipe5_Standard,Pipe5_Chen,Pipe5_EKF_LE,Pipe5_AFEKF
Full_Period,0.72045371548969,0.104865766356667,0.105717788614057,0.107562141163826,14.1168840274481,2.51225968251881,2.7443630658606,2.40941759223312,52.2570617193041,1.66241929176233,2.94556746615917,1.52132268480775,3.49092585555424,1.00664862498429,2.07657854203597,1.59873901199599
Normal_0to6h_18to24h,0.105533141546096,0.106042033598262,0.105402473230293,0.109061009327795,10.2498803296775,2.23952675951368,2.18486502825603,2.11007404358129,41.2665672606765,1.52058050237432,2.80414301177,1.51407093056325,0.941105065878909,0.938687010498953,0.811566445796941,0.809288628284791
Leak_12to18h,1.23312514187075,0.101659556989915,0.105478159540391,0.10368210086971,19.5581753815767,3.01633505127715,3.62689409208758,2.94428428823254,68.6345053903928,1.89711932816784,3.17361955046405,1.51825797296285,5.8715146213651,1.1375214259195,3.39408625126137,2.51178242182636
