Period,P_RMSE_Standard,P_RMSE_Chen,P_RMSE_EKF_LE,P_RMSE_AFEKF,M_RMSE_Standard,M_RMSE_Chen,M_RMSE_EKF_LE,M_RMSE_AFEKF,Pipe1_Standard,Pipe1_Chen,Pipe1_EKF_LE,Pipe1_AFEKF,Pipe5_Standard,Pipe5_Chen,Pipe5_EKF_LE,Pipe5_AFEKF
Full_Period,0.664445818527619,0.103597785002879,0.118419900408719,0.10637384857373,15.007334306291,3.30883842824774,3.60729346247828,3.15931067412441,52.2216091796272,2.17873738392398,4.44172725078322,1.66407141385409,10.5827148793126,1.07681241706556,2.25937377102096,1.01965805208145
Normal_0to6h_18to24h,0.0995987018776432,0.100139108996527,0.099398850799073,0.103320594903902,11.0893791916918,3.18376735828161,3.11377501298353,3.06949399002213,43.6066234578584,1.73390092422608,2.75901764155932,1.74718061004342,0.88168711412709,1.07967804897294,0.855800319415115,0.85001763734769
Leak_12to18h,1.13692988984131,0.110042417188732,0.148888141981074,0.11205397360122,20.5783293269953,3.51277460261825,4.39280218002214,3.29165822712498,65.5933788464453,2.85024002901422,6.59109943682298,1.46780477160749,18.2034476154811,1.0991989380681,3.70813069344573,1.29926486850549
