Period,P_RMSE_Standard,P_RMSE_Chen,P_RMSE_EKF_LE,P_RMSE_AFEKF,M_RMSE_Standard,M_RMSE_Chen,M_RMSE_EKF_LE,M_RMSE_AFEKF,Pipe1_Standard,Pipe1_Chen,Pipe1_EKF_LE,Pipe1_AFEKF,Pipe5_Standard,Pipe5_Chen,Pipe5_EKF_LE,Pipe5_AFEKF
Full_Period,0.539431340698053,0.103079635421659,0.137202703702531,0.106600001592812,15.5843320311068,2.23623757355823,3.12486573210707,1.87961932483374,57.9386585889011,1.6943478236075,7.48013455234891,1.12844420629713,13.4568556010035,0.987373487276177,0.792516109676646,0.740515099027008
Normal_0to6h_18to24h,0.101953623835653,0.102456555470323,0.100061376236189,0.10503299581167,10.4768086594378,1.88841619970528,1.79408177677986,1.70911821610117,42.454515037639,1.18751133510868,2.57038600114492,1.13804378453272,1.01143734181324,1.03183618923001,0.793675641125448,0.802390973284276
Leak_12to18h,0.918842044339234,0.103759843289588,0.190017361908572,0.109170870892943,22.4136169382383,2.7952689460489,4.75524867462903,2.16482120883353,79.8296800347533,2.41811096004262,12.3786574809532,1.15292245141447,23.1563048047971,0.906672431657355,0.788987654755255,0.602380879898176
