Period,P_RMSE_Standard,P_RMSE_Chen,P_RMSE_EKF_LE,P_RMSE_AFEKF,M_RMSE_Standard,M_RMSE_Chen,M_RMSE_EKF_LE,M_RMSE_AFEKF,Pipe1_Standard,Pipe1_Chen,Pipe1_EKF_LE,Pipe1_AFEKF,Pipe5_Standard,Pipe5_Chen,Pipe5_EKF_LE,Pipe5_AFEKF
Full_Period,0.161677719959337,0.104059435395329,0.102753711191247,0.106367811937738,14.8381391415386,3.11721824105487,3.18172882239757,2.86723121393399,50.841335717392,2.57288799593873,3.52599317042898,2.07810096034948,19.2224866329592,1.03725280476697,2.10749712493596,0.870755441896845
Normal_0to6h_18to24h,0.104827416737133,0.105218410547328,0.103989676464326,0.108072687751159,11.2391985109572,3.13193672481076,3.1106174848798,3.04504342019677,44.2727089984076,2.3096330257101,3.48039471799326,2.26886071855532,0.916331572256416,0.995860962579354,0.867077246840684,0.874889444378082
Leak_12to18h,0.236939928271462,0.10233340490459,0.100871827503071,0.103630749116029,20.0472193227052,3.07461918985336,3.29729320827244,2.45451468546131,61.3402400484056,3.00928423132753,3.57441164935006,1.60948953426974,33.1149022944904,1.12484985608176,3.42330604395312,0.863292176228368
