Period,P_RMSE_Standard,P_RMSE_Chen,P_RMSE_EKF_LE,P_RMSE_AFEKF,M_RMSE_Standard,M_RMSE_Chen,M_RMSE_EKF_LE,M_RMSE_AFEKF,Pipe1_Standard,Pipe1_Chen,Pipe1_EKF_LE,Pipe1_AFEKF,Pipe5_Standard,Pipe5_Chen,Pipe5_EKF_LE,Pipe5_AFEKF
Full_Period,0.650902694878509,0.103389155087632,0.104200419909681,0.108199143283199,13.7888931924898,2.82604754795233,2.72823568766332,2.65845359086382,46.5455779187217,1.48529222530907,2.80589595958771,1.27892459874039,5.84310085987968,1.1733775144324,1.15279359948129,1.0437907356805
Normal_0to6h_18to24h,0.102535342713921,0.102984732905324,0.101985776899563,0.106115244331656,11.3037584202796,2.54527997537193,2.53109788533,2.43189047536307,44.8232047167897,1.31130815964719,2.87537398976787,1.28177900269203,0.915295804810483,1.00774639548933,0.879265222592608,0.861750981316105
Leak_12to18h,1.11285655260223,0.103848409319221,0.108122767954458,0.111968087253964,17.5991384568465,3.3156839415251,3.07745277884841,3.0557207794912,49.204880828047,1.78531427726887,2.63379192423757,1.28417479887901,9.99345673518821,1.46964389026355,1.57122004784098,1.34594613565042
