Period,P_RMSE_Standard,P_RMSE_Chen,P_RMSE_EKF_LE,P_RMSE_AFEKF,M_RMSE_Standard,M_RMSE_Chen,M_RMSE_EKF_LE,M_RMSE_AFEKF,Pipe1_Standard,Pipe1_Chen,Pipe1_EKF_LE,Pipe1_AFEKF,Pipe5_Standard,Pipe5_Chen,Pipe5_EKF_LE,Pipe5_AFEKF
Full_Period,0.573205906532844,0.104869908979457,0.134246717008293,0.106682196089093,14.1316605463617,2.85985776467271,3.14717721632553,2.67112109245008,52.3713291723699,2.62639854472385,4.49986993604379,1.68323798176261,4.73256238772369,1.10756207099135,0.920332617399998,2.16793706997796
Normal_0to6h_18to24h,0.102597141308282,0.102857260923287,0.102350787936282,0.10626229737812,10.5582301424789,2.70840308773206,2.63803345726152,2.59644980204467,42.0451034326894,1.71654047712469,2.60635493246869,1.72977575017434,0.986527545634347,1.10124772690918,0.965855265089975,0.97053693425178
Leak_12to18h,0.977652954547392,0.108765960786452,0.181395085157673,0.107701566998311,19.2522603374465,3.1190868444777,3.94427402779669,2.78598721234988,67.9448377050913,3.82248519137679,6.82641671036386,1.56196504882815,8.03953869190193,1.11795987836428,0.81271732428148,3.4776587606666
