Period,P_RMSE_Standard,P_RMSE_Chen,P_RMSE_EKF_LE,P_RMSE_AFEKF,M_RMSE_Standard,M_RMSE_Chen,M_RMSE_EKF_LE,M_RMSE_AFEKF,Pipe1_Standard,Pipe1_Chen,Pipe1_EKF_LE,Pipe1_AFEKF,Pipe5_Standard,Pipe5_Chen,Pipe5_EKF_LE,Pipe5_AFEKF
Full_Period,1.17144775399364,0.102469432174318,0.113472288323639,0.10724882784496,12.4839863285444,2.79652999285398,2.91238734133522,2.62727267829191,42.7519036995737,1.65505637208108,3.07383416302818,1.42973256170007,10.4373932613998,0.998917524593792,1.41110261527866,1.58119065202914
Normal_0to6h_18to24h,0.101097280230085,0.101252859558884,0.101065949131144,0.104732961762829,10.2444429337407,2.68074634376708,2.6169620087223,2.57890900858743,41.1254487220975,1.57479475474401,2.69506106644975,1.56305255179447,0.926678889486367,0.956600308033729,0.829722699509495,0.857327179436701
Leak_12to18h,2.01462083516423,0.105306434146241,0.13502006858273,0.112727559070948,15.9176711384972,2.99681221161548,3.39987022804614,2.69490294460322,45.2747260813328,1.78373460863904,3.68187961104783,1.09062437200073,17.9466238382819,1.07510616999863,2.13132083679985,2.44245245182575
