Period,P_RMSE_Standard,P_RMSE_Chen,P_RMSE_EKF_LE,P_RMSE_AFEKF,M_RMSE_Standard,M_RMSE_Chen,M_RMSE_EKF_LE,M_RMSE_AFEKF,Pipe1_Standard,Pipe1_Chen,Pipe1_EKF_LE,Pipe1_AFEKF,Pipe5_Standard,Pipe5_Chen,Pipe5_EKF_LE,Pipe5_AFEKF
Full_Period,0.149146923406585,0.102024990422155,0.107301838279731,0.106788625698464,14.1994141852868,3.25392129618356,3.25119035327983,3.07307797584935,47.6312291225922,2.13211849273373,2.65667528034536,2.03803819324292,19.1922160794548,1.19439701806371,1.66432645402566,1.53289238511228
Normal_0to6h_18to24h,0.103524038563187,0.103761808688463,0.103096341094218,0.10687067353271,10.5214003303761,3.15154217187781,3.08699965240429,3.05502887671959,41.3139418204078,1.95488639895741,2.62035058996892,2.01219626507797,0.929440837890622,1.02587581355333,0.863102160109639,0.879310175532591
Leak_12to18h,0.21188428544467,0.0981667945134011,0.114740195122208,0.106200386415438,19.4461395292357,3.45515878987596,3.55566211944529,3.11205783398293,57.702956457791,2.44911800853,2.71535525834045,2.09166766274334,33.0624704065463,1.49518857826716,2.60598392597509,2.34441396843243
