Period,P_RMSE_Standard,P_RMSE_Chen,P_RMSE_EKF_LE,P_RMSE_AFEKF,M_RMSE_Standard,M_RMSE_Chen,M_RMSE_EKF_LE,M_RMSE_AFEKF,Pipe1_Standard,Pipe1_Chen,Pipe1_EKF_LE,Pipe1_AFEKF,Pipe5_Standard,Pipe5_Chen,Pipe5_EKF_LE,Pipe5_AFEKF
Full_Period,0.973964853854201,0.102711569445503,0.104523578042624,0.108018809485005,15.0741799493031,2.45728356688461,2.30003463733731,2.18156436441109,52.8289740516104,1.67130511605372,2.52716307692622,1.27264415793098,6.23374684158297,1.01248232692838,1.22027464208282,0.918819107338896
Normal_0to6h_18to24h,0.104534374592773,0.104740356540387,0.104585910098984,0.108158002948482,10.2204009508332,2.21208520604259,2.13273061141207,2.07524078559845,41.1853639155366,1.31708293538714,2.41549431831693,1.32520639805666,0.97332860550285,1.01835532553911,0.922076687775491,0.930890078202566
Leak_12to18h,1.67271832569159,0.0988549745707447,0.104746586052837,0.108185515251883,21.6133479226748,2.98271088175378,2.70013905415733,2.48960068621513,70.0204772003155,2.23492797606885,2.73433354370886,1.21221497343386,10.6651593591491,1.07607818906778,1.68608909389252,0.951571277048537
