Period,P_RMSE_Standard,P_RMSE_Chen,P_RMSE_EKF_LE,P_RMSE_AFEKF,M_RMSE_Standard,M_RMSE_Chen,M_RMSE_EKF_LE,M_RMSE_AFEKF,Pipe1_Standard,Pipe1_Chen,Pipe1_EKF_LE,Pipe1_AFEKF,Pipe5_Standard,Pipe5_Chen,Pipe5_EKF_LE,Pipe5_AFEKF
Full_Period,0.363693466646697,0.103029127716191,0.107678940699536,0.107199027194716,14.1493787230292,3.85486710304204,3.93041217851146,3.73128481751259,48.7637329108773,2.19931178324069,3.53813258059745,2.10115701428724,4.84210968875403,1.07825821157695,1.10476238274279,1.03015506833295
Normal_0to6h_18to24h,0.103333473669028,0.103264932112661,0.102808216059895,0.10652004420589,11.4797321451846,4.25221172456915,4.22595464164327,4.19094789697426,43.9997822347355,2.44837580594205,3.52237318452005,2.44692576217228,0.900471855317334,0.952560201982609,0.823090574905183,0.831160820396222
Leak_12to18h,0.609965189571269,0.102476440253818,0.116543533207813,0.108551842235691,18.2084926849712,2.84641173393066,3.20397211975076,2.51363919433086,56.5304849325421,1.54668811437681,3.5209233066972,1.07307102466059,8.25204423805131,1.28704385086421,1.52267852184038,1.347806911245
