Period,P_RMSE_Standard,P_RMSE_Chen,P_RMSE_EKF_LE,P_RMSE_AFEKF,M_RMSE_Standard,M_RMSE_Chen,M_RMSE_EKF_LE,M_RMSE_AFEKF,Pipe1_Standard,Pipe1_Chen,Pipe1_EKF_LE,Pipe1_AFEKF,Pipe5_Standard,Pipe5_Chen,Pipe5_EKF_LE,Pipe5_AFEKF
Full_Period,0.910281838364361,0.104204474166147,0.153075654271347,0.108745182998103,12.2594019794591,2.85389702301153,3.29797104853964,2.58571732138518,46.9179821506394,2.02600109663724,2.98434107743237,1.53288594336915,1.3781344814735,0.8860893558793,1.57915781143716,0.775640305305002
Normal_0to6h_18to24h,0.104416273710865,0.104620482731127,0.103892224314787,0.107638118458509,10.788779156966,2.6146928177024,2.56426209348309,2.50494116546708,43.1224027300187,1.58615190987687,2.7429093208378,1.58319225045621,0.746624813840492,0.807969765772636,0.699885585327388,0.70926635194517
Leak_12to18h,1.56252634602067,0.10413701945321,0.220334414137157,0.11175108064648,14.6285544892818,3.26690950781023,4.38870752761315,2.72161563483818,53.1387855649993,2.69076900902243,3.39102968722076,1.42940490525756,2.12842470279796,1.01519853362082,2.53660165621831,0.884493562557186
