Period,P_RMSE_Standard,P_RMSE_Chen,P_RMSE_EKF_LE,P_RMSE_AFEKF,M_RMSE_Standard,M_RMSE_Chen,M_RMSE_EKF_LE,M_RMSE_AFEKF,Pipe1_Standard,Pipe1_Chen,Pipe1_EKF_LE,Pipe1_AFEKF,Pipe5_Standard,Pipe5_Chen,Pipe5_EKF_LE,Pipe5_AFEKF
Full_Period,0.631109451218364,0.104181586682559,0.114127070330736,0.10570279276148,15.7643673830028,2.5683413318551,3.28562557383371,2.36645594242641,59.4259956355188,2.1078286670338,7.70846297006246,1.34995367256636,13.3375760191152,1.04108194780126,1.00478891438664,1.72107154037924
Normal_0to6h_18to24h,0.099008934857529,0.0992187128947345,0.0989714678370786,0.102342952912685,10.577449151723,2.29911981480573,2.25118296787913,2.18882126885958,42.2195126080403,1.44381534054427,2.48254018382794,1.44647436621202,0.951245366000635,1.05229323541525,0.911792671412403,0.949165089281813
Leak_12to18h,1.07909823849692,0.113104754797682,0.139095258679379,0.111842825638297,22.6914758430385,3.0177148887138,4.68779056910836,2.66225666534363,83.2543503648051,3.00785774132344,12.8178440841075,1.11459189502297,22.9550931969722,1.01798209879634,1.1596045694719,2.64874166260037
