Period,P_RMSE_Standard,P_RMSE_Chen,P_RMSE_EKF_LE,P_RMSE_AFEKF,M_RMSE_Standard,M_RMSE_Chen,M_RMSE_EKF_LE,M_RMSE_AFEKF,Pipe1_Standard,Pipe1_Chen,Pipe1_EKF_LE,Pipe1_AFEKF,Pipe5_Standard,Pipe5_Chen,Pipe5_EKF_LE,Pipe5_AFEKF
Full_Period,0.801835862738756,0.101740160377371,0.104432613235777,0.103823675140828,12.8343963323656,2.305039870692,2.21155010423732,1.94060714813127,46.109592399538,1.85330003939249,3.07784963266064,1.45753488560457,6.03911157656351,1.06546049700328,1.26754525617597,0.902223276690586
Normal_0to6h_18to24h,0.1006177531911,0.100920698599887,0.100175869843328,0.103323892101802,9.52893726775088,1.74424021922704,1.62418601898569,1.56817536908355,38.7582570352984,1.33720922002603,2.27970856794683,1.32810173975553,0.835671805156106,0.926190726521823,0.804207360480728,0.813225974162315
Leak_12to18h,1.37508544376236,0.102710067386644,0.111749903939695,0.104157201855184,17.551702894167,3.13828681989438,3.05482941644084,2.51929892259806,57.5745787245326,2.57745122923058,4.21569171578884,1.67221390532094,10.3463184738532,1.31652099244258,1.87476735539242,1.06440678403079
