Period,P_RMSE_Standard,P_RMSE_Chen,P_RMSE_EKF_LE,P_RMSE_AFEKF,M_RMSE_Standard,M_RMSE_Chen,M_RMSE_EKF_LE,M_RMSE_AFEKF,Pipe1_Standard,Pipe1_Chen,Pipe1_EKF_LE,Pipe1_AFEKF,Pipe5_Standard,Pipe5_Chen,Pipe5_EKF_LE,Pipe5_AFEKF
Full_Period,0.390322011083764,0.107025042555924,0.113876636836429,0.110569903939201,13.4431136510617,2.71652377169544,2.86760725284437,2.41650255726758,47.7983700753148,1.79043116235624,2.53302453095871,1.6171977947609,9.79846066084362,1.08144758917947,1.29294870082227,0.913829376895202
Normal_0to6h_18to24h,0.1087376528172,0.109120028343428,0.108345448126585,0.111848782312217,10.6877352030376,2.48697794012035,2.42697104787357,2.36086954182705,42.6905381266214,1.58129255433073,2.75070777434789,1.56983942822184,0.998602187553064,1.10628589708547,0.928788412708538,0.965941299213127
Leak_12to18h,0.655264081237155,0.102130757080232,0.123566217997825,0.107484346681082,17.5775626602861,3.14798452113077,3.59845809624762,2.54945555823035,56.0860975932866,2.13326921067276,1.9899440125972,1.69450930977834,16.8337623887233,1.02526681601189,1.80109848309905,0.787798613478159
