Period,P_RMSE_Standard,P_RMSE_Chen,P_RMSE_EKF_LE,P_RMSE_AFEKF,M_RMSE_Standard,M_RMSE_Chen,M_RMSE_EKF_LE,M_RMSE_AFEKF,Pipe1_Standard,Pipe1_Chen,Pipe1_EKF_LE,Pipe1_AFEKF,Pipe5_Standard,Pipe5_Chen,Pipe5_EKF_LE,Pipe5_AFEKF
Full_Period,0.204675881070369,0.103240980682617,0.105903887450776,0.107204196307879,13.6210483124887,2.56788776946586,2.84774119790056,2.37797583381903,50.4127612792192,1.86005022339457,4.44641735413907,1.35939545073698,4.12780352261604,1.11439293690699,0.780836009966866,1.01002660777931
Normal_0to6h_18to24h,0.103212148754073,0.103299014551795,0.103043603481851,0.106824599439616,11.1988053561556,2.29046796523289,2.4920686408976,2.17268540804548,45.2276057984442,1.61164332028982,4.99882927459434,1.55442816242999,0.879235414275999,0.97961944574087,0.816921024211313,0.845026422722756
Leak_12to18h,0.321717991044525,0.103128796541205,0.111300815306562,0.108126842893729,17.3401854430374,3.03582519470073,3.42719415967874,2.72568586501839,58.844920282347,2.26802595178279,2.97412316630211,0.847528204118729,7.00698369503323,1.33420400524845,0.691467261579636,1.26651745538986
