Case,Pipe1_Standard,Pipe1_Chen,Pipe1_EKF_LE,Pipe1_AFEKF,Pipe5_Standard,Pipe5_Chen,Pipe5_EKF_LE,Pipe5_AFEKF,Flow_Standard,Flow_Chen,Flow_EKF_LE,Flow_AFEKF
Case1_Clean,2.00862796158703,2.00862610874597,1.74759016885832,2.01634753267399,0.651805544335367,0.651791917093041,0.644897521380706,0.649151271568443,2.66936380887109,2.6693608699919,2.66414060814301,2.67277449215405
Case2_10dB,18.385541184264,1.42757737295481,1.49561096992496,1.3483059120994,2.89491743707276,0.633236157312605,0.91244022749344,0.631138520555953,5.88115555312606,2.1669958109563,2.22414140499337,2.16365883694174
Case2_20dB,53.3014835270248,1.67837049993803,3.44891352206439,1.34829884996379,4.18096303134854,0.642568278066767,2.47720317407612,0.639791219832425,14.9716345969653,2.1947334171275,2.7508435254193,2.16393621801655
