Case,Pipe1_Standard,Pipe1_Chen,Pipe1_EKF_LE,Pipe1_AFEKF,Pipe5_Standard,Pipe5_Chen,Pipe5_EKF_LE,Pipe5_AFEKF,Flow_Standard,Flow_Chen,Flow_EKF_LE,Flow_AFEKF
Case1_Clean,1.41525572381109,1.41525379283592,1.41388058714201,1.4210771513349,0.684054764333423,0.684039798123886,0.684110076525101,0.692360867884768,2.29071379703909,2.29071056607305,2.29056044626724,2.29397225336665
Case2_10dB,17.3107494596331,1.59774981947241,1.94670453827272,1.53874793831887,7.97701584320997,0.728637990009777,1.00753531170588,0.714038904321049,5.82275380286561,2.31074645311243,2.36865476206349,2.31004117161844
Case2_20dB,62.5166467709889,2.19145582823988,3.19422744700573,1.53905175018886,9.58453025111385,0.732254625998533,1.24791815216476,0.712746447629948,17.4043687092187,2.35364967253785,2.76472965776952,2.30995776528588
