Case,Pipe1_Standard,Pipe1_Chen,Pipe1_EKF_LE,Pipe1_AFEKF,Pipe5_Standard,Pipe5_Chen,Pipe5_EKF_LE,Pipe5_AFEKF,Flow_Standard,Flow_Chen,Flow_EKF_LE,Flow_AFEKF
Case1_Clean,1.50325782397743,1.50325517863649,1.49754221241771,1.50316573753867,0.692708712478946,0.692694062036848,0.69497700572856,0.700818226318652,2.51314337918153,2.51314043370346,2.51630423633067,2.51858186995212
Case2_10dB,16.1882029341804,1.60369133047304,1.70260564748761,1.6061167933444,1.30100518102229,0.768722706620466,0.841544894182545,0.769371913312571,5.29305526226253,2.63247261559055,2.69508388040968,2.64264911372984
Case2_20dB,51.1632972110082,1.87540157790335,2.96202482594615,1.60802555012458,4.33574291638585,0.773247487821839,0.790986682470253,0.764098743539751,14.1233474769922,2.66360606271182,2.96895850838731,2.64244416869241
