Case,Pipe1_Standard,Pipe1_Chen,Pipe1_EKF_LE,Pipe1_AFEKF,Pipe5_Standard,Pipe5_Chen,Pipe5_EKF_LE,Pipe5_AFEKF,Flow_Standard,Flow_Chen,Flow_EKF_LE,Flow_AFEKF
Case1_Clean,1.83912628336415,1.83912452747095,1.83932276116438,1.84803479400863,0.756246280457876,0.756227550082969,0.760009320875811,0.770211124619585,2.49880420176507,2.49880092758747,2.49836931534686,2.5023743674863
Case2_10dB,15.7908305935577,1.99515109535321,2.16735998268172,1.94301413653379,5.13209735430047,0.739754575857857,0.779638301707555,0.756376683509058,5.18536799730565,2.54259951256594,2.5674592839417,2.54175943685308
Case2_20dB,54.9764536923994,2.22315692385749,3.62049975243344,1.94336608832388,18.5288109461129,0.737708121869721,1.94566961578631,0.785917828540571,16.5413758932546,2.56664934521495,2.928222527856,2.542524306559
