Case,Pipe1_Standard,Pipe1_Chen,Pipe1_EKF_LE,Pipe1_AFEKF,Pipe5_Standard,Pipe5_Chen,Pipe5_EKF_LE,Pipe5_AFEKF,Flow_Standard,Flow_Chen,Flow_EKF_LE,Flow_AFEKF
Case1_Clean,1.35193636870628,1.35193377654912,1.34989483211962,1.35241764802144,0.597967126276016,0.597953225022968,0.599670675452497,0.607560313876258,2.24554649809635,2.24554315526607,2.24609076172507,2.2504590803167
Case2_10dB,15.4262289719723,1.44422348721775,1.59949350098573,1.39720269566108,3.03374954805336,0.637130384880266,0.676500335812828,0.630680686190553,4.99700840944823,2.26451365899593,2.31687925621412,2.26687198261683
Case2_20dB,45.7777796466934,1.74551506723934,2.57189874651612,1.38848173628718,11.3277015148846,0.644905155519899,2.09135685470363,0.630013106037623,13.402078045037,2.29127163601262,2.85037300225649,2.26958311216922
