Case,Pipe1_Standard,Pipe1_Chen,Pipe1_EKF_LE,Pipe1_AFEKF,Pipe5_Standard,Pipe5_Chen,Pipe5_EKF_LE,Pipe5_AFEKF,Flow_Standard,Flow_Chen,Flow_EKF_LE,Flow_AFEKF
Case1_Clean,1.5739207123631,1.57391716607097,1.5752731633578,1.58122208649931,0.72956859444022,0.729552054952438,0.706347138379288,0.745456149509927,2.35429190195806,2.35428868550007,2.35361851064506,2.35745492507074
Case2_10dB,15.1725704203435,1.50806120918893,1.94433661102556,1.64499036435425,5.91619599474527,0.755585617091927,1.06896938996426,0.762527658320951,4.88397586575137,2.17719420262053,2.23594575564946,2.19120485522221
Case2_20dB,51.8791403505639,1.77650880536206,2.64183646544827,1.64524475657969,6.38899888730249,0.757624693770511,1.45861795918602,0.762666322973384,14.8830087626189,2.2112644078157,2.39600891408827,2.19136328170488
