Case,Pipe1_Standard,Pipe1_Chen,Pipe1_EKF_LE,Pipe1_AFEKF,Pipe5_Standard,Pipe5_Chen,Pipe5_EKF_LE,Pipe5_AFEKF,Flow_Standard,Flow_Chen,Flow_EKF_LE,Flow_AFEKF
Case1_Clean,1.35566370714477,1.35566113221024,1.33789768333611,1.35838310054644,0.737342052911126,0.737326697073773,0.737219721792742,0.744020524871806,2.42770842560779,2.42770547194038,2.42549994656349,2.43080939428597
Case2_10dB,17.7730816567165,1.24739169004343,1.65875003422054,1.4387082524891,6.61437904072253,0.722515454506763,1.15695581292616,0.734755806303299,5.55368568713674,2.41993945345535,2.47224498808151,2.43416861670175
Case2_20dB,46.3684943759963,1.59196857123685,2.68157980756116,1.43874076506899,12.413434657147,0.724297657888063,3.02742552939142,0.733757159096939,12.6043300495283,2.43664086874124,2.80469659857146,2.43398439407846
