Case,Pipe1_Standard,Pipe1_Chen,Pipe1_EKF_LE,Pipe1_AFEKF,Pipe5_Standard,Pipe5_Chen,Pipe5_EKF_LE,Pipe5_AFEKF,Flow_Standard,Flow_Chen,Flow_EKF_LE,Flow_AFEKF
Case1_Clean,1.65315820612619,1.65315608451647,1.65448985320293,1.65709339813857,0.739843837172892,0.739824447822859,0.738031990327064,0.749728359365558,2.36275418574994,2.36275072569399,2.35229590771683,2.36568771027281
Case2_10dB,14.5902727676951,1.28881747156674,1.99199965546384,1.71053772661464,3.63060719485017,0.696138461546936,0.737886012445533,0.704510882398695,5.05009063864255,2.14342864846761,2.35832706053117,2.19123536456594
Case2_20dB,57.744906600731,2.25644091453804,5.01195481911125,1.70990548163692,13.1368670966856,0.695825551306091,0.82378048339542,0.715313697800521,15.2853569045827,2.20315850925283,2.77197024675518,2.1925000387652
