Case,Pipe1_Standard,Pipe1_Chen,Pipe1_EKF_LE,Pipe1_AFEKF,Pipe5_Standard,Pipe5_Chen,Pipe5_EKF_LE,Pipe5_AFEKF,Flow_Standard,Flow_Chen,Flow_EKF_LE,Flow_AFEKF
Case1_Clean,1.66437401819658,1.66437235971843,1.67018085801108,1.67638778259746,0.643496357678718,0.643483611861791,0.639085768089855,0.644180051129124,2.86783227899158,2.86782941435607,2.85696368215282,2.8718932093842
Case2_10dB,14.9868446575099,1.55750994212611,1.81994525962913,1.66294960303961,6.3571937546696,0.658460330446951,1.02664470594294,0.654229605690214,5.24854234618792,2.95341124454965,3.0002321961551,2.96701350933476
Case2_20dB,44.3077610564097,1.82079753704456,2.71832098024646,1.66270655531792,4.26331382847337,0.66231846403125,0.649299685709971,0.654501733218893,12.9535342277133,2.97432582798643,3.44381699209189,2.96721722270372
