Case,Pipe1_Standard,Pipe1_Chen,Pipe1_EKF_LE,Pipe1_AFEKF,Pipe5_Standard,Pipe5_Chen,Pipe5_EKF_LE,Pipe5_AFEKF,Flow_Standard,Flow_Chen,Flow_EKF_LE,Flow_AFEKF
Case1_Clean,1.42387098482933,1.42386986022252,1.41817675430553,1.42881761159494,0.646590746842068,0.646577965376967,0.624921416008051,0.630791096936478,2.57473853317044,2.57473541213962,2.56519756522273,2.57190689750372
Case2_10dB,14.5349220659494,1.57337359176066,1.66868204730688,1.52303150365999,3.57577054806349,0.67115640863538,0.852024883139931,0.666527985126602,5.14332582655482,2.67768989007318,2.69491461986463,2.67501607929226
Case2_20dB,57.0225559671323,2.09836758159374,3.01768427401553,1.52287456304005,9.84010779733192,0.677267938283654,1.82251289209088,0.668622111128319,17.3863171657743,2.70995985972363,2.94987506751272,2.67588017686646
