Case,Pipe1_Standard,Pipe1_Chen,Pipe1_EKF_LE,Pipe1_AFEKF,Pipe5_Standard,Pipe5_Chen,Pipe5_EKF_LE,Pipe5_AFEKF,Flow_Standard,Flow_Chen,Flow_EKF_LE,Flow_AFEKF
Case1_Clean,1.83777821015109,1.83777673772911,1.83822839768563,1.84727115316915,0.709240918678247,0.709224551745942,0.71884048106276,0.732657336186143,2.89626508127245,2.89626197016217,2.89600805037329,2.90137160974797
Case2_10dB,18.4446064132794,1.87452355831327,2.01678372928909,1.82633975909811,0.886893462684359,0.717712439503206,0.722001251522484,0.724328580143683,5.94886615410978,3.08411422106508,3.10892560344855,3.09169759443212
Case2_20dB,48.4505260247874,2.02699283622283,3.87666847863751,1.825445718129,7.19759544121797,0.720756775998866,3.16452176163304,0.717417618645665,14.5705485436951,3.09164922405347,3.40688185401709,3.09128412167933
