Case,Pipe1_Standard,Pipe1_Chen,Pipe1_EKF_LE,Pipe1_AFEKF,Pipe5_Standard,Pipe5_Chen,Pipe5_EKF_LE,Pipe5_AFEKF,Flow_Standard,Flow_Chen,Flow_EKF_LE,Flow_AFEKF
Case1_Clean,1.6934884112402,1.69348661871127,1.69386849724615,1.69964471858803,0.801866539720576,0.801849381393696,0.805550712413754,0.778997191185162,2.63542561301612,2.63542265638807,2.63521761568843,2.63863499806204
Case2_10dB,18.1956911276945,1.78830243197655,1.91738408173041,1.68264969909679,1.33963003305936,0.841090049111755,0.877109472016246,0.818640313601431,5.64176100785962,2.63102919239966,2.66742423727501,2.62570575381329
Case2_20dB,46.6309312038156,1.97161027042199,2.80482555974959,1.68268185011266,4.74758711393859,0.849229722616372,0.958671392055865,0.833596017710688,14.0075766537009,2.64032590335662,2.95661367902562,2.62592991662025
