Case,Pipe1_Standard,Pipe1_Chen,Pipe1_EKF_LE,Pipe1_AFEKF,Pipe5_Standard,Pipe5_Chen,Pipe5_EKF_LE,Pipe5_AFEKF,Flow_Standard,Flow_Chen,Flow_EKF_LE,Flow_AFEKF
Case1_Clean,1.65094021839923,1.65093730355769,1.64984382007951,1.65454026405294,0.727186746152784,0.727172485644256,0.7238859318416,0.729698704452807,2.79698400393408,2.79698109727116,2.79617403830716,2.79905369805714
Case2_10dB,15.8441772790692,1.34089586407813,1.53114579635757,1.19863197891525,6.12298979941373,0.807443239841869,1.01252263043381,0.798172687112457,4.98660370650917,2.20096394727723,2.22698740522028,2.19989070416929
Case2_20dB,50.6906204920648,1.95749337251559,3.22080248946827,1.19979164530788,9.93414738147211,0.808877248383698,2.11458022756235,0.806372361991208,14.1553797988562,2.26844642093815,3.02464332774122,2.19981177852522
