Case,Pipe1_Standard,Pipe1_Chen,Pipe1_EKF_LE,Pipe1_AFEKF,Pipe5_Standard,Pipe5_Chen,Pipe5_EKF_LE,Pipe5_AFEKF,Flow_Standard,Flow_Chen,Flow_EKF_LE,Flow_AFEKF
Case1_Clean,1.57807479291447,1.57807185587924,1.57781554650302,1.58693799798513,0.64370936901983,0.643694623554223,0.620313007198933,0.650458342978717,2.81111562875388,2.81111264790651,2.81033238000244,2.81517867020499
Case2_10dB,17.646508735616,1.76864661703532,2.06338426333184,1.6481854583027,6.53366756897876,0.671403397226725,0.971211564015329,0.675298718722143,5.78283222266204,3.06570662543053,3.1032893644279,3.06431542310315
Case2_20dB,50.5136305521903,1.85606475116662,4.43811783188672,1.64842224548729,12.5808408455916,0.670851429793147,2.31281568398344,0.675027361417332,13.5521169853327,3.07186109583474,3.37807896925834,3.0644542909368
