Case,Pipe1_Standard,Pipe1_Chen,Pipe1_EKF_LE,Pipe1_AFEKF,Pipe5_Standard,Pipe5_Chen,Pipe5_EKF_LE,Pipe5_AFEKF,Flow_Standard,Flow_Chen,Flow_EKF_LE,Flow_AFEKF
Case1_Clean,1.4259545598655,1.42595171673126,1.42306379552551,1.43016621967868,0.690430982351191,0.690416814766619,0.673880471474759,0.6765758528509,2.40034386461684,2.40034076899424,2.4013221142888,2.40624382911962
Case2_10dB,17.6690035649083,1.31991713977568,1.75667680505644,1.39309755852425,5.14306210211022,0.69793435102641,0.679804549845366,0.69298123942131,5.44352069966327,2.32073439079347,2.4042676887037,2.3231914324559
Case2_20dB,48.5092219022008,1.46000704145053,3.48117631471448,1.39309682710241,2.91569628847866,0.711851611348649,1.458250787673,0.694277049519453,13.1518795820067,2.33163724384006,2.75438742433448,2.32316841752838
