Case,Pipe1_Standard,Pipe1_Chen,Pipe1_EKF_LE,Pipe1_AFEKF,Pipe5_Standard,Pipe5_Chen,Pipe5_EKF_LE,Pipe5_AFEKF,Flow_Standard,Flow_Chen,Flow_EKF_LE,Flow_AFEKF
Case1_Clean,1.5806887580432,1.58068714563121,1.58063487696019,1.58852276532381,0.782489931008693,0.782472693511647,0.793789660519735,0.800869311238634,2.94049407793924,2.94049120285508,2.9358560633484,2.94176770818594
Case2_10dB,17.3346882370133,1.31796573257561,2.04915060545911,1.64574152057808,1.18391410687332,0.802522886059167,0.881327575678468,0.796697548569511,5.89140671928186,2.93882389260387,3.02129860054905,2.96649310843385
Case2_20dB,47.4971884841182,1.60514115060775,3.73620223531194,1.64557304259378,14.4511569586909,0.804144177799211,1.45194496188453,0.796682606883237,13.6497533894608,2.94693670948077,3.24572887683189,2.96649544520475
