Case,Pipe1_Standard,Pipe1_Chen,Pipe1_EKF_LE,Pipe1_AFEKF,Pipe5_Standard,Pipe5_Chen,Pipe5_EKF_LE,Pipe5_AFEKF,Flow_Standard,Flow_Chen,Flow_EKF_LE,Flow_AFEKF
Case1_Clean,1.75994821978628,1.75994626147129,1.75984226866216,1.76677179999988,0.708701760811684,0.708685360200042,0.715525776504451,0.715628690193537,2.92066868494706,2.92066554024235,2.92082076835315,2.9246659138727
Case2_10dB,19.3361041838194,1.70013567354866,1.8513702158675,1.73331241105256,3.49428310984954,0.656920500363548,0.803260376846922,0.656522775637208,6.10609783610227,2.75951936983216,2.80421240783366,2.76957798272595
Case2_20dB,50.4476162584644,2.27890250833985,3.81173908980877,1.73712145276563,4.46813534358507,0.657829567759371,0.669817832204342,0.65663868671577,13.865869284309,2.8074630181376,3.28968018911449,2.77006449814055
