Case,Pipe1_Standard,Pipe1_Chen,Pipe1_EKF_LE,Pipe1_AFEKF,Pipe5_Standard,Pipe5_Chen,Pipe5_EKF_LE,Pipe5_AFEKF,Flow_Standard,Flow_Chen,Flow_EKF_LE,Flow_AFEKF
Case1_Clean,1.89147914111976,1.89147798559906,1.89268552073999,1.9017769485576,0.672942256961123,0.672927199782984,0.694629587008779,0.715880504397143,2.65607803031635,2.65607509998676,2.65806352853876,2.66389878771681
Case2_10dB,17.2204539123532,2.01874451118745,2.08813863971203,1.99249752011534,4.19933495365924,0.670282565741541,0.961772539240262,0.677718795582948,5.45633487732691,2.65790020728085,2.69352909944506,2.65614700039536
Case2_20dB,50.5895914550891,2.59099912666736,3.33390416862417,1.99201475037231,9.51078195938347,0.666816748858629,1.18987893231406,0.714314553005534,14.1616949598856,2.73285641107553,3.03132916897179,2.65791999639871
