Case,Pipe1_Standard,Pipe1_Chen,Pipe1_EKF_LE,Pipe1_AFEKF,Pipe5_Standard,Pipe5_Chen,Pipe5_EKF_LE,Pipe5_AFEKF,Flow_Standard,Flow_Chen,Flow_EKF_LE,Flow_AFEKF
Case1_Clean,1.81481911315315,1.8148172671912,1.81421614534627,1.82090002333558,0.658743859600983,0.658729337986438,0.651323263691471,0.658670156943357,2.67998791932465,2.67998513055692,2.67991704391017,2.68395687987406
Case2_10dB,17.7994580854525,1.48785694593714,2.04513338402053,1.82677767736229,4.11622420277388,0.688689266566482,0.873280503697168,0.686372202346938,5.88023559460088,2.59904473479103,2.67107536223829,2.62890445864924
Case2_20dB,60.6752022742363,2.11129602806268,3.14616506688452,1.82705363141471,10.3665613647319,0.699137099555659,1.960747952888,0.692084508545779,17.5011044862749,2.65377268601323,2.97596587091387,2.62927147486322
