Case,Pipe1_Standard,Pipe1_Chen,Pipe1_EKF_LE,Pipe1_AFEKF,Pipe5_Standard,Pipe5_Chen,Pipe5_EKF_LE,Pipe5_AFEKF,Flow_Standard,Flow_Chen,Flow_EKF_LE,Flow_AFEKF
Case1_Clean,1.42014615821742,1.42014415027174,1.42238673595438,1.42651477521143,0.785400030959906,0.785382070081741,0.787299752314045,0.794426031769422,2.67358977742063,2.67358677916016,2.67378686690255,2.67711924907454
Case2_10dB,16.9799901330332,1.53004593452665,1.78323785246166,1.27738070166589,3.65753871036673,0.823698133891197,0.966336944125476,0.820080856053255,5.6320701148227,2.67306356450311,2.72269309260463,2.66702098340142
Case2_20dB,46.8824528226208,2.14647182536124,2.9354891849037,1.27724108281377,4.44127789680279,0.83047767225594,0.988703197648133,0.818437041287093,13.4984692958571,2.71394001187861,2.88430361636003,2.66711385876046
