Case,Pipe1_Standard,Pipe1_Chen,Pipe1_EKF_LE,Pipe1_AFEKF,Pipe5_Standard,Pipe5_Chen,Pipe5_EKF_LE,Pipe5_AFEKF,Flow_Standard,Flow_Chen,Flow_EKF_LE,Flow_AFEKF
Case1_Clean,1.52389289688864,1.52388993522488,1.51981585410676,1.52591924839618,0.584131803357804,0.584121207120655,0.583852673800355,0.590203245319605,2.36782640103328,2.36782334890591,2.36713091486829,2.3683946999585
Case2_10dB,17.0103088867307,1.50788660780087,1.76455207000021,1.50979206839364,6.24727216259111,0.615206855624026,0.888898956019447,0.608839055303441,5.59050522578997,2.39531345364976,2.42241654888724,2.40374282434421
Case2_20dB,63.9387933624499,2.0978767648062,4.39011232400654,1.50949293513204,19.0526964195025,0.625227461712504,1.75471063295994,0.608840345308333,17.9540323475519,2.43090228079527,2.907655995772,2.4038430832688
