Case,Pipe1_Standard,Pipe1_Chen,Pipe1_EKF_LE,Pipe1_AFEKF,Pipe5_Standard,Pipe5_Chen,Pipe5_EKF_LE,Pipe5_AFEKF,Flow_Standard,Flow_Chen,Flow_EKF_LE,Flow_AFEKF
Case1_Clean,1.50091581594293,1.50091387856891,1.51616711952571,1.50102350748572,0.567552116027265,0.56754084723135,0.565741817118636,0.589215822188362,2.55264595155067,2.55264290288511,2.55134064730506,2.56050592630112
Case2_10dB,18.0555696067571,1.53575187394375,1.72427739765785,1.54047564824153,0.718938308251444,0.591770677908008,0.622126393345952,0.603064090586651,5.78434929668959,2.54582684209015,2.58160420925407,2.55266183543942
Case2_20dB,45.1920508847625,1.78410871171427,2.74217983531801,1.54081595109069,11.414715471889,0.596490426801043,1.62581653203334,0.595784859642721,12.4133686757663,2.56274583391825,3.14610451173603,2.55207234319016
