Case,Pipe1_Standard,Pipe1_Chen,Pipe1_EKF_LE,Pipe1_AFEKF,Pipe5_Standard,Pipe5_Chen,Pipe5_EKF_LE,Pipe5_AFEKF,Flow_Standard,Flow_Chen,Flow_EKF_LE,Flow_AFEKF
Case1_Clean,1.88285082582994,1.88284982595916,1.88282758263938,1.89001078458494,0.634007097997192,0.633996039807896,0.630525907720795,0.639914283738459,2.5846809796484,2.58467775313819,2.58360396580366,2.58725407186132
Case2_10dB,18.2122404544373,1.83119841747492,2.125352363546,1.81227617803606,5.25741786034089,0.617006293253726,0.607075508557262,0.61891415847529,5.59985111889709,2.44314570032386,2.4867895529237,2.44419985194735
Case2_20dB,61.0838084654067,2.49861821260301,3.119015830884,1.81267269402199,4.24686635005459,0.619326622562056,1.19097276627238,0.618558522382306,16.3886297191137,2.51835701400676,2.74445970710825,2.44399060130952
