Case,Pipe1_Standard,Pipe1_Chen,Pipe1_EKF_LE,Pipe1_AFEKF,Pipe5_Standard,Pipe5_Chen,Pipe5_EKF_LE,Pipe5_AFEKF,Flow_Standard,Flow_Chen,Flow_EKF_LE,Flow_AFEKF
Case1_Clean,1.73376794279849,1.73376636587336,1.73213127391433,1.73936969669469,0.708543139953012,0.708526892973939,0.70883101646962,0.715528542637636,2.90013910552346,2.90013624193625,2.89917836935656,2.90449193948829
Case2_10dB,14.6731477972394,1.60813222136157,1.96918138351028,1.70414819729163,7.75498968284654,0.687630581692143,0.876703532889136,0.694231768740906,5.4928777995983,2.79277533193001,2.85092713794961,2.80460785747064
Case2_20dB,49.0752881510886,2.30066659202349,3.67563085945447,1.70485548694653,12.4935506423706,0.697960430245855,2.9049466046285,0.694252030601783,13.4988215556149,2.84406725376435,3.30093167863732,2.80263801331355
