Case,Pipe1_Standard,Pipe1_Chen,Pipe1_EKF_LE,Pipe1_AFEKF,Pipe5_Standard,Pipe5_Chen,Pipe5_EKF_LE,Pipe5_AFEKF,Flow_Standard,Flow_Chen,Flow_EKF_LE,Flow_AFEKF
Case1_Clean,1.64006449189487,1.64006273602423,1.63944601663938,1.64630669847269,0.702943934757043,0.702927255470674,0.709734823562712,0.720495795301099,2.4163453708743,2.41634209247458,2.41617000150545,2.42024964381888
Case2_10dB,15.0404303060713,1.56828231511805,1.79864554852622,1.72033388241351,7.07698481368625,0.747179607903289,0.877651987997753,0.741333089489218,5.08340215543723,2.48087144188014,2.50813123672126,2.49995922921286
Case2_20dB,49.4923143630647,1.99337557613688,3.08857855069777,1.72056046682015,14.5868175730651,0.75026064050487,1.22312855215171,0.741309937839012,13.7368280927106,2.5229889640443,2.68005270173429,2.49959016227554
