Case,Pipe1_Standard,Pipe1_Chen,Pipe1_EKF_LE,Pipe1_AFEKF,Pipe5_Standard,Pipe5_Chen,Pipe5_EKF_LE,Pipe5_AFEKF,Flow_Standard,Flow_Chen,Flow_EKF_LE,Flow_AFEKF
Case1_Clean,1.54582543560401,1.54582422404454,1.54503344157601,1.55314797101273,0.717730489874306,0.71771482078912,0.735318303181184,0.755654611393133,2.72334748556984,2.72334432996986,2.7228609212826,2.72734794599307
Case2_10dB,17.014380011257,1.43067812372203,2.05430082542683,1.70977596703222,1.31275577689625,0.690339808045032,0.679388366065867,0.685010282646911,5.69648429858848,2.70406366704666,2.77896333265111,2.73451066098492
Case2_20dB,60.6359871496987,2.07211977989711,4.84049161268278,1.70987258802618,11.9059269203528,0.690035919791713,2.18358598483262,0.685012837650815,16.300930008233,2.75468790097363,3.22645157560727,2.73450217016514
