Case,Pipe1_Standard,Pipe1_Chen,Pipe1_EKF_LE,Pipe1_AFEKF,Pipe5_Standard,Pipe5_Chen,Pipe5_EKF_LE,Pipe5_AFEKF,Flow_Standard,Flow_Chen,Flow_EKF_LE,Flow_AFEKF
Case1_Clean,1.43814160275677,1.4381404388521,1.44250292195425,1.44501437951808,0.686949285202405,0.686932721695,0.687238225032953,0.694361417059372,2.62252068710222,2.62251737393073,2.62155669749171,2.6262386380193
Case2_10dB,14.9691924643353,1.58385709316117,1.55399727183301,1.37853563415521,1.22915121518095,0.694027370376456,0.685317983256679,0.688850553481387,5.16395947181387,2.59281940508974,2.61911799063834,2.59233251963083
Case2_20dB,44.6680245340424,1.72402780786179,3.021775053928,1.37840611058389,4.61211122861162,0.69968878343702,0.938433064688215,0.689179019013028,13.3876050063272,2.60439544032222,2.93760117149031,2.59251759906084
