Case,Pipe1_Standard,Pipe1_Chen,Pipe1_EKF_LE,Pipe1_AFEKF,Pipe5_Standard,Pipe5_Chen,Pipe5_EKF_LE,Pipe5_AFEKF,Flow_Standard,Flow_Chen,Flow_EKF_LE,Flow_AFEKF
Case1_Clean,1.32325448394284,1.32325207944454,1.32264600189863,1.3264844346646,0.651867696483917,0.651851595456339,0.650622561260509,0.658924438048161,2.15217240384286,2.15216900694834,2.15119876080613,2.15400940933548
Case2_10dB,15.699862375934,1.43121256201205,1.70497817250486,1.44991416455256,5.98055786024431,0.624414020285469,0.923425042829316,0.608390387427029,5.10558296028869,2.20876997541496,2.25563604272625,2.22130909093441
Case2_20dB,49.2595916058805,1.69782745892084,3.48125129025343,1.44988957669339,20.5382852475016,0.62735247925395,2.22235001804657,0.608379520179842,14.077251604465,2.22416616299745,2.55379259582237,2.2214018918302
