Case,Pipe1_Standard,Pipe1_Chen,Pipe1_EKF_LE,Pipe1_AFEKF,Pipe5_Standard,Pipe5_Chen,Pipe5_EKF_LE,Pipe5_AFEKF,Flow_Standard,Flow_Chen,Flow_EKF_LE,Flow_AFEKF
Case1_Clean,1.85615009682079,1.85614860903378,1.85656027228955,1.86361250875663,0.627739257256766,0.627725782918851,0.629310904266104,0.637617400651062,3.07321673923755,3.0732137363934,3.07145577247655,3.07634910047985
Case2_10dB,17.9091646688294,1.766620629477,2.14800005137311,1.89775700536506,3.01956353873299,0.625704051860711,0.614070935114617,0.613659358004234,6.07339411097194,2.9872323985504,3.05456907925033,3.00800840117218
Case2_20dB,48.3066198146166,2.2551874662423,3.12834608490017,1.89746574973054,14.6306316061504,0.632225300179004,0.688514342448061,0.615906110272033,13.8632552293703,3.02357497034608,3.18710575431678,3.00879242853796
