Case,Pipe1_Standard,Pipe1_Chen,Pipe1_EKF_LE,Pipe1_AFEKF,Pipe5_Standard,Pipe5_Chen,Pipe5_EKF_LE,Pipe5_AFEKF,Flow_Standard,Flow_Chen,Flow_EKF_LE,Flow_AFEKF
Case1_Clean,1.39335581317414,1.39335238166334,1.39795989336935,1.39686497586801,0.714042100160787,0.714027487856455,0.722183414808751,0.735045958018076,2.44879866838765,2.44879547363154,2.44956330626722,2.45327210426069
Case2_10dB,16.8607862675154,1.60594534239758,1.88559278256922,1.52906660325474,1.3670621100783,0.715508892484174,0.704454032637085,0.715083363369218,5.4123890939874,2.60969789661126,2.66205069559673,2.61508156986624
Case2_20dB,49.2748183363363,1.92670682653465,3.41817406274071,1.52904677402063,13.2725925697223,0.719227559510201,0.812988778502605,0.712127427614567,13.8989069021982,2.62402389720683,3.05439438851493,2.61526360222113
