Case,Pipe1_Standard,Pipe1_Chen,Pipe1_EKF_LE,Pipe1_AFEKF,Pipe5_Standard,Pipe5_Chen,Pipe5_EKF_LE,Pipe5_AFEKF,Flow_Standard,Flow_Chen,Flow_EKF_LE,Flow_AFEKF
Case1_Clean,1.74896644050845,1.74896441810266,1.74809889110062,1.75827148703624,0.615785648506983,0.615773759774386,0.613145085664379,0.622732443914106,2.86828380638692,2.86828071981147,2.86769708246488,2.87297683823624
Case2_10dB,17.6116264341964,1.55713967436996,1.87198756503467,1.61516859387624,0.670407507032582,0.672612549711327,0.763710052643676,0.672550821794463,5.7010655723522,2.90063092323012,2.95106513265737,2.90685389835864
Case2_20dB,46.336650862346,1.77856214387214,2.36970061430568,1.61562939866835,4.79241504420398,0.678698382066289,1.01337578155108,0.674180871688147,13.7147974939828,2.91925691979796,3.10164329543527,2.90692241841418
