Case,Pipe1_Standard,Pipe1_Chen,Pipe1_EKF_LE,Pipe1_AFEKF,Pipe5_Standard,Pipe5_Chen,Pipe5_EKF_LE,Pipe5_AFEKF,Flow_Standard,Flow_Chen,Flow_EKF_LE,Flow_AFEKF
Case1_Clean,1.4428316718168,1.44282902483501,1.44124171042638,1.44577794248273,0.693790266015419,0.693775881495884,0.697543500930202,0.702391069498991,2.17869075622827,2.17868742328764,2.17733882964298,2.18044788856048
Case2_10dB,16.9997064151777,1.40154120637672,1.46422012329785,1.40368739774496,3.63951644987316,0.715268275993963,0.762441878669295,0.710064437863068,5.21129484951481,2.14022035121506,2.18287014275975,2.13858700528799
Case2_20dB,49.7184804538652,2.23003440692026,3.29334395396446,1.4038031490981,3.5326486943458,0.718912507669308,1.48249192772404,0.710064842302673,13.5371820537153,2.22510197618796,2.6006453213596,2.13859190556072
