Case,Pipe1_Standard,Pipe1_Chen,Pipe1_EKF_LE,Pipe1_AFEKF,Pipe5_Standard,Pipe5_Chen,Pipe5_EKF_LE,Pipe5_AFEKF,Flow_Standard,Flow_Chen,Flow_EKF_LE,Flow_AFEKF
Case1_Clean,1.68158761561849,1.68158699870467,1.67943041808304,1.68351984717659,0.73338377422495,0.733366965638753,0.733923897429152,0.742102071880144,2.7900514395221,2.79004809203352,2.78629971714108,2.79307133847646
Case2_10dB,15.5597591448347,1.64319168122398,1.7724157939207,1.62716282710463,6.25018894417423,0.751183486470963,1.03876741198944,0.743431922198819,5.16612879755611,2.63504232648065,2.65411956130624,2.6365863824321
Case2_20dB,47.3103411773605,1.85899416385028,3.59256743505988,1.62713488195253,4.20220252664524,0.752266402235052,1.04704052745,0.73983776953463,13.1760854317843,2.65343709977139,2.9526050690835,2.63637006836218
