Case,Pipe1_Standard,Pipe1_Chen,Pipe1_EKF_LE,Pipe1_AFEKF,Pipe5_Standard,Pipe5_Chen,Pipe5_EKF_LE,Pipe5_AFEKF,Flow_Standard,Flow_Chen,Flow_EKF_LE,Flow_AFEKF
Case1_Clean,1.83403238885896,1.83403077691936,1.82984579192358,1.83851272837229,0.80977902880225,0.809762223060466,0.788989135150677,0.825772770282109,2.98590416069407,2.9859013448546,2.98633866585826,2.98764615340007
Case2_10dB,18.2707039220011,1.99615172794963,2.41243487328417,1.99690790024366,3.77376922553545,0.757042559187513,0.942305766100087,0.762540408847999,6.05150152798944,3.28167468336608,3.31994546163104,3.28352146419462
Case2_20dB,61.8081401813576,2.6346060298502,4.50417044678328,1.99578755732823,1.79862806351519,0.763443930216422,2.80046401892313,0.757205624845145,16.7197532470237,3.3397458977151,3.86696536704489,3.28321571567995
