Period,P_RMSE_Standard,P_RMSE_Chen,P_RMSE_EKF_LE,P_RMSE_AFEKF,M_RMSE_Standard,M_RMSE_Chen,M_RMSE_EKF_LE,M_RMSE_AFEKF,Pipe1_Standard,Pipe1_Chen,Pipe1_EKF_LE,Pipe1_AFEKF,Pipe5_Standard,Pipe5_Chen,Pipe5_EKF_LE,Pipe5_AFEKF
Full_Period,0.0921762439494552,0.070251500122389,0.0619783546974688,0.0601553646675473,4.66300600710593,3.58069567803315,2.93437584431637,2.9025558962168,10.8436796125871,1.42861278182188,1.67064126016255,1.4928736441517,2.04003096079635,3.75866184352365,1.79125912250118,1.5093684659114
Normal_0to6h_18to24h,0.0566555770565747,0.0619823361557573,0.0630443828170519,0.0610093822046276,4.09280935913829,3.33141434591787,2.84771387803272,2.85133238408677,10.2496800049636,1.47651472602124,1.8115533188735,1.5634829734734,1.45856331334771,3.18695182234386,1.43518223904849,1.34864954150749
Leak_12to18h,0.13750776975071,0.0840775296153321,0.059560234433731,0.0582759061098666,5.58235977131782,4.02035699235553,3.06734260001753,2.96830228201787,11.8067002778697,1.31829875623115,1.32390106397757,1.32543780731512,2.86868816852379,4.74106465119826,2.34978331616125,1.79327926490346
