Period,P_RMSE_Standard,P_RMSE_Chen,P_RMSE_EKF_LE,P_RMSE_AFEKF,M_RMSE_Standard,M_RMSE_Chen,M_RMSE_EKF_LE,M_RMSE_AFEKF,Pipe1_Standard,Pipe1_Chen,Pipe1_EKF_LE,Pipe1_AFEKF,Pipe5_Standard,Pipe5_Chen,Pipe5_EKF_LE,Pipe5_AFEKF
Full_Period,0.103854256880614,0.0715568481196558,0.0590974433333917,0.0593415937048338,4.35261708932243,3.33500045687158,2.68430219115254,2.67773980504476,10.2448373476369,1.11472100122911,1.04283715156527,1.04375364385585,3.29144475769484,3.75301367382716,1.76827517917416,1.7061387945331
Normal_0to6h_18to24h,0.0591128661230855,0.0633732505890839,0.0567290747133896,0.0573180094911592,3.65053894186065,3.00722438826899,2.54433403706753,2.5511499880878,10.0103110716008,0.968116752711815,0.99401581749319,0.983232369158308,1.48230456087667,3.23580184226231,1.47356678633187,1.43404909986663
Leak_12to18h,0.158425499695477,0.0850865856366948,0.0630422974611838,0.0626766376033449,5.50156428793412,3.97362406534645,3.01269653478461,2.98257528789424,10.5619524918379,1.35550330159357,1.12676046054878,1.14843804395875,5.30008328268905,4.67952818572338,2.28582517950713,2.19027404978542
