Period,P_RMSE_Standard,P_RMSE_Chen,P_RMSE_EKF_LE,P_RMSE_AFEKF,M_RMSE_Standard,M_RMSE_Chen,M_RMSE_EKF_LE,M_RMSE_AFEKF,Pipe1_Standard,Pipe1_Chen,Pipe1_EKF_LE,Pipe1_AFEKF,Pipe5_Standard,Pipe5_Chen,Pipe5_EKF_LE,Pipe5_AFEKF
Full_Period,0.124849642593099,0.0641719018439724,0.0521963016075663,0.0524175406723496,4.35927281176267,3.01836964112285,2.26830999995809,2.21235181011207,10.4696084075423,1.21584605988464,1.00064861721403,0.939188103084177,2.26413567178944,3.72548732449316,1.64492000682316,1.39948876709445
Normal_0to6h_18to24h,0.0508923851494321,0.0558556875341337,0.0490606349782463,0.0501279498186213,3.65501382929752,2.72520392775691,2.19780886781045,2.16801082454902,10.2170072877147,1.02620698163167,1.08168946044178,1.00323672545071,1.48325855018403,3.16191247046349,1.38679578960309,1.28666494617781
Leak_12to18h,0.203116111452733,0.07848912784046,0.0582019407242748,0.0569001149080874,5.47450101961192,3.55314608365926,2.41621963578583,2.31325563943801,10.8177478707224,1.51314532510158,0.800001587931456,0.782368848441089,3.30605280447676,4.6814813874466,2.06690694519916,1.60226066500325
