Period,P_RMSE_Standard,P_RMSE_Chen,P_RMSE_EKF_LE,P_RMSE_AFEKF,M_RMSE_Standard,M_RMSE_Chen,M_RMSE_EKF_LE,M_RMSE_AFEKF,Pipe1_Standard,Pipe1_Chen,Pipe1_EKF_LE,Pipe1_AFEKF,Pipe5_Standard,Pipe5_Chen,Pipe5_EKF_LE,Pipe5_AFEKF
Full_Period,0.127836702402963,0.0694490489505937,0.0594324010561574,0.0607938619990029,4.78218605911558,3.26859874696092,2.60953782554978,2.61966909404131,10.9987411202245,1.24540236136212,1.25451666577349,1.19564524622472,2.99947826596879,3.75303929257676,1.77206039040199,1.70584980807718
Normal_0to6h_18to24h,0.0566975672514088,0.0615635125536382,0.0569475874889797,0.0583065719705994,3.71107150613039,2.69122875979106,2.17833682382643,2.16512411108783,10.2854277299221,1.22706842391464,1.31493155591137,1.23964340719503,1.48544939731651,3.18021079762289,1.4795825890579,1.38815977336113
Leak_12to18h,0.205361538902986,0.0825662514725363,0.0635832904909416,0.0649309507732771,6.36356689781885,4.18855427334131,3.28867648922011,3.32896796011689,12.1660843665392,1.27481449404748,1.12138842234118,1.10115579964179,4.74286537967533,4.74481953588382,2.26175233043893,2.22098395053206
