Period,P_RMSE_Standard,P_RMSE_Chen,P_RMSE_EKF_LE,P_RMSE_AFEKF,M_RMSE_Standard,M_RMSE_Chen,M_RMSE_EKF_LE,M_RMSE_AFEKF,Pipe1_Standard,Pipe1_Chen,Pipe1_EKF_LE,Pipe1_AFEKF,Pipe5_Standard,Pipe5_Chen,Pipe5_EKF_LE,Pipe5_AFEKF
Full_Period,0.0896396866840819,0.069124256637823,0.0596493395917416,0.0589986047756461,4.26333556989901,3.36177620843037,2.70344138411887,2.67314620633391,8.54990715905626,1.28484567858415,1.26607083365131,1.28027010219341,5.91249441513176,3.74214188342629,1.48275506668078,1.27355654383335
Normal_0to6h_18to24h,0.0561555410469591,0.0607877052221844,0.0589481812241389,0.0582828016278406,3.60058297093595,3.20065792325569,2.75701402252458,2.75007792150741,8.10495032166411,1.30162585204739,1.31964675259487,1.34036390999608,1.45766005445854,3.16700108605746,1.28022294861558,1.14379191009139
Leak_12to18h,0.132837589684282,0.0832643330419009,0.0607926867621956,0.0601784945763056,5.30627283001783,3.65833101402594,2.56471602813579,2.48328137429519,9.27615141305509,1.28528442219519,1.19760575716228,1.19751346902771,9.99287655361714,4.73962360616093,1.83959925700081,1.51490351393059
