Period,P_RMSE_Standard,P_RMSE_Chen,P_RMSE_EKF_LE,P_RMSE_AFEKF,M_RMSE_Standard,M_RMSE_Chen,M_RMSE_EKF_LE,M_RMSE_AFEKF,Pipe1_Standard,Pipe1_Chen,Pipe1_EKF_LE,Pipe1_AFEKF,Pipe5_Standard,Pipe5_Chen,Pipe5_EKF_LE,Pipe5_AFEKF
Full_Period,0.129314919460663,0.0710387474753988,0.0592082768075014,0.0605126111910732,4.87907766203368,3.27414530515346,2.67045302209218,2.65163365627192,11.0872204233455,1.04690859829836,1.14810949515193,1.17858670645801,1.79474166585702,3.73956710489718,2.03787087453425,1.88444490445207
Normal_0to6h_18to24h,0.0577097219523378,0.0620737240627695,0.0556392579483643,0.058136596908651,3.81359369140762,3.02122573079837,2.58138001929925,2.57454821248086,9.93505435231697,1.05910272839541,1.0570262006226,1.08823803479435,1.54180981173351,3.13689970772492,1.54176602845447,1.4686315350461
Leak_12to18h,0.207571707194884,0.0858677255913496,0.0653578492736856,0.0645546678939626,6.46004808015643,3.7253414386008,2.81664018171125,2.77524445991686,12.9597546478541,1.00709050421596,1.29772150057684,1.32697793128324,2.23465902976956,4.76679058215774,2.78636109418155,2.52884817342988
