Period,P_RMSE_Standard,P_RMSE_Chen,P_RMSE_EKF_LE,P_RMSE_AFEKF,M_RMSE_Standard,M_RMSE_Chen,M_RMSE_EKF_LE,M_RMSE_AFEKF,Pipe1_Standard,Pipe1_Chen,Pipe1_EKF_LE,Pipe1_AFEKF,Pipe5_Standard,Pipe5_Chen,Pipe5_EKF_LE,Pipe5_AFEKF
Full_Period,0.137047180307152,0.0759816712306126,0.0655692591569282,0.0643707788395901,5.18394542033965,3.818149182916,3.23179930822574,3.22710468229127,11.3786624469647,1.45955351354368,1.45997286709955,1.37029388686464,3.47002054767236,3.7500917543272,1.67701085593693,1.75108242226444
Normal_0to6h_18to24h,0.0646570636080955,0.0691040751596616,0.0653297064964806,0.0638252104198536,4.41865604506129,3.72857751307847,3.35010650486345,3.3511546045384,10.1574594841938,1.54336261197877,1.65483926900565,1.55590703238115,1.47785754766368,3.15398883048232,1.45003971292678,1.58022547353857
Leak_12to18h,0.218529516631132,0.0892737893863092,0.0672285857755424,0.0665521847215259,6.40804919189321,3.99577978876313,2.9716076722918,2.95300167695856,13.3597672500745,1.25323443842378,0.929134232151352,0.862023397873584,5.62197541907697,4.77043675094481,2.08087861543443,2.06941619923266
