Period,P_RMSE_Standard,P_RMSE_Chen,P_RMSE_EKF_LE,P_RMSE_AFEKF,M_RMSE_Standard,M_RMSE_Chen,M_RMSE_EKF_LE,M_RMSE_AFEKF,Pipe1_Standard,Pipe1_Chen,Pipe1_EKF_LE,Pipe1_AFEKF,Pipe5_Standard,Pipe5_Chen,Pipe5_EKF_LE,Pipe5_AFEKF
Full_Period,0.129615838538945,0.0689501225889183,0.0583023713355196,0.0612799005259834,5.03988198108032,3.50678061826968,2.89161896112842,2.99795639311907,12.183938459293,1.3874910208164,1.27424923777372,1.15914947969567,4.07680554850788,3.76027783331401,1.75289222421608,2.27359946224082
Normal_0to6h_18to24h,0.0537526958003669,0.0589024101424051,0.0549765058772821,0.057702762529949,3.53704601882422,3.00902506747434,2.55767312337987,2.6545955088248,8.61473320023147,1.12535704102766,1.14602850654878,1.07759607293373,1.36677681625154,3.14457604364155,1.36500587943623,1.83897994314176
Leak_12to18h,0.210460259703582,0.0858360126415297,0.0648147978297714,0.0679994630006625,7.20676367350001,4.48356446960881,3.63704271169094,3.75846485515521,17.1121496081679,1.79052440976029,1.49280091987888,1.30739424527472,6.76718094830893,4.80353008941752,2.35182251262611,2.97683290984618
