Period,P_RMSE_Standard,P_RMSE_Chen,P_RMSE_EKF_LE,P_RMSE_AFEKF,M_RMSE_Standard,M_RMSE_Chen,M_RMSE_EKF_LE,M_RMSE_AFEKF,Pipe1_Standard,Pipe1_Chen,Pipe1_EKF_LE,Pipe1_AFEKF,Pipe5_Standard,Pipe5_Chen,Pipe5_EKF_LE,Pipe5_AFEKF
Full_Period,0.0949644963115983,0.0670331118763039,0.0555689659924856,0.0559891470131785,4.99234426516256,3.16609785098499,2.44968749412637,2.46298186457103,13.4614999067501,1.08978727495271,0.975906170758474,0.964034677823533,6.49332840927828,3.77864888445136,1.60281197343391,1.71899953475978
Normal_0to6h_18to24h,0.0544211680410106,0.0592109327690058,0.0534725237365782,0.0541396236490594,3.82252758755704,2.87170791723253,2.38617092626327,2.40820797057363,11.0742858477919,1.00773404325102,1.03233067657125,1.03563605269441,1.36811424941102,3.17077626531396,1.35412834048432,1.50016700496301
Leak_12to18h,0.144683586159441,0.080284998422661,0.0592491694353425,0.0592144000537813,6.72067334852847,3.71752841588175,2.59985947963967,2.59564240157365,17.127045563508,1.22738994547656,0.842910872782113,0.792079989841182,11.0332407439518,4.81308173941742,2.02785767544473,2.102664505773
