Period,P_RMSE_Standard,P_RMSE_Chen,P_RMSE_EKF_LE,P_RMSE_AFEKF,M_RMSE_Standard,M_RMSE_Chen,M_RMSE_EKF_LE,M_RMSE_AFEKF,Pipe1_Standard,Pipe1_Chen,Pipe1_EKF_LE,Pipe1_AFEKF,Pipe5_Standard,Pipe5_Chen,Pipe5_EKF_LE,Pipe5_AFEKF
Full_Period,0.112070938758027,0.0637377243801459,0.0539668898435074,0.0541928052301011,4.74363190599139,3.30068764926258,2.65959540772338,2.63453294974491,10.4860739592832,1.32787785118862,1.15855713334131,1.12486264521325,6.46777714358718,3.80731760585653,1.67846041745519,1.52105585762821
Normal_0to6h_18to24h,0.0557019608946604,0.0602406998401276,0.0536632070462462,0.0538703445145009,3.76316133180911,3.02072777062852,2.57353871462645,2.58394910630587,9.71284481560326,1.19491738547133,1.20445483869635,1.17875489863045,1.45082754164588,3.24566920351008,1.29013136550389,1.29645084313181
Leak_12to18h,0.176615468495755,0.0702151298193767,0.0543896945185566,0.0546367852791426,6.21569997337859,3.79842019467799,2.80184820534263,2.71168486391225,11.7566837208023,1.57500208206978,1.08320414697574,1.03195344974793,10.9690248490558,4.78452062341477,2.2752656021692,1.90640104856363
