Period,P_RMSE_Standard,P_RMSE_Chen,P_RMSE_EKF_LE,P_RMSE_AFEKF,M_RMSE_Standard,M_RMSE_Chen,M_RMSE_EKF_LE,M_RMSE_AFEKF,Pipe1_Standard,Pipe1_Chen,Pipe1_EKF_LE,Pipe1_AFEKF,Pipe5_Standard,Pipe5_Chen,Pipe5_EKF_LE,Pipe5_AFEKF
Full_Period,0.0953324206063971,0.0668423479527609,0.0614571678471575,0.0562513973328947,4.96553102194158,3.63233086348699,3.01170183029366,2.97814407564669,9.80020709888363,1.48460648302604,1.78947381700844,1.61244185010214,3.96730347194553,3.75410046438874,1.74971902776798,1.57332063291485
Normal_0to6h_18to24h,0.0552488896984543,0.0595233392726341,0.0624562173339713,0.0549739252142289,4.20769233279994,3.73887325782752,3.31418376496545,3.28913196008982,9.00456116299018,1.63727291942999,1.97526033595152,1.73072442021421,1.40849207604898,3.17246620339917,1.28879489813608,1.17657923246311
Leak_12to18h,0.144942753131545,0.079713790903772,0.0593167456422414,0.0587433904168961,6.16565028433027,3.40709094510254,2.26496149529267,2.20526680579577,11.1042708477788,1.09460102084781,1.31153298947767,1.32034651191344,6.55538343848339,4.74994553719366,2.43142573029227,2.16790366008792
