Period,P_RMSE_Standard,P_RMSE_Chen,P_RMSE_EKF_LE,P_RMSE_AFEKF,M_RMSE_Standard,M_RMSE_Chen,M_RMSE_EKF_LE,M_RMSE_AFEKF,Pipe1_Standard,Pipe1_Chen,Pipe1_EKF_LE,Pipe1_AFEKF,Pipe5_Standard,Pipe5_Chen,Pipe5_EKF_LE,Pipe5_AFEKF
Full_Period,0.223004404888011,0.0737681868876132,0.0602208118486524,0.0612497424348418,4.27506887697873,3.37633267768125,2.70816066950466,2.69807405484661,9.37001978345536,1.20710114597275,1.20617800503189,1.24082843923788,1.81501010723212,3.75217660759873,1.76400556806663,1.55708042612386
Normal_0to6h_18to24h,0.06210530162562,0.0668080345249326,0.0589166580329635,0.061226679874784,3.75461402349841,3.19570564093274,2.74335490183143,2.75954231300166,9.10021849561834,1.1225290935343,1.06907744095136,1.1117150321054,1.52442779587889,3.14868813932727,1.50514303690955,1.39958727716014
Leak_12to18h,0.374554236385888,0.0865243881718613,0.0634262007409944,0.0618657577261109,5.15188026849962,3.75238884002292,2.67632492251408,2.61161881774784,9.76432884115535,1.35530516141671,1.43388501225565,1.45733089238873,2.28900571266468,4.77047621775905,2.19275531408352,1.83189825009741
