Period,P_RMSE_Standard,P_RMSE_Chen,P_RMSE_EKF_LE,P_RMSE_AFEKF,M_RMSE_Standard,M_RMSE_Chen,M_RMSE_EKF_LE,M_RMSE_AFEKF,Pipe1_Standard,Pipe1_Chen,Pipe1_EKF_LE,Pipe1_AFEKF,Pipe5_Standard,Pipe5_Chen,Pipe5_EKF_LE,Pipe5_AFEKF
Full_Period,0.193436967809911,0.0691304547927174,0.0592933588138297,0.0603774862667405,4.89340217126663,3.38163266771267,2.74538345512644,2.76344758258273,11.0788305603452,1.10727837923975,1.06038175452655,1.08653918700344,3.21815858793952,3.74542419797669,1.73181668245159,1.64818074143674
Normal_0to6h_18to24h,0.0551623480072544,0.0599655216640564,0.0566002482692253,0.0586644230961356,3.56644363367959,3.07062889690662,2.61491416352206,2.65237305301349,8.94422415822306,1.02419727516679,1.07673394220237,1.11117941185525,1.47814293011424,3.20287785821315,1.4012802602676,1.35435331023513
Leak_12to18h,0.324317931381155,0.0842597658999714,0.0639962157067732,0.063315262728978,6.76931939724903,3.92869384524347,2.96852672188491,2.95051576182224,14.3113261645525,1.24412877292583,1.01181748175984,1.01988970964324,5.15741684979339,4.69885259132449,2.27543047032512,2.1404919077258
