Period,P_RMSE_Standard,P_RMSE_Chen,P_RMSE_EKF_LE,P_RMSE_AFEKF,M_RMSE_Standard,M_RMSE_Chen,M_RMSE_EKF_LE,M_RMSE_AFEKF,Pipe1_Standard,Pipe1_Chen,Pipe1_EKF_LE,Pipe1_AFEKF,Pipe5_Standard,Pipe5_Chen,Pipe5_EKF_LE,Pipe5_AFEKF
Full_Period,0.0914690727374365,0.0720661548479469,0.0620316065314266,0.0654071006384136,5.29483708981072,3.73366100717856,3.14061592517928,3.19976657808664,12.0932230872919,1.09642259673052,1.15829573160608,1.0883067195897,2.01844809415552,3.79993133465092,1.73324965224767,2.09912171706815
Normal_0to6h_18to24h,0.0603681800729598,0.0652138090043067,0.0606059634647061,0.0644514137944429,3.71648190995177,3.09216633675029,2.64525863249596,2.73123538529087,9.20322376357266,1.11170596079511,1.19921327476214,1.10531785872586,1.33317464925152,3.18553061740139,1.31192277912118,1.8124290207759
Leak_12to18h,0.133289710832853,0.08455292979061,0.0654287677046042,0.0677739094361846,7.50412415986765,4.81023278759168,3.99109258348066,4.02049858216638,16.28734053004,1.0494438908706,1.05431996268444,1.03802929312014,2.94774552544018,4.84357831965782,2.3699422775188,2.60310354786295
