Period,P_RMSE_Standard,P_RMSE_Chen,P_RMSE_EKF_LE,P_RMSE_AFEKF,M_RMSE_Standard,M_RMSE_Chen,M_RMSE_EKF_LE,M_RMSE_AFEKF,Pipe1_Standard,Pipe1_Chen,Pipe1_EKF_LE,Pipe1_AFEKF,Pipe5_Standard,Pipe5_Chen,Pipe5_EKF_LE,Pipe5_AFEKF
Full_Period,0.101040062695215,0.064417275300603,0.0543848390330965,0.0545307059591499,4.79580477333543,3.2593195676612,2.60367237567323,2.64574982713135,12.2847265000196,1.15750205804441,1.12529641882871,1.02075881460708,3.39376980106006,3.7142992162604,1.88601896411461,1.72446942188836
Normal_0to6h_18to24h,0.0528437740752457,0.0574722608770532,0.0527616272796013,0.0526314106128202,3.82991345178447,2.98518476661842,2.54286356390331,2.57592624947171,10.7148714611544,1.02631331762558,1.19087853769668,1.05755195944436,1.48480701884907,3.10524707511597,1.47256684832646,1.38293952783788
Leak_12to18h,0.157490696090005,0.0762081351517062,0.0571575032078348,0.0578006527587832,6.27039987978852,3.77464166460168,2.74036007313559,2.79628253168314,14.7976580186793,1.38687692530395,0.982673097969844,0.949182547879719,5.4894177282987,4.76316107835819,2.55845507860132,2.30021390616704
