Period,P_RMSE_Standard,P_RMSE_Chen,P_RMSE_EKF_LE,P_RMSE_AFEKF,M_RMSE_Standard,M_RMSE_Chen,M_RMSE_EKF_LE,M_RMSE_AFEKF,Pipe1_Standard,Pipe1_Chen,Pipe1_EKF_LE,Pipe1_AFEKF,Pipe5_Standard,Pipe5_Chen,Pipe5_EKF_LE,Pipe5_AFEKF
Full_Period,0.195574742868811,0.0657414251213415,0.0531347089826796,0.053761682998618,4.47903581462265,3.10953455999944,2.38530181975844,2.3852257116503,10.5970281880437,1.22315331819655,1.29029308315256,1.19409224216213,3.80451993517715,3.7019589804991,1.7921814210195,1.59114772740696
Normal_0to6h_18to24h,0.0539364416861199,0.0582861381948174,0.0523793663097242,0.0539498857041381,3.66274044690506,2.81704661345621,2.32904926567963,2.33966038400264,10.1517162059088,1.15284033083769,1.1921139863363,1.10724150484682,1.44442043964319,3.1087268668197,1.42611141620862,1.29449082363239
Leak_12to18h,0.328545517538282,0.0785695523977095,0.0545510796658864,0.0532627096235494,5.74793629377963,3.64858139200459,2.5107154928087,2.49030935706653,11.299379944067,1.34139807135965,1.45731965250388,1.34291417522222,6.24325521327435,4.70705673305525,2.3697826410607,2.06960506716816
