Period,P_RMSE_Standard,P_RMSE_Chen,P_RMSE_EKF_LE,P_RMSE_AFEKF,M_RMSE_Standard,M_RMSE_Chen,M_RMSE_EKF_LE,M_RMSE_AFEKF,Pipe1_Standard,Pipe1_Chen,Pipe1_EKF_LE,Pipe1_AFEKF,Pipe5_Standard,Pipe5_Chen,Pipe5_EKF_LE,Pipe5_AFEKF
Full_Period,0.094828982527234,0.0692533793527064,0.06006987898654,0.0599966060582948,4.34129670603518,2.93684525215535,2.12961113519026,2.1397314692877,9.46461814490776,1.19180132267016,1.10380019238298,1.10059862309104,5.95802256991437,3.74501375557583,1.66177840695513,1.72619228461648
Normal_0to6h_18to24h,0.0563864999808974,0.0607403480091629,0.0569921350790958,0.0564396698539515,3.34135029477265,2.64443422444071,2.07928086136332,2.05948415363486,9.3992892723918,0.966138838363138,0.9888024577138,0.981764974395713,1.41698910656279,3.1761227424874,1.39486413955219,1.33952545106878
Leak_12to18h,0.143239084439739,0.0840880938983862,0.0661369972915472,0.0668761303496892,5.81053886289182,3.45743648131892,2.21486010655579,2.2787439273143,9.46409471139244,1.5365811275236,1.29554193499555,1.29789641687648,10.0826502083812,4.73625673547461,2.11618441153519,2.32694102158192
