Period,P_RMSE_Standard,P_RMSE_Chen,P_RMSE_EKF_LE,P_RMSE_AFEKF,M_RMSE_Standard,M_RMSE_Chen,M_RMSE_EKF_LE,M_RMSE_AFEKF,Pipe1_Standard,Pipe1_Chen,Pipe1_EKF_LE,Pipe1_AFEKF,Pipe5_Standard,Pipe5_Chen,Pipe5_EKF_LE,Pipe5_AFEKF
Full_Period,0.12211257511655,0.065708900223668,0.0553347640548589,0.0581845721726969,4.54515431159317,3.1326418184453,2.39691385935784,2.40080859011376,10.2429258170231,1.28101026976953,1.34338024397731,1.28021260586455,3.4528563893887,3.76253803211725,1.50218148321572,1.43073446086795
Normal_0to6h_18to24h,0.0555771482811538,0.0595029905733217,0.054526714219393,0.058631848049209,3.59524825350308,2.82355754139465,2.31698583366642,2.3231882723471,9.67701471876365,1.38911400313927,1.47581217594631,1.38922615009091,1.47243394983194,3.17850771123592,1.27669523337822,1.15527442961147
Leak_12to18h,0.19544690441062,0.0764969010356377,0.0566833669702821,0.0570021199117147,5.97441755556548,3.68163082439794,2.5444409874608,2.54285189336309,11.1614664370999,1.01937627096649,1.01752053946754,1.01916089709434,5.58857166391634,4.75732990059168,1.87541338185354,1.85991443189636
