Period,P_RMSE_Standard,P_RMSE_Chen,P_RMSE_EKF_LE,P_RMSE_AFEKF,M_RMSE_Standard,M_RMSE_Chen,M_RMSE_EKF_LE,M_RMSE_AFEKF,Pipe1_Standard,Pipe1_Chen,Pipe1_EKF_LE,Pipe1_AFEKF,Pipe5_Standard,Pipe5_Chen,Pipe5_EKF_LE,Pipe5_AFEKF
Full_Period,0.231211891097089,0.065390311335137,0.0560430395616384,0.0557349357710468,5.20554086358723,2.9617160315214,2.20862286310264,2.14737497227051,12.5301238979907,1.23208463300138,1.13047683422332,1.09478497446569,5.903164096197,3.77966418427596,1.85765041642093,1.487555463936
Normal_0to6h_18to24h,0.055910013531019,0.0608681063292483,0.0543146418902846,0.0546772821721155,3.53775263251638,2.70817557231594,2.15653721657737,2.13894264561818,9.48404199045639,1.18345692269183,1.25550373022632,1.19277533267589,1.44481405887374,3.18084563120786,1.32527849669112,1.18433690035462
Leak_12to18h,0.390730084414145,0.0731956766300143,0.058870492576986,0.057326908610024,7.46956897635704,3.44860721851186,2.34071590142858,2.19792921644286,16.934586686521,1.32127877791973,0.819643414398274,0.862680539139446,9.97821998419886,4.80056586652724,2.62747954228237,1.97805495058987
