Period,P_RMSE_Standard,P_RMSE_Chen,P_RMSE_EKF_LE,P_RMSE_AFEKF,M_RMSE_Standard,M_RMSE_Chen,M_RMSE_EKF_LE,M_RMSE_AFEKF,Pipe1_Standard,Pipe1_Chen,Pipe1_EKF_LE,Pipe1_AFEKF,Pipe5_Standard,Pipe5_Chen,Pipe5_EKF_LE,Pipe5_AFEKF
Full_Period,0.0960390047980729,0.0705120418039958,0.0583733331509238,0.0586928154118923,4.32094024242904,3.08854636650539,2.31462909756071,2.29175863412636,9.89218549344375,1.22102754737602,1.20173520929597,1.181719157664,3.7200048452067,3.81922201881904,1.51044821995221,1.44584646919891
Normal_0to6h_18to24h,0.0546257643319433,0.0596469653298945,0.0540840332391046,0.0548059355199153,3.24447117023628,2.60566764056877,2.05146039651988,2.04453832612364,8.88448454643213,1.12810398450748,1.16473762177154,1.13646835208828,1.5763382951333,3.20680464155845,1.48196888508688,1.44245326768743
Leak_12to18h,0.146701771849067,0.0883188600729833,0.0659409111362591,0.0655837590107596,5.90072419013726,3.9185545086916,2.80669055057712,2.75972920481509,11.5365137964744,1.40645544921917,1.29995638467122,1.29474126678449,6.0311306821486,4.86519982039959,1.59943094183602,1.48878789732761
