Period,P_RMSE_Standard,P_RMSE_Chen,P_RMSE_EKF_LE,P_RMSE_AFEKF,M_RMSE_Standard,M_RMSE_Chen,M_RMSE_EKF_LE,M_RMSE_AFEKF,Pipe1_Standard,Pipe1_Chen,Pipe1_EKF_LE,Pipe1_AFEKF,Pipe5_Standard,Pipe5_Chen,Pipe5_EKF_LE,Pipe5_AFEKF
Full_Period,0.12251648804477,0.067279296102833,0.0551046822503875,0.056953078498579,4.41203162269051,2.99530874447398,2.24766584886836,2.23776865396191,10.3664225825092,1.27651145074071,1.25101604438077,1.22803339953089,3.29150294460328,3.74876755120391,1.74634389937591,1.74735397914189
Normal_0to6h_18to24h,0.0534853877352475,0.0586155002737081,0.0526776703626522,0.0556920914766672,3.34888686268125,2.71674179322201,2.2210612000312,2.22878387348399,9.33290507493701,1.28417307302855,1.33247154874941,1.29685986311151,1.46678623425954,3.16070981301021,1.46269627187277,1.51193252190893
Leak_12to18h,0.197309864483694,0.0815164809071229,0.0592795111103108,0.0589721873956414,5.95649728767544,3.48599419228694,2.28069970631282,2.2352204058622,12.0528090348646,1.26555005248935,1.08301254356115,1.09065661368937,5.29434611534597,4.74751070476153,2.2160952558198,2.14838602281466
