Period,P_RMSE_Standard,P_RMSE_Chen,P_RMSE_EKF_LE,P_RMSE_AFEKF,M_RMSE_Standard,M_RMSE_Chen,M_RMSE_EKF_LE,M_RMSE_AFEKF,Pipe1_Standard,Pipe1_Chen,Pipe1_EKF_LE,Pipe1_AFEKF,Pipe5_Standard,Pipe5_Chen,Pipe5_EKF_LE,Pipe5_AFEKF
Full_Period,0.131698061360409,0.0696220915844857,0.0584460698893184,0.0578818988908546,4.7189060801829,3.02150870181924,2.27018350073019,2.22504980131172,10.1721299432347,1.36095190755797,1.25913978004589,1.20389803789645,6.32189293122978,3.77720119234494,1.825958523359,1.58436039457113
Normal_0to6h_18to24h,0.0542427540095778,0.0590606216621339,0.0546309907440915,0.0550136382436006,3.28152948133933,2.53473907119976,1.95036348901485,1.94228782737949,9.28532754857387,1.19511081889265,1.23448219652792,1.25737272547854,1.49101115443215,3.20186715556276,1.47810882996877,1.3933614417152
Leak_12to18h,0.21390773612656,0.087029511080081,0.0653640235959044,0.0631918245386551,6.7045354002543,3.84741979670827,2.83037645922584,2.73118039325716,11.6235920411034,1.6277161702946,1.29015265263238,1.07066038700943,10.7009604239924,4.77077920301931,2.3876407346018,1.92723495869071
