Period,P_RMSE_Standard,P_RMSE_Chen,P_RMSE_EKF_LE,P_RMSE_AFEKF,M_RMSE_Standard,M_RMSE_Chen,M_RMSE_EKF_LE,M_RMSE_AFEKF,Pipe1_Standard,Pipe1_Chen,Pipe1_EKF_LE,Pipe1_AFEKF,Pipe5_Standard,Pipe5_Chen,Pipe5_EKF_LE,Pipe5_AFEKF
Full_Period,0.104957271756017,0.0668056197088278,0.0547374401951768,0.0537236138912392,4.67297346766245,3.14756291622439,2.404129046186,2.37669956437358,10.2366586675182,1.21667421211147,1.2188040913841,1.21069248070352,6.21861462346575,3.81621876687041,1.72575214634742,1.53516838323774
Normal_0to6h_18to24h,0.051704507590985,0.0566230654757454,0.0530470283316867,0.0523375933107646,3.38363064957258,2.57943418357017,2.01820614895518,2.00630337573526,9.92004210938717,1.05222095781044,1.10223168301529,1.05974759648399,1.54363630794478,3.22833459721153,1.48260054376318,1.42455089102808
Leak_12to18h,0.165671596901983,0.0832329003038175,0.0576972433706747,0.0561636120513566,6.49746945625138,4.07131581942632,3.0400270614842,2.98982055612257,10.7082490934908,1.49103758833193,1.41821490256992,1.46242796140145,10.5078652846962,4.84184989879339,2.16275731132066,1.77345417206257
