Period,P_RMSE_Standard,P_RMSE_Chen,P_RMSE_EKF_LE,P_RMSE_AFEKF,M_RMSE_Standard,M_RMSE_Chen,M_RMSE_EKF_LE,M_RMSE_AFEKF,Pipe1_Standard,Pipe1_Chen,Pipe1_EKF_LE,Pipe1_AFEKF,Pipe5_Standard,Pipe5_Chen,Pipe5_EKF_LE,Pipe5_AFEKF
Full_Period,0.168373054702299,0.0679617808798626,0.0592187546631501,0.0581231460616358,4.36129017858087,3.01223830555046,2.31479986089757,2.2765944545748,10.6590837021336,1.04411816370654,1.20678357363678,1.14605764585315,1.88224931534457,3.75099022882091,1.93259585885764,1.75540929949893
Normal_0to6h_18to24h,0.0498365053367964,0.054650478644984,0.0523372061004503,0.0516163430959898,3.41866833257773,2.58326776510483,2.03077883414082,2.03294837082046,9.94892676239716,0.918873765014172,1.10807612660125,1.02434514684497,1.47842893920195,3.20843663928392,1.46967088427115,1.39607253246778
Leak_12to18h,0.281648649037502,0.0884880288442135,0.0705545617526595,0.0688737209330033,5.7666586292059,3.73385365080496,2.78779074120242,2.68813810931077,11.8212614286475,1.25227921202258,1.37270320568539,1.34833806220816,2.51310614214171,4.70197736578745,2.63404261174046,2.32223034679285
