Period,P_RMSE_Standard,P_RMSE_Chen,P_RMSE_EKF_LE,P_RMSE_AFEKF,M_RMSE_Standard,M_RMSE_Chen,M_RMSE_EKF_LE,M_RMSE_AFEKF,Pipe1_Standard,Pipe1_Chen,Pipe1_EKF_LE,Pipe1_AFEKF,Pipe5_Standard,Pipe5_Chen,Pipe5_EKF_LE,Pipe5_AFEKF
Full_Period,0.196763129384751,0.0657670489084107,0.0576109044618087,0.0573625056102691,5.74887262243836,3.4264403512004,2.7890796308989,2.82130739912308,15.0452901252242,1.19510575921501,1.17917790600494,1.10329254105385,5.98736534891188,3.76305431502422,1.75007759983319,1.9106003681207
Normal_0to6h_18to24h,0.052782458503517,0.0566387210326665,0.0555718702729407,0.0552342551836392,3.95743825341606,3.22666567411989,2.8170345352705,2.85884858156437,9.58771634986285,1.15733628590334,1.23734226038974,1.13804555167142,1.46805219294927,3.15995707890329,1.44004744165891,1.72097959180802
Leak_12to18h,0.331124617413029,0.0812352842036276,0.0620017045626982,0.061975500002838,8.20303505230439,3.83076134236294,2.76129170351944,2.77176488700251,22.1124798909911,1.26262364461756,1.04437560077729,1.02450179010828,10.1165239381069,4.78626894370779,2.24708338827756,2.23896567339039
