Period,P_RMSE_Standard,P_RMSE_Chen,P_RMSE_EKF_LE,P_RMSE_AFEKF,M_RMSE_Standard,M_RMSE_Chen,M_RMSE_EKF_LE,M_RMSE_AFEKF,Pipe1_Standard,Pipe1_Chen,Pipe1_EKF_LE,Pipe1_AFEKF,Pipe5_Standard,Pipe5_Chen,Pipe5_EKF_LE,Pipe5_AFEKF
Full_Period,0.098698881455425,0.0686704086848782,0.0597690849083066,0.0602973288453342,4.47858846064738,3.3062210928511,2.6599583470009,2.66025747541154,10.2499342201787,1.21632782326896,1.25966562854644,1.15828932983715,3.68515958162035,3.79421058759239,1.90400691105504,1.8543844423099
Normal_0to6h_18to24h,0.0602955544297472,0.0651215520999447,0.0600194607154982,0.0604333673635326,3.63886545037911,2.93912399301036,2.47569410397059,2.46799679310155,9.27874025442487,1.15150345372813,1.28937373041405,1.1671623805684,1.46837492700634,3.14855317811874,1.45777795440283,1.38494693915252
Leak_12to18h,0.147400437453438,0.0749821517537433,0.0587992408351102,0.0595565701249645,5.79082360054483,3.97903834100696,3.02859040207919,3.04172037395786,11.8371012988304,1.34225281441891,1.19696843488126,1.14312050703552,6.01640096188231,4.87484893735878,2.58266410366812,2.55284215782388
