Period,P_RMSE_Standard,P_RMSE_Chen,P_RMSE_EKF_LE,P_RMSE_AFEKF,M_RMSE_Standard,M_RMSE_Chen,M_RMSE_EKF_LE,M_RMSE_AFEKF,Pipe1_Standard,Pipe1_Chen,Pipe1_EKF_LE,Pipe1_AFEKF,Pipe5_Standard,Pipe5_Chen,Pipe5_EKF_LE,Pipe5_AFEKF
Full_Period,0.179264513287622,0.069522564620296,0.0610379642369975,0.0603630990448712,4.5343218527863,3.23570183633209,2.52740640933441,2.51898037857436,9.80700248799601,1.10550119145055,1.07946739609196,1.03280818488164,5.17422347979894,3.71638603093367,1.40816779843273,1.33913359859958
Normal_0to6h_18to24h,0.0588579770263154,0.0634101034230729,0.0610992187354786,0.0599349987871981,3.54690220778751,2.90726853141039,2.4133459877566,2.40461550456301,9.44977272080717,1.0255979630825,1.15286670162068,1.09308998565992,1.44385212216916,3.17865893797363,1.3298691167089,1.28489215294194
Leak_12to18h,0.297806886466144,0.0805599906346548,0.0608547841788386,0.0611448686678419,5.99898438706481,3.80456680031671,2.71508769530027,2.70689265437989,10.3580451316718,1.24314878046351,0.910662602874106,0.896876790836152,8.69235704179345,4.65481732993002,1.56932260615333,1.45894040430411
