Period,P_RMSE_Standard,P_RMSE_Chen,P_RMSE_EKF_LE,P_RMSE_AFEKF,M_RMSE_Standard,M_RMSE_Chen,M_RMSE_EKF_LE,M_RMSE_AFEKF,Pipe1_Standard,Pipe1_Chen,Pipe1_EKF_LE,Pipe1_AFEKF,Pipe5_Standard,Pipe5_Chen,Pipe5_EKF_LE,Pipe5_AFEKF
Full_Period,0.177669333941754,0.0637151551332355,0.0536668745843012,0.0533134978322553,4.89835504259693,2.9966471629029,2.20416858432325,2.18936022860181,11.0819302289996,1.09520263060845,1.13044498231287,1.04006274871828,3.31024256358408,3.69819335504403,1.40270981021121,1.22259194216854
Normal_0to6h_18to24h,0.0510896484838262,0.0553392759749829,0.0508073854932142,0.0509181543348181,3.41947254199758,2.57623176278806,1.96960231715351,1.95938937691431,9.70692949433791,0.969451646608934,1.07122456148422,0.971517049998627,1.36745672754471,3.19331656698632,1.02960981832467,0.855821307486906
Leak_12to18h,0.297719211380667,0.0775749061625913,0.0585609164284143,0.057424659559077,6.92621191526974,3.69637617886651,2.59112102885851,2.56882694508708,13.289297521799,1.3170392794547,1.24405763683069,1.17333563475079,5.38026651267058,4.5881777297208,1.93713168035705,1.72620289166449
