Period,P_RMSE_Standard,P_RMSE_Chen,P_RMSE_EKF_LE,P_RMSE_AFEKF,M_RMSE_Standard,M_RMSE_Chen,M_RMSE_EKF_LE,M_RMSE_AFEKF,Pipe1_Standard,Pipe1_Chen,Pipe1_EKF_LE,Pipe1_AFEKF,Pipe5_Standard,Pipe5_Chen,Pipe5_EKF_LE,Pipe5_AFEKF
Full_Period,0.142629604377006,0.0683598259262809,0.0567297375981699,0.0579884468589271,4.72043074801484,3.44565230663261,2.78922301371812,2.78750603613182,9.66250257355076,1.59006381054562,1.56246125031722,1.57512611379226,1.79981098806986,3.79410268879021,1.40437581538264,1.3247447236288
Normal_0to6h_18to24h,0.059556273777701,0.0639735600407215,0.0574490695449369,0.0589049748383386,3.49892230843992,3.02728977335111,2.57120553652148,2.5697559232096,8.55841948717328,1.61509464971126,1.62276544341824,1.63619357866668,1.49224805065994,3.21277628420094,1.31756044652373,1.2474867513277
Leak_12to18h,0.231204003799113,0.0762316765925583,0.055203317402913,0.0560193504935653,6.46807426215577,4.15585959451827,3.16056545306744,3.15881289649166,11.4584592995621,1.59873173351483,1.50811625036681,1.51750876898104,2.31106569701187,4.79672563321129,1.57422134410472,1.47266672182001
