Period,P_RMSE_Standard,P_RMSE_Chen,P_RMSE_EKF_LE,P_RMSE_AFEKF,M_RMSE_Standard,M_RMSE_Chen,M_RMSE_EKF_LE,M_RMSE_AFEKF,Pipe1_Standard,Pipe1_Chen,Pipe1_EKF_LE,Pipe1_AFEKF,Pipe5_Standard,Pipe5_Chen,Pipe5_EKF_LE,Pipe5_AFEKF
Full_Period,0.0816779808004685,0.0688367452897475,0.0556278690822863,0.057263207088109,4.59769144891535,3.32191430432684,2.58935614787337,2.6482468996402,10.8114098757441,1.30144272753978,1.39800573027629,1.25435600849535,4.17746769508529,3.76001381965495,1.65716670611889,1.68046828880722
Normal_0to6h_18to24h,0.0532413041185627,0.0578269655911208,0.0513962444190112,0.053831104481473,3.64851847549145,2.91660089163199,2.37170942922698,2.46734750408263,9.93095845967807,1.15799799218288,1.32406768239973,1.18737227158062,1.53766715053025,3.1965383708291,1.38951843212475,1.52531573835036
Leak_12to18h,0.119672566695649,0.0873040824799837,0.0637837244759639,0.0641485308079229,6.02533607363843,4.01419262188487,2.96152664435391,2.96206490957499,12.2663291290593,1.61385573824519,1.61194573572666,1.46358858180791,6.87798825282505,4.74217493921841,2.10143554778081,1.96718333627249
