Period,P_RMSE_Standard,P_RMSE_Chen,P_RMSE_EKF_LE,P_RMSE_AFEKF,M_RMSE_Standard,M_RMSE_Chen,M_RMSE_EKF_LE,M_RMSE_AFEKF,Pipe1_Standard,Pipe1_Chen,Pipe1_EKF_LE,Pipe1_AFEKF,Pipe5_Standard,Pipe5_Chen,Pipe5_EKF_LE,Pipe5_AFEKF
Full_Period,0.15790639722542,0.0699518099740813,0.0603706340276545,0.0606543752968089,4.80136053768828,3.11379457090429,2.45675360586436,2.44810626866504,10.9162175792109,1.27825597355829,1.0765676415405,1.04043245897027,5.87198751154506,3.68729154831122,1.92929968796089,1.53051152012403
Normal_0to6h_18to24h,0.0579952155606385,0.0621885730330029,0.0562341111539671,0.0567413781634354,4.00889027070496,2.99461828129788,2.5349418619707,2.550105018354,11.0367402670694,1.10291181879001,1.11623236776037,1.09733352911266,1.41807457464191,3.11379267004125,1.39121988111836,1.27975046927266
Leak_12to18h,0.259705152002204,0.083062126605243,0.0676156161796063,0.0675685214601444,6.03776646472062,3.33818464129651,2.27245942759524,2.20872303290435,10.5150674667968,1.55956383220347,0.978455278474974,0.902449486590407,9.92794058942099,4.65610163846026,2.69920851561574,1.93859819048877
