Period,P_RMSE_Standard,P_RMSE_Chen,P_RMSE_EKF_LE,P_RMSE_AFEKF,M_RMSE_Standard,M_RMSE_Chen,M_RMSE_EKF_LE,M_RMSE_AFEKF,Pipe1_Standard,Pipe1_Chen,Pipe1_EKF_LE,Pipe1_AFEKF,Pipe5_Standard,Pipe5_Chen,Pipe5_EKF_LE,Pipe5_AFEKF
Full_Period,0.169036007393978,0.0708447160150582,0.0607124791679223,0.0598209310257988,4.82511198282874,3.47989913798149,2.8405975890467,2.82579166910671,10.3444089350637,1.12449280965141,1.16468572431718,1.15346034308686,5.96816351302696,3.75989822449732,1.57975650877179,1.48939062069082
Normal_0to6h_18to24h,0.060914748514066,0.0660927656674683,0.0607240676099893,0.0598603584430999,3.72177828997158,3.18551664705208,2.75650521274162,2.74571844254304,8.86647300463027,1.09023721891923,1.12588072682827,1.1421471967336,1.36392498627487,3.14851964320607,1.3305282837729,1.28552493427339
Leak_12to18h,0.278510649378135,0.0792795646646961,0.0603352536868164,0.0593970026629733,6.44491463689919,3.99104778745174,2.97084357563048,2.94848851935423,12.684943330531,1.20420281042115,1.25785166972401,1.19609338418342,10.1102379508095,4.78057109797141,1.98378364094797,1.82763421902878
