Period,P_RMSE_Standard,P_RMSE_Chen,P_RMSE_EKF_LE,P_RMSE_AFEKF,M_RMSE_Standard,M_RMSE_Chen,M_RMSE_EKF_LE,M_RMSE_AFEKF,Pipe1_Standard,Pipe1_Chen,Pipe1_EKF_LE,Pipe1_AFEKF,Pipe5_Standard,Pipe5_Chen,Pipe5_EKF_LE,Pipe5_AFEKF
Full_Period,0.225312668225793,0.0663420379997888,0.0547261237719,0.0562090255504616,4.1915596808369,3.0155020902106,2.23493057787578,2.24635363976423,10.5242811615018,1.19740667100149,1.17873882506043,1.10142031065105,4.39468201342506,3.8043368068769,1.56998009364098,1.36742027182372
Normal_0to6h_18to24h,0.0543268938720865,0.0587929548743854,0.0532384898696759,0.0558391817754389,3.68906504078219,2.78421281787674,2.27277152769861,2.29684843006096,10.8890972672131,1.1985333683413,1.27378087041368,1.1694735190595,1.42145851608967,3.15394247863325,1.37673579911257,1.27084931085628
Leak_12to18h,0.380868887117319,0.0793596341493154,0.0574966248261904,0.056785184100189,5.00482868579693,3.43065498171812,2.13557863410489,2.11865041040679,9.59556709994131,1.18220266193137,0.94799216310659,0.939809471357055,7.31619349768582,4.8937157425561,1.92121244036777,1.56678901193932
