Period,P_RMSE_Standard,P_RMSE_Chen,P_RMSE_EKF_LE,P_RMSE_AFEKF,M_RMSE_Standard,M_RMSE_Chen,M_RMSE_EKF_LE,M_RMSE_AFEKF,Pipe1_Standard,Pipe1_Chen,Pipe1_EKF_LE,Pipe1_AFEKF,Pipe5_Standard,Pipe5_Chen,Pipe5_EKF_LE,Pipe5_AFEKF
Full_Period,0.170359363831853,0.0707933506111679,0.0597191359609843,0.060198495183302,4.91673045564698,3.42041605624119,2.78748700983033,2.75309222499271,11.077072495595,1.11203838717589,1.29011705350245,1.29214887757678,3.66881529474519,3.78321909839345,1.84962499238729,1.58702963772113
Normal_0to6h_18to24h,0.0566727704368267,0.0611450440425819,0.0555047544669258,0.0578445052840177,3.65399724086462,2.92557939900839,2.4395003811884,2.43990510302496,9.38125583012678,0.934329107824676,0.985385256179439,0.950474101078677,1.43965415736973,3.25206134347427,1.42361004106115,1.37779089932701
Leak_12to18h,0.282655486817159,0.0867428433977032,0.0670408623567399,0.0642909443326554,6.72477247227145,4.23479309660101,3.35645903221655,3.27003532919274,13.7361416228057,1.38911715516703,1.73374497802567,1.7766688666127,5.99385315062096,4.69654203542107,2.48648287858081,1.93553369822515
