Period,P_RMSE_Standard,P_RMSE_Chen,P_RMSE_EKF_LE,P_RMSE_AFEKF,M_RMSE_Standard,M_RMSE_Chen,M_RMSE_EKF_LE,M_RMSE_AFEKF,Pipe1_Standard,Pipe1_Chen,Pipe1_EKF_LE,Pipe1_AFEKF,Pipe5_Standard,Pipe5_Chen,Pipe5_EKF_LE,Pipe5_AFEKF
Full_Period,0.125504601951782,0.0713669055014619,0.0591565193197587,0.0600386799676943,3.96574772444098,3.12174992454665,2.36439548021351,2.39422795080318,9.68252884105581,1.236323938439,1.18492936863191,1.20412771857044,4.41554151777711,3.82430626600661,1.73813034067189,1.82928634954547
Normal_0to6h_18to24h,0.0572627920470292,0.0622960722854687,0.0561390238083635,0.0578772554213499,3.45739662440222,2.6640495040894,2.09480959143451,2.16535213123894,10.0124782273662,1.13077278872951,1.14895316007812,1.18024471474373,1.54110134051561,3.25515043134236,1.51827688606534,1.77454898561741
Leak_12to18h,0.200825294627322,0.0865814762665896,0.0645498126399236,0.0639811606109969,4.78831021379411,3.88181943708901,2.8157318725847,2.78640533885254,8.86176163697182,1.52424659372772,1.37986283156176,1.37126957320743,7.30490738925287,4.80526705003991,2.12681490038228,1.96366817675395
