Period,P_RMSE_Standard,P_RMSE_Chen,P_RMSE_EKF_LE,P_RMSE_AFEKF,M_RMSE_Standard,M_RMSE_Chen,M_RMSE_EKF_LE,M_RMSE_AFEKF,Pipe1_Standard,Pipe1_Chen,Pipe1_EKF_LE,Pipe1_AFEKF,Pipe5_Standard,Pipe5_Chen,Pipe5_EKF_LE,Pipe5_AFEKF
Full_Period,0.220502592060987,0.066971601311556,0.056683947091045,0.0565092812205826,5.02272938020963,3.03898488761814,2.27758197207005,2.26170329740102,13.5020646516587,1.47659055548445,1.39337132160569,1.3284653791028,3.00069658878818,3.79955135803631,1.65999736276968,1.51925576038613
Normal_0to6h_18to24h,0.0569737802782693,0.0618651257435178,0.0560274713665256,0.0558456495223737,3.66192577671141,2.69834113352053,2.17552721781443,2.1640139753545,10.5877107287611,1.52010761771862,1.55600007519636,1.51914685352967,1.42480311013183,3.1981801316634,1.39534776706289,1.31039777502774
Leak_12to18h,0.371645550548416,0.0764478099966542,0.0580203010891967,0.0578652059597096,6.94293033825735,3.6232260001763,2.44749162362774,2.42327005937634,17.8240342464688,1.37493488470179,0.984001702908695,0.817622555014586,4.77073675613231,4.81049935786604,2.08535852435516,1.86158585981287
