Period,P_RMSE_Standard,P_RMSE_Chen,P_RMSE_EKF_LE,P_RMSE_AFEKF,M_RMSE_Standard,M_RMSE_Chen,M_RMSE_EKF_LE,M_RMSE_AFEKF,Pipe1_Standard,Pipe1_Chen,Pipe1_EKF_LE,Pipe1_AFEKF,Pipe5_Standard,Pipe5_Chen,Pipe5_EKF_LE,Pipe5_AFEKF
Full_Period,0.0995118552704687,0.074941038248479,0.061601121685385,0.0621635130774259,4.52244273979181,3.21569910407365,2.5334084956713,2.50357384981784,10.3029232985098,1.16886145943911,1.18563662092805,1.10181711037627,6.26017815657031,3.79835856943827,1.90484652730859,1.51692269822427
Normal_0to6h_18to24h,0.0574673221031705,0.0627687427401293,0.0557952982789929,0.0574732110799393,3.41879974153362,2.71707561747265,2.16005982366761,2.1746495310038,9.50776246374232,0.96168825978935,1.02937808029256,0.973469319027351,1.36147321621745,3.21007311047231,1.29467830209826,1.31326619684643
Leak_12to18h,0.151207596848079,0.0942945263882779,0.0713190447445534,0.070076825878234,6.11962374011572,4.03020136472409,3.12711233664488,3.03454992207705,11.6063502271585,1.48833912771588,1.43506166063575,1.30901933905452,10.6242186794861,4.80833587937524,2.74219907920196,1.86435980682569
