Period,P_RMSE_Standard,P_RMSE_Chen,P_RMSE_EKF_LE,P_RMSE_AFEKF,M_RMSE_Standard,M_RMSE_Chen,M_RMSE_EKF_LE,M_RMSE_AFEKF,Pipe1_Standard,Pipe1_Chen,Pipe1_EKF_LE,Pipe1_AFEKF,Pipe5_Standard,Pipe5_Chen,Pipe5_EKF_LE,Pipe5_AFEKF
Full_Period,0.206773214776341,0.0699566534146305,0.0598785534046724,0.0607867981575295,5.79014910665568,3.31855823101855,2.64342930906026,2.66460163556189,14.1766128195224,1.14803726506839,1.1191634899424,1.09294003818074,3.93235181517123,3.76415175114593,1.78438810534436,1.91223247012678
Normal_0to6h_18to24h,0.0614518878713681,0.0655205427234089,0.0603760005317006,0.0617523825934423,3.67641066772734,3.16172381102327,2.71859963692127,2.75786844152345,8.95758547433613,1.1365550196214,1.17737226239355,1.15395113548721,1.43370011126117,3.17227646474758,1.43547851589489,1.66898567265738
Leak_12to18h,0.345992213755869,0.0789509408179297,0.0595575060479848,0.0594048361578679,8.53096375552538,3.62086005965109,2.4797201387927,2.45989110238035,20.9027039643824,1.17135697888652,1.00004558377651,0.967637298259619,6.4768191281766,4.76588109427411,2.33267649643053,2.32052985159188
