Period,P_RMSE_Standard,P_RMSE_Chen,P_RMSE_EKF_LE,P_RMSE_AFEKF,M_RMSE_Standard,M_RMSE_Chen,M_RMSE_EKF_LE,M_RMSE_AFEKF,Pipe1_Standard,Pipe1_Chen,Pipe1_EKF_LE,Pipe1_AFEKF,Pipe5_Standard,Pipe5_Chen,Pipe5_EKF_LE,Pipe5_AFEKF
Full_Period,0.153120062880936,0.0625827078008795,0.0523256859603206,0.0533797221305729,4.33648906140846,2.82424559111374,2.05364172602692,2.04673218303424,11.3063408124505,1.02852026724628,1.09030475723997,1.03726080812496,4.11655938680996,3.71334115371778,1.8692733980309,1.80961410745403
Normal_0to6h_18to24h,0.049660773064625,0.0547089392223595,0.0505595704829883,0.0521911300051301,3.31205740868816,2.36170585088208,1.77066541544471,1.77997461367886,10.31854785212,0.833719986481842,0.948235836543466,0.909576512256292,1.48553066107862,3.06437672770405,1.48362667638963,1.42951526130765
Leak_12to18h,0.254615553631939,0.0759550540533085,0.0556495003801201,0.0555609615024293,5.83222995155082,3.57938199614822,2.51472575605001,2.48350132618918,12.925869459622,1.34768458865158,1.34425375237106,1.2704783513385,6.78984201354648,4.79146418735816,2.47731010262934,2.40653949524233
