Period,P_RMSE_Standard,P_RMSE_Chen,P_RMSE_EKF_LE,P_RMSE_AFEKF,M_RMSE_Standard,M_RMSE_Chen,M_RMSE_EKF_LE,M_RMSE_AFEKF,Pipe1_Standard,Pipe1_Chen,Pipe1_EKF_LE,Pipe1_AFEKF,Pipe5_Standard,Pipe5_Chen,Pipe5_EKF_LE,Pipe5_AFEKF
Full_Period,0.0843098753963075,0.0691817627457666,0.0584695115499477,0.0578370915641377,4.60489809338822,3.42093266328653,2.76338317267387,2.74820523641435,10.4125062677035,1.30965538343272,1.18165110967874,1.14598834822402,2.04793932695237,3.75159181779823,1.73161403893175,1.60740132598461
Normal_0to6h_18to24h,0.0551946786893013,0.0601209947669391,0.05578637838017,0.0552920935647569,3.82003424859394,3.12949464879357,2.67352281658426,2.66479177154989,9.38820923688747,1.1825171647495,1.25499117343787,1.22818202869541,1.47967383597701,3.2113589708801,1.46044730503165,1.42477791908548
Leak_12to18h,0.12281257846147,0.0841504117917505,0.0631338138176605,0.0622526465362839,5.82913646982085,3.94119937137614,2.92227508326802,2.89514491581728,12.0820706829278,1.51740193217678,1.00224413540424,0.943585231254909,2.86292408935843,4.67908568470739,2.1808071968639,1.92464033551028
