Period,P_RMSE_Standard,P_RMSE_Chen,P_RMSE_EKF_LE,P_RMSE_AFEKF,M_RMSE_Standard,M_RMSE_Chen,M_RMSE_EKF_LE,M_RMSE_AFEKF,Pipe1_Standard,Pipe1_Chen,Pipe1_EKF_LE,Pipe1_AFEKF,Pipe5_Standard,Pipe5_Chen,Pipe5_EKF_LE,Pipe5_AFEKF
Full_Period,0.230806630543082,0.0728291324831605,0.0620450318876133,0.0637084763745153,4.62522053698518,3.57843082784866,2.95745572613292,2.99818407399178,9.78412681922302,1.27002288762997,1.39359647061353,1.33666372258493,1.79381191253389,3.81904849620521,1.67780191984642,1.94428270593637
Normal_0to6h_18to24h,0.0600267778551167,0.0647599361172257,0.0594390347702006,0.0606684233426335,3.86054466677922,3.3334147582785,2.91470475927704,2.9520611981672,9.58634609296887,1.37915421398011,1.40576441674349,1.36213499370996,1.48742521680633,3.21084940365115,1.46681157198222,1.76576941377847
Leak_12to18h,0.38878482199677,0.0862134480287708,0.0663393439764841,0.0687723839611909,5.8221486911268,4.02054537235943,3.02072840238494,3.07057822105789,10.0375740213888,1.01183362332549,1.35695728472905,1.27176740646864,2.29800303373002,4.85461606064222,2.04849596361015,2.28272268487858
