Period,P_RMSE_Standard,P_RMSE_Chen,P_RMSE_EKF_LE,P_RMSE_AFEKF,M_RMSE_Standard,M_RMSE_Chen,M_RMSE_EKF_LE,M_RMSE_AFEKF,Pipe1_Standard,Pipe1_Chen,Pipe1_EKF_LE,Pipe1_AFEKF,Pipe5_Standard,Pipe5_Chen,Pipe5_EKF_LE,Pipe5_AFEKF
Full_Period,0.0790019740890052,0.068910490544725,0.0577287639910153,0.0576457025597069,4.48557912364433,3.38201155709509,2.75263779404164,2.73560892110587,9.95755348878809,1.3798546995555,1.37133087490872,1.29612248020925,3.47909683103169,3.72249097889257,1.98503394830517,1.87060356342533
Normal_0to6h_18to24h,0.059133505192616,0.0638406525975318,0.0563606329500958,0.0571635858810775,4.10906385273421,3.24393326152776,2.78556072267512,2.81844877897137,10.3104750781092,1.37465701280742,1.50845341551595,1.43295635394324,1.53351992552688,3.20972529718517,1.53463245276625,1.62181434729169
Leak_12to18h,0.107913982775339,0.0780338147771321,0.0603167295937744,0.0585342343905855,5.12418832392932,3.66087513873913,2.68816918952467,2.56459903524944,9.06283749493508,1.38323430224715,1.03976915228275,0.962798523258613,5.6099206612625,4.63497178260797,2.68399029287046,2.30844602500293
