Period,P_RMSE_Standard,P_RMSE_Chen,P_RMSE_EKF_LE,P_RMSE_AFEKF,M_RMSE_Standard,M_RMSE_Chen,M_RMSE_EKF_LE,M_RMSE_AFEKF,Pipe1_Standard,Pipe1_Chen,Pipe1_EKF_LE,Pipe1_AFEKF,Pipe5_Standard,Pipe5_Chen,Pipe5_EKF_LE,Pipe5_AFEKF
Full_Period,0.0999535383573278,0.0708827498526083,0.0586256370295344,0.058903283745848,4.27827249804872,3.14643690592519,2.43580954430857,2.42813462294234,10.0961747683952,1.04837184254386,1.11196078688046,1.10545484850465,3.40685423747671,3.78653263466962,1.74720326102223,1.58686123274642
Normal_0to6h_18to24h,0.0559056058317187,0.0600442760194377,0.0553213170861093,0.0566406521758578,3.81950970749036,2.96431087011461,2.50376829312536,2.51257719606122,10.3400526671241,1.12987656979437,1.16359347589534,1.16746974976435,1.61282559558192,3.20628944124812,1.60204223047856,1.51116083804731
Leak_12to18h,0.153285086419336,0.0885045798380221,0.0644215580676575,0.0628768495331905,5.02665357598519,3.47856334873171,2.26677609316545,2.22143984837824,9.44176786837779,0.858152065213842,0.990873339270964,0.960768688952714,5.42332320622638,4.7782564529253,2.0122588018291,1.73315119177413
