Period,P_RMSE_Standard,P_RMSE_Chen,P_RMSE_EKF_LE,P_RMSE_AFEKF,M_RMSE_Standard,M_RMSE_Chen,M_RMSE_EKF_LE,M_RMSE_AFEKF,Pipe1_Standard,Pipe1_Chen,Pipe1_EKF_LE,Pipe1_AFEKF,Pipe5_Standard,Pipe5_Chen,Pipe5_EKF_LE,Pipe5_AFEKF
Full_Period,0.208704068325979,0.0730700434112962,0.0596042588931558,0.061004762711509,4.88115687793577,3.60713295814619,2.94931123885233,2.96380497831949,10.6079825755609,1.37743054832723,1.4837551425599,1.45012228147816,1.73885954507104,3.80078658651315,1.58905406053721,1.72097115181152
Normal_0to6h_18to24h,0.057002752113714,0.0616069453283885,0.0530313308962705,0.0552960373748519,3.78089243858367,2.93424279279393,2.38995544321789,2.41337003448227,10.0267203210141,1.34034139377562,1.43326694147267,1.38510988947188,1.57041076674729,3.21543131471307,1.43765308200853,1.50959162559134
Leak_12to18h,0.350836297769253,0.0917073561344617,0.071146697308957,0.0711889025084021,6.50696076274032,4.66507814302747,3.81335651872533,3.81763917749277,11.553222196475,1.46882720292423,1.58778404000102,1.57972161454284,2.04171176111874,4.79439227500521,1.8578688960061,2.08273239387443
