Period,P_RMSE_Standard,P_RMSE_Chen,P_RMSE_EKF_LE,P_RMSE_AFEKF,M_RMSE_Standard,M_RMSE_Chen,M_RMSE_EKF_LE,M_RMSE_AFEKF,Pipe1_Standard,Pipe1_Chen,Pipe1_EKF_LE,Pipe1_AFEKF,Pipe5_Standard,Pipe5_Chen,Pipe5_EKF_LE,Pipe5_AFEKF
Full_Period,0.129844971494811,0.0687487116705994,0.0577268459771022,0.0590320670172145,4.56300403393019,3.28828777847746,2.60045606338412,2.58601088487351,11.0151077546791,1.12254856246883,1.11472008215654,1.06487288578649,2.84934386061598,3.79929199762941,1.67956640981964,1.61597486570872
Normal_0to6h_18to24h,0.0599883932715377,0.0644842420730261,0.0577174749788887,0.0592584819961172,3.86126882140439,3.11922731251439,2.66849116532179,2.66527993490889,9.9092597924418,0.990686473192757,1.15157455683747,1.08411723417864,1.50145141099354,3.23551704774581,1.4555493757707,1.38412990941357
Leak_12to18h,0.207308812585871,0.0762562299240165,0.0574994098308043,0.0583265039568484,5.67015945578039,3.60405516025393,2.43770331834962,2.39794971962962,12.8156385869198,1.33528203883696,1.02031284370106,1.00982429807299,4.45077453860857,4.78609056020641,2.08035437104005,2.02452130826602
