Period,P_RMSE_Standard,P_RMSE_Chen,P_RMSE_EKF_LE,P_RMSE_AFEKF,M_RMSE_Standard,M_RMSE_Chen,M_RMSE_EKF_LE,M_RMSE_AFEKF,Pipe1_Standard,Pipe1_Chen,Pipe1_EKF_LE,Pipe1_AFEKF,Pipe5_Standard,Pipe5_Chen,Pipe5_EKF_LE,Pipe5_AFEKF
Full_Period,0.0949671374930068,0.0687654867244872,0.0586776973256543,0.0599516942542734,4.31438824419291,3.19464655665778,2.47136534545416,2.48107934854775,10.2052589283583,1.30601791211977,1.24201227595544,1.2077105951583,6.43134620297749,3.81831674747766,1.80372258313358,1.66121363882965
Normal_0to6h_18to24h,0.0595721582706269,0.0639792686878445,0.0587185911600631,0.0601777789472587,3.59413223274202,2.84593359890374,2.33368362731504,2.33209561170606,9.83962703790972,1.25178892073866,1.30505212276192,1.27074159289582,1.55041152553904,3.18587887376762,1.50748904345686,1.41671607765239
Leak_12to18h,0.140798402366999,0.0774023720049108,0.0588044600083715,0.0596822547262015,5.44958465385905,3.81936787967759,2.73248213363157,2.75995870134322,10.7695168189436,1.42032271543065,1.11656827715697,1.08464526214084,10.8767269308468,4.90273731968139,2.29955065220838,2.07995587408304
