Period,P_RMSE_Standard,P_RMSE_Chen,P_RMSE_EKF_LE,P_RMSE_AFEKF,M_RMSE_Standard,M_RMSE_Chen,M_RMSE_EKF_LE,M_RMSE_AFEKF,Pipe1_Standard,Pipe1_Chen,Pipe1_EKF_LE,Pipe1_AFEKF,Pipe5_Standard,Pipe5_Chen,Pipe5_EKF_LE,Pipe5_AFEKF
Full_Period,0.269307058106141,0.069070083124136,0.0586169455151742,0.0581768654610736,5.48852943950975,3.34720510014894,2.61309652198256,2.61092788346746,12.2244490647331,1.23356711851866,1.28536618154451,1.17423330921628,6.36181643133803,3.80888837499659,1.55448790272349,1.4635087869541
Normal_0to6h_18to24h,0.0544432283798319,0.0593038076163542,0.0549178308843618,0.0558360093279325,3.83787064668635,2.92444001598525,2.39856820973512,2.40103631256777,10.2559493561429,1.17798750874773,1.24734434307438,1.19151285568433,1.42211704498285,3.1875524240274,1.37702253027061,1.31090505992984
Leak_12to18h,0.457916796442183,0.0850245657433214,0.0650476963300012,0.06226579492926,7.75457921282022,4.05962964815677,2.97359555002022,2.96331808627939,15.2918744602574,1.3353888568668,1.35892043740461,1.14252308801933,10.7875844199589,4.85942014969269,1.86880555779414,1.736998795565
