Period,P_RMSE_Standard,P_RMSE_Chen,P_RMSE_EKF_LE,P_RMSE_AFEKF,M_RMSE_Standard,M_RMSE_Chen,M_RMSE_EKF_LE,M_RMSE_AFEKF,Pipe1_Standard,Pipe1_Chen,Pipe1_EKF_LE,Pipe1_AFEKF,Pipe5_Standard,Pipe5_Chen,Pipe5_EKF_LE,Pipe5_AFEKF
Full_Period,0.103238231224626,0.0712188836345136,0.0605395902388129,0.0603654908170267,4.40893748636149,3.03755619356952,2.29238410760297,2.2809760891081,9.55204856259688,1.233104871711,1.22937356640374,1.21549498861699,6.40813816045644,3.79036238297669,1.8390366086941,1.6739117668547
Normal_0to6h_18to24h,0.0543357746983544,0.0596143706880067,0.0554157906504934,0.055654068954444,3.045777284747,2.54093471199451,1.97141117888776,1.97769310810877,8.32431467629135,1.20917246924662,1.30095578300338,1.29409256611045,1.54666546427737,3.22161284041556,1.53115424158,1.4594055650886
Leak_12to18h,0.160828031542631,0.090154758732392,0.069583440502275,0.0687169734029077,6.27097637490408,3.85163733017213,2.81936496191385,2.78207516949979,11.5180120009862,1.28207667737073,1.08072655199331,1.04985214605051,10.8399503627287,4.78585227392317,2.36469086997156,2.06904331537165
