Period,P_RMSE_Standard,P_RMSE_Chen,P_RMSE_EKF_LE,P_RMSE_AFEKF,M_RMSE_Standard,M_RMSE_Chen,M_RMSE_EKF_LE,M_RMSE_AFEKF,Pipe1_Standard,Pipe1_Chen,Pipe1_EKF_LE,Pipe1_AFEKF,Pipe5_Standard,Pipe5_Chen,Pipe5_EKF_LE,Pipe5_AFEKF
Full_Period,0.0880007805321369,0.0697042239829521,0.0592332671677816,0.0596547827103588,4.15397889435095,3.00694259662158,2.31276713115214,2.2979728243192,10.8549254762881,1.05745095725333,0.995254251674919,1.02804171120017,5.86629399344759,3.73077028815166,1.90261724278847,1.80582415238083
Normal_0to6h_18to24h,0.0602750045903097,0.0648874032435506,0.0597046530970216,0.0603934632662008,3.64162182172729,2.71870193906166,2.22669559763281,2.20675508746338,10.4165417668806,0.985244327151771,0.923577384209316,0.983706255254604,1.4793876796366,3.18213068642665,1.46221260028782,1.38453814924992
Leak_12to18h,0.125612536676106,0.0779992993441865,0.0576781744906699,0.0575430954859068,4.99968100251123,3.54047274369022,2.49260465889141,2.48614788749581,11.5415268591494,1.17627381688676,1.11285151929682,1.09839285416653,9.90300930530785,4.68933293993213,2.57793663221496,2.45005857841504
