Case,Pipe1_Standard,Pipe1_Chen,Pipe1_EKF_LE,Pipe1_AFEKF,Pipe5_Standard,Pipe5_Chen,Pipe5_EKF_LE,Pipe5_AFEKF,Flow_Standard,Flow_Chen,Flow_EKF_LE,Flow_AFEKF
Case1_Clean,1.78262866369724,1.30854689728552,1.29936700625739,1.30922846822938,0.716945789723508,0.461234381828744,0.459304602601714,0.467658629410102,2.61030046907798,2.44796326228512,2.44154406537477,2.43429723737724
Case2_10dB,14.8943525538377,1.05124901802826,1.19862858771776,1.19204838658094,0.936283362069934,0.471438740105897,0.480156546746412,0.534168624754396,5.15886262677431,2.64463820936288,2.63410616244886,2.62516556238015
Case2_20dB,63.7507044728519,1.68824379545515,1.44212906570346,1.19109021369764,10.2738082734584,0.476110806354108,0.54438621348607,0.540275955569938,17.5085327046279,2.67176811214504,2.63804333898898,2.62610830188116
