Case,Pipe1_Standard,Pipe1_Chen,Pipe1_EKF_LE,Pipe1_AFEKF,Pipe5_Standard,Pipe5_Chen,Pipe5_EKF_LE,Pipe5_AFEKF,Flow_Standard,Flow_Chen,Flow_EKF_LE,Flow_AFEKF
Case1_Clean,1.45944936857488,1.11855693636434,1.14103947880669,1.13241950338355,0.71051559748478,0.468032182466711,0.467842642314275,0.47564607403701,2.6436868833985,2.52116201392752,2.51457126001687,2.53172677154213
Case2_10dB,16.8198721280519,1.24690880179894,1.17447829702678,1.12098129704781,3.04623416552441,0.480874652868761,0.50793675061432,0.551044994914865,5.73789247521133,2.67988007297713,2.65273639661834,2.66196522506298
Case2_20dB,57.9806624705924,1.69665453999709,1.37099662165143,1.12096614005257,12.9692046488161,0.518901227656142,0.70079695286921,0.553850181909216,15.5794930157725,2.71471817369543,2.66781812163664,2.66114706508405
