Case,Pipe1_Standard,Pipe1_Chen,Pipe1_EKF_LE,Pipe1_AFEKF,Pipe5_Standard,Pipe5_Chen,Pipe5_EKF_LE,Pipe5_AFEKF,Flow_Standard,Flow_Chen,Flow_EKF_LE,Flow_AFEKF
Case1_Clean,1.50220397861446,1.1698913565887,1.18832559747255,1.22688864545096,0.688687552593183,0.47957775641673,0.477566304665862,0.484673310254897,2.58248072691949,2.45191567302564,2.42718400226962,2.46819949014673
Case2_10dB,15.4665078107977,1.12982615204524,1.18349146323638,1.16001408340728,1.67841665014732,0.517871383581225,0.545101048068618,0.573896581678004,5.12121993685347,2.36862230135872,2.32901847441247,2.38609865160893
Case2_20dB,50.1957984245144,1.6391090830753,1.50725007054786,1.15732355224535,3.53098118219974,0.520448038283558,0.700667903009592,0.574507498849193,13.5549232087254,2.41043983141083,2.35523786102793,2.38575877078694
