Case,Pipe1_Standard,Pipe1_Chen,Pipe1_EKF_LE,Pipe1_AFEKF,Pipe5_Standard,Pipe5_Chen,Pipe5_EKF_LE,Pipe5_AFEKF,Flow_Standard,Flow_Chen,Flow_EKF_LE,Flow_AFEKF
Case1_Clean,1.63473630682543,1.30959352667973,1.23519331432187,1.29988554986412,0.67313650194342,0.437542070081339,0.416598595615876,0.461497570269463,2.44617451200698,2.31229216666284,2.31325034354917,2.32311417882759
Case2_10dB,17.6076490290051,1.27689481673503,1.20973630295782,1.27951712617175,3.82432055449924,0.45542931184127,0.490757454313259,0.461722791637712,5.83918805840987,2.47045852860734,2.46148196499098,2.46996391767189
Case2_20dB,53.3597349173519,1.53133743417998,1.38064490602556,1.27975072644645,3.25160069138225,0.46659039176328,0.44800006825635,0.462973116960794,14.2879423292472,2.49595143149604,2.47444816181782,2.46997004753819
