Case,Pipe1_Standard,Pipe1_Chen,Pipe1_EKF_LE,Pipe1_AFEKF,Pipe5_Standard,Pipe5_Chen,Pipe5_EKF_LE,Pipe5_AFEKF,Flow_Standard,Flow_Chen,Flow_EKF_LE,Flow_AFEKF
Case1_Clean,1.32240556610546,1.0799270303155,1.09619080749754,1.08599031550352,0.641272565678373,0.462998313651467,0.458369647506025,0.46455403201654,2.35046051586974,2.22598243506991,2.2362181582505,2.24151121302511
Case2_10dB,17.2539805203821,1.08187784903491,1.02273787202914,1.0287103890503,1.24603358792724,0.455947438083214,0.461357433613088,0.461695792064618,5.22473115554677,2.24029023739119,2.23705191573941,2.24282316729584
Case2_20dB,57.8550812376578,1.47796724377732,1.38476563494106,1.02822954164498,3.96843062032493,0.454572913620626,0.504168471714633,0.456570494425558,15.9205496932927,2.26344505720564,2.25558379579032,2.24359304259542
