Case,Pipe1_Standard,Pipe1_Chen,Pipe1_EKF_LE,Pipe1_AFEKF,Pipe5_Standard,Pipe5_Chen,Pipe5_EKF_LE,Pipe5_AFEKF,Flow_Standard,Flow_Chen,Flow_EKF_LE,Flow_AFEKF
Case1_Clean,1.70401002475159,1.70400913540025,1.75479758629158,1.71047651983957,0.714505893022144,0.714492792756817,0.714988232919696,0.72036055092485,2.83065911925795,2.83065618769139,2.81528614854621,2.83067712526449
Case2_10dB,18.4897575943554,1.46582389737471,1.95570600806467,1.77588811318297,0.96996639638303,0.752458368891459,0.804548485386958,0.777930825336306,5.76489121373643,2.7613966819444,2.78111342773135,2.79473965562956
Case2_20dB,58.5669281781415,3.45159410469845,2.97437548152743,1.77486888164411,13.1135799538082,0.750253518338149,2.55839833543673,0.774780640911662,15.9498448993845,2.95079827220674,2.93180371206507,2.79421326424058
