Case,Pipe1_Standard,Pipe1_Chen,Pipe1_EKF_LE,Pipe1_AFEKF,Pipe5_Standard,Pipe5_Chen,Pipe5_EKF_LE,Pipe5_AFEKF,Flow_Standard,Flow_Chen,Flow_EKF_LE,Flow_AFEKF
Case1_Clean,1.56485617364314,1.17924412351072,1.17950844189051,1.19635862265297,0.59180040155146,0.401226913426593,0.402450501059245,0.407926659121086,2.31449254141078,2.16809815455566,2.17390009711436,2.17200621878475
Case2_10dB,17.5027398770062,1.18516932065378,1.0779326770411,1.08219674992614,4.78707933829672,0.425066693510821,0.483595710001471,0.567147127512949,5.70567228532793,2.32988954782343,2.3329154867181,2.32411211245028
Case2_20dB,44.919318613928,1.26319559762148,1.25499848122379,1.08175351289754,14.1714434124549,0.429817452988424,0.688421613338361,0.711886049182528,12.0620706759586,2.33888283917722,2.36360670599742,2.33654926213014
