Case,Pipe1_Standard,Pipe1_Chen,Pipe1_EKF_LE,Pipe1_AFEKF,Pipe5_Standard,Pipe5_Chen,Pipe5_EKF_LE,Pipe5_AFEKF,Flow_Standard,Flow_Chen,Flow_EKF_LE,Flow_AFEKF
Case1_Clean,1.59712200420992,1.17996825374229,1.19267548265912,1.19699198902213,0.728630223996818,0.477812901875317,0.509920940501135,0.546001560565768,2.35441882446509,2.20346224255036,2.20752735716951,2.22176671660247
Case2_10dB,14.9726141106248,1.17715256395405,1.31658821228866,1.28622744303628,2.96053352688438,0.516856897399387,0.533534118725871,0.568034514852847,4.84402941204841,2.36758286750869,2.35425858783474,2.36683134902791
Case2_20dB,43.8069474655969,1.41173501122664,1.54052495864815,1.28838613867268,10.4397804492834,0.507746467198308,0.606269910315666,0.569126174473131,12.7714060293817,2.37866497055838,2.37674645273449,2.36764497262558
