Case,Pipe1_Standard,Pipe1_Chen,Pipe1_EKF_LE,Pipe1_AFEKF,Pipe5_Standard,Pipe5_Chen,Pipe5_EKF_LE,Pipe5_AFEKF,Flow_Standard,Flow_Chen,Flow_EKF_LE,Flow_AFEKF
Case1_Clean,1.45157647113226,1.16762528456517,1.19704041657756,1.18815199969509,0.7082825246252,0.464623951721765,0.466540578056001,0.473222251988789,2.27773605825297,2.15605182829262,2.1540607459606,2.155134000423
Case2_10dB,17.7084513655295,1.28261549474347,1.31656805126378,1.24360565399718,3.49568404315008,0.460122514351978,0.54320389429319,0.577904650303551,5.56998048833349,2.24125096481654,2.23957608013291,2.24195146077184
Case2_20dB,48.6613553590322,1.76440825033582,1.62797137905474,1.2437396858982,13.2966218274781,0.462439747389889,0.523683454614028,0.64714026307299,13.770877211661,2.27544233425909,2.26190551863774,2.24985012298131
