Case,Pipe1_Standard,Pipe1_Chen,Pipe1_EKF_LE,Pipe1_AFEKF,Pipe5_Standard,Pipe5_Chen,Pipe5_EKF_LE,Pipe5_AFEKF,Flow_Standard,Flow_Chen,Flow_EKF_LE,Flow_AFEKF
Case1_Clean,1.61116964405459,1.61116714994129,1.61581154469797,1.62920182985077,0.687431179123885,0.687417058850112,0.689830503439244,0.696623235912718,2.72052633612659,2.72052327224949,2.72172994747918,2.72037737519964
Case2_10dB,17.7112765046762,1.73167335925768,1.84436622864073,1.70144528603492,6.20388434495746,0.725001851285436,0.744129348631583,0.717349039323405,5.77469220565394,2.89524270544547,2.91812482454222,2.89678000779989
Case2_20dB,49.1185079351267,2.43777237533113,3.06049211988475,1.70053919589316,3.99501267811962,0.723359830660135,0.872258500906113,0.71708190509366,14.1690723820333,2.97531236325864,2.99578887499737,2.89684627144651
