Case,Pipe1_Standard,Pipe1_Chen,Pipe1_EKF_LE,Pipe1_AFEKF,Pipe5_Standard,Pipe5_Chen,Pipe5_EKF_LE,Pipe5_AFEKF,Flow_Standard,Flow_Chen,Flow_EKF_LE,Flow_AFEKF
Case1_Clean,1.49533994554373,1.2390098395227,1.25404367941499,1.24877941046837,0.67613241402084,0.414832088145326,0.41795042408521,0.441558597781126,2.01677601413482,1.90216239640106,1.90289921914457,1.90492829440684
Case2_10dB,16.0468430158353,1.18132882851902,1.24660953145688,1.19460193551165,0.683325241261881,0.411340614789904,0.408299427656283,0.415969894358109,4.70045413665524,1.78108650724959,1.78112072603173,1.78148228915261
Case2_20dB,48.2267888422888,1.48123536787651,1.5073374442789,1.19459116358566,13.3199193000529,0.414458165114419,0.497502010758921,0.41604415448378,12.9815583513347,1.79873328006074,1.80141243804853,1.78555422887608
