Case,Pipe1_Standard,Pipe1_Chen,Pipe1_EKF_LE,Pipe1_AFEKF,Pipe5_Standard,Pipe5_Chen,Pipe5_EKF_LE,Pipe5_AFEKF,Flow_Standard,Flow_Chen,Flow_EKF_LE,Flow_AFEKF
Case1_Clean,1.22986183813886,1.07168850713635,1.08279127097445,1.08724557699248,0.582717743010121,0.386214618856562,0.39585444898287,0.42047317783331,2.33317914041318,2.21339983507205,2.20491134038114,2.21139423284854
Case2_10dB,14.428932442899,1.09473658992907,1.06770740125171,1.0422562967822,5.19631319542427,0.406316687614774,0.417217360215964,0.484525096678109,4.78826610822207,2.1579177153736,2.14293215987958,2.15056618446163
Case2_20dB,62.2264268968827,1.77255159088748,1.39068579294658,1.04258527190842,18.9554265277946,0.40337491468046,0.432668186177098,0.412115111065508,17.2656786357253,2.19098011461398,2.15895906259806,2.14837521600769
