Case,Pipe1_Standard,Pipe1_Chen,Pipe1_EKF_LE,Pipe1_AFEKF,Pipe5_Standard,Pipe5_Chen,Pipe5_EKF_LE,Pipe5_AFEKF,Flow_Standard,Flow_Chen,Flow_EKF_LE,Flow_AFEKF
Case1_Clean,1.47163507818976,1.15131170470952,1.19115730819206,1.17988164312133,0.6024906132873,0.414171422054151,0.413096289872166,0.42018611397349,2.28261904931878,2.13846472215436,2.14211224444395,2.14216627583862
Case2_10dB,15.0387567339727,1.26814673759854,1.29663214197463,1.21318501940498,5.98573044725586,0.431516531572477,0.442017101086587,0.452265377711516,5.11026803951773,2.26073192694663,2.2638423955068,2.25966945136896
Case2_20dB,47.4976633372336,1.63675018288626,1.42273218144577,1.21390397112594,4.81139917900053,0.433518293633227,0.474860946849383,0.434130129909561,13.6331721998609,2.28751190030093,2.28194611706564,2.25965932313142
