Case,Pipe1_Standard,Pipe1_Chen,Pipe1_EKF_LE,Pipe1_AFEKF,Pipe5_Standard,Pipe5_Chen,Pipe5_EKF_LE,Pipe5_AFEKF,Flow_Standard,Flow_Chen,Flow_EKF_LE,Flow_AFEKF
Case1_Clean,1.69129273946978,1.22960509037523,1.24439439346486,1.24277111094761,0.630908778403349,0.404808455810613,0.430041606412271,0.4614994782407,2.52533988912622,2.36547445585913,2.36159359918465,2.36611480435744
Case2_10dB,15.4358503373475,1.11645022651215,1.22844091700298,1.18139393198689,5.45816797859525,0.43400942868478,0.428686823772074,0.437091115951673,5.08723150601162,1.99734917959219,1.98019314388353,1.9847007125561
Case2_20dB,47.6448537211987,1.58765417161515,1.51543131894488,1.18119705083172,9.6270044649428,0.445155435384783,0.439920282124292,0.424200169823002,13.7148707272061,2.03413202506437,2.00482027321974,1.98374567191649
