Case,Pipe1_Standard,Pipe1_Chen,Pipe1_EKF_LE,Pipe1_AFEKF,Pipe5_Standard,Pipe5_Chen,Pipe5_EKF_LE,Pipe5_AFEKF,Flow_Standard,Flow_Chen,Flow_EKF_LE,Flow_AFEKF
Case1_Clean,1.91533058521386,1.32228049366297,1.33673301740423,1.34176272715555,0.649128260114764,0.433749073136371,0.434128723212397,0.440267184326936,3.15327191340249,2.95462232513785,2.94183192631659,2.95206710486867
Case2_10dB,17.4675357865363,1.2838698385363,1.24673436978878,1.23356579236949,3.28393984162292,0.453220407136577,0.458021376868072,0.470226515856851,5.40255997884616,2.11117102080453,2.06944768106757,2.08535709322495
Case2_20dB,55.4690564802838,1.36763902271028,1.49664832762714,1.2350667632113,9.28681564535638,0.466628038610477,0.546607747080452,0.472940900967994,16.4216515695422,2.12359123979327,2.09113565210356,2.08534056787592
