Case,Pipe1_Standard,Pipe1_Chen,Pipe1_EKF_LE,Pipe1_AFEKF,Pipe5_Standard,Pipe5_Chen,Pipe5_EKF_LE,Pipe5_AFEKF,Flow_Standard,Flow_Chen,Flow_EKF_LE,Flow_AFEKF
Case1_Clean,1.53833404797051,1.22279413636799,1.23276135336462,1.22781374492338,0.62093909162109,0.413307719478251,0.414711732130848,0.419538048601581,2.31097700326105,2.17949854640855,2.17227687068526,2.18727289493637
Case2_10dB,14.7718137528357,1.12518027830967,1.12444669573087,1.0326924665812,1.66924411640014,0.399197411126359,0.401652108184373,0.400766439115288,4.78321272027778,2.15971743685333,2.1456214373009,2.15114590619468
Case2_20dB,48.9465692870569,1.44835282817494,1.40308002224854,1.03167932618911,6.6201575905177,0.402163079047583,0.52691818162344,0.412039099202962,13.3984335415139,2.18157716041947,2.15556640400032,2.14434224239595
