Case,Pipe1_Standard,Pipe1_Chen,Pipe1_EKF_LE,Pipe1_AFEKF,Pipe5_Standard,Pipe5_Chen,Pipe5_EKF_LE,Pipe5_AFEKF,Flow_Standard,Flow_Chen,Flow_EKF_LE,Flow_AFEKF
Case1_Clean,1.19641180605048,1.19639173368308,1.23272101671622,1.26004605653264,0.500174619019585,0.500098839318345,0.498864894569672,0.507024726658145,2.67039944699605,2.67037260357838,2.6815494992158,2.64030872905508
Case2_10dB,15.018491629707,1.00678273316699,1.23570245866608,1.28936738883427,0.713122518077625,0.522153044478313,0.538077307025551,0.559004520753186,5.22379238510674,2.6440497587786,2.63004943374695,2.58929465206527
Case2_20dB,48.8630616415043,1.04892989972817,1.65271129234177,1.33992256659773,18.2736175977637,0.521367755475086,0.600500298913829,0.66946585634134,14.6513196520131,2.64494606410828,2.63827504945883,2.61437027398013
