Case,Pipe1_Standard,Pipe1_Chen,Pipe1_EKF_LE,Pipe1_AFEKF,Pipe5_Standard,Pipe5_Chen,Pipe5_EKF_LE,Pipe5_AFEKF,Flow_Standard,Flow_Chen,Flow_EKF_LE,Flow_AFEKF
Case1_Clean,1.70940302304551,1.70954222580179,1.78162385500933,1.6855482594613,0.795781427060282,0.797214809049268,0.796108707158281,0.788434142090886,2.84710677914358,2.84042892619454,2.83398088615976,2.83564560380702
Case2_10dB,17.3242638687704,2.36997693677649,2.00525780301358,1.72632105679331,0.861710849139165,0.842149376996243,0.842384615252951,0.826220904727158,5.12264848825469,2.82502619333999,2.79911432242161,2.79233424718702
Case2_20dB,54.2598144158261,11.6596085369547,3.36370594352763,1.75350291784197,5.83363441182731,0.937601979957142,2.02139694269751,0.834415909167409,13.8086792549335,4.38792595773894,2.91537924866793,2.80033709135403
