Case,Pipe1_Standard,Pipe1_Chen,Pipe1_EKF_LE,Pipe1_AFEKF,Pipe5_Standard,Pipe5_Chen,Pipe5_EKF_LE,Pipe5_AFEKF,Flow_Standard,Flow_Chen,Flow_EKF_LE,Flow_AFEKF
Case1_Clean,1.38488344935362,1.1211166306496,1.13020842798925,1.13294315365405,0.691746617666244,0.454338220403712,0.470193501144052,0.504326643202043,2.28390196183201,2.17641903210483,2.17892283013231,2.18642331642921
Case2_10dB,15.7106267607226,1.22017073898888,1.21015635654873,1.21314441773439,6.18398878363174,0.482930467131867,0.590799441713622,0.513517387411084,5.04880872061642,2.3315436913241,2.32431206979176,2.3319557109928
Case2_20dB,50.4721304101321,1.62034342979093,1.38195405064852,1.21338561593805,2.75509592277274,0.486081569637897,0.534713583536895,0.515094348309151,13.8079375063556,2.35493566321637,2.32462561817946,2.3316887834457
