Case,Pipe1_Standard,Pipe1_Chen,Pipe1_EKF_LE,Pipe1_AFEKF,Pipe5_Standard,Pipe5_Chen,Pipe5_EKF_LE,Pipe5_AFEKF,Flow_Standard,Flow_Chen,Flow_EKF_LE,Flow_AFEKF
Case1_Clean,1.3770652690566,1.09152576277642,1.08409066617831,1.08617793773732,0.653083405094911,0.421982368459549,0.421820784593869,0.428793923820945,2.43058269319298,2.30896627557956,2.31519612300445,2.31922961089373
Case2_10dB,16.6979089650703,1.15536552588778,1.10366816927706,1.1186383797383,3.36654008707928,0.421358960444796,0.475307803876069,0.60899879544027,5.28307983469384,2.35546992438677,2.35707453247144,2.36613073599114
Case2_20dB,59.8605344339532,1.52634020614703,1.35228265934802,1.11523934539531,3.84454987988157,0.42975937537687,0.528698639177463,0.640149932590929,16.2362891723085,2.38142516449509,2.38102497787449,2.3680454577502
