Case,Pipe1_Standard,Pipe1_Chen,Pipe1_EKF_LE,Pipe1_AFEKF,Pipe5_Standard,Pipe5_Chen,Pipe5_EKF_LE,Pipe5_AFEKF,Flow_Standard,Flow_Chen,Flow_EKF_LE,Flow_AFEKF
Case1_Clean,1.37266090532295,1.15563821205878,1.12105963335644,1.16516105413565,0.634655619236192,0.439546546064855,0.436753474202004,0.445027049000215,2.28957003231045,2.16985505229225,2.13791810649769,2.16972418318762
Case2_10dB,18.0643283254142,1.28181581942099,1.22008806116373,1.20152925624072,3.60661120216496,0.425204652636893,0.493492407477168,0.54128235536845,5.61438554331227,2.03549209426636,1.98686416507487,2.0293307061723
Case2_20dB,49.9178096797865,1.47081664082851,1.39071898510852,1.2021761202289,3.39847754991667,0.425595501853322,0.491353205145002,0.523328989619185,13.2352637222025,2.06272120300028,2.00089825778866,2.02889414936868
