Case,Pipe1_Standard,Pipe1_Chen,Pipe1_EKF_LE,Pipe1_AFEKF,Pipe5_Standard,Pipe5_Chen,Pipe5_EKF_LE,Pipe5_AFEKF,Flow_Standard,Flow_Chen,Flow_EKF_LE,Flow_AFEKF
Case1_Clean,1.19641180605048,1.19639173368308,1.37027081489714,1.26004605653264,0.500174619019585,0.500098839318345,0.500376608071448,0.507024726658145,2.67039944699605,2.67037260357838,2.60894929415654,2.64030872905508
Case2_10dB,15.018491629707,1.00678273316699,1.39267361147737,1.28936738883427,0.713122518077625,0.522153044478313,0.541882129685385,0.559004520753186,5.22379238510674,2.6440497587786,2.56569578743339,2.58929465206527
Case2_20dB,48.8630616415043,1.04892989972817,1.77739652612343,1.33992256659773,18.2736175977637,0.521367755475086,0.621571960432404,0.66946585634134,14.6513196520131,2.64494606410828,2.56995769894087,2.61437027398013
