Case,Pipe1_Standard,Pipe1_Chen,Pipe1_EKF_LE,Pipe1_AFEKF,Pipe5_Standard,Pipe5_Chen,Pipe5_EKF_LE,Pipe5_AFEKF,Flow_Standard,Flow_Chen,Flow_EKF_LE,Flow_AFEKF
Case1_Clean,1.19372457892735,1.01195184027073,1.02909862225317,1.02690834770581,0.673745321249688,0.444183912221244,0.445955597181076,0.451326215231263,2.38368655115056,2.27367702370932,2.25546860177822,2.27154983902654
Case2_10dB,17.4197108958009,1.08841617740866,1.06680948352916,1.07404003693351,3.49599689887651,0.484769370430885,0.563574279725949,0.554302048111885,5.51800389813744,2.45723259115783,2.42993365084876,2.45030862566574
Case2_20dB,50.3642948986588,1.22244485188994,1.34902530245777,1.07695641114146,13.0882764742536,0.486042653875208,0.755565695876752,0.639949034415919,14.8597185630185,2.46695201801479,2.4554673040486,2.45299662067228
