Case,Pipe1_Standard,Pipe1_Chen,Pipe1_EKF_LE,Pipe1_AFEKF,Pipe5_Standard,Pipe5_Chen,Pipe5_EKF_LE,Pipe5_AFEKF,Flow_Standard,Flow_Chen,Flow_EKF_LE,Flow_AFEKF
Case1_Clean,1.41569117409872,1.14959010396816,1.16114403580013,1.16137531045552,0.698533782810273,0.438267410020595,0.477809392761353,0.538404705682211,2.23223367080287,2.11021012366884,2.11600279493078,2.12252088404039
Case2_10dB,14.0177809084811,1.11917850092388,1.12303746327476,1.09868344319754,1.56562226131337,0.433036003097635,0.427880123566023,0.466702796133265,4.61742639572746,2.13783193615391,2.14151898427413,2.15133661654477
Case2_20dB,48.6465575134478,1.47971015190779,1.44848295125279,1.09619929068374,13.305375045769,0.434436254743619,0.543618101899863,0.475264816078529,13.2953326138465,2.16003944016802,2.1644375835961,2.1570541805171
