Case,Pipe1_Standard,Pipe1_Chen,Pipe1_EKF_LE,Pipe1_AFEKF,Pipe5_Standard,Pipe5_Chen,Pipe5_EKF_LE,Pipe5_AFEKF,Flow_Standard,Flow_Chen,Flow_EKF_LE,Flow_AFEKF
Case1_Clean,1.19505140639238,1.00193616951238,0.988606319814665,1.01227093284173,0.739482922006674,0.476208369755702,0.476041896967738,0.481502984831902,2.29619179723089,2.1847491967955,2.16984614288033,2.17618865964127
Case2_10dB,15.4086985947633,1.19939067219701,1.03961219828565,1.02979041648591,7.98202712103933,0.499091383522736,0.493518657853962,0.504513301771267,5.302386987595,2.29212256031634,2.26680448442819,2.27332053388347
Case2_20dB,48.724753811794,1.47552454986589,1.33715789742062,1.0280487976908,3.69144581204778,0.499745852021696,0.580446315785817,0.503555446577737,13.4606073325248,2.30681987287389,2.28847654105731,2.27565562042585
