Case,Pipe1_Standard,Pipe1_Chen,Pipe1_EKF_LE,Pipe1_AFEKF,Pipe5_Standard,Pipe5_Chen,Pipe5_EKF_LE,Pipe5_AFEKF,Flow_Standard,Flow_Chen,Flow_EKF_LE,Flow_AFEKF
Case1_Clean,1.79491722596929,1.30290914473623,1.30603873020791,1.31920035986963,0.671664459494311,0.447430602264956,0.451910860563891,0.454620062223172,2.87035640207126,2.69810969859895,2.70594542343961,2.71410075862596
Case2_10dB,18.7680975371865,1.49308631098068,1.37977470721071,1.35331375307055,0.87334786182276,0.467102672359659,0.478324137049449,0.48156675291942,5.97001499887441,2.90762297174614,2.90720804779094,2.91362239231149
Case2_20dB,62.6557363050842,1.96270966244683,1.65865384742943,1.35154731815628,9.39900974620474,0.468835599199928,0.496309003269693,0.478116576251222,17.0952190503051,2.9291928138794,2.92181422009156,2.91538393518987
