Case,Pipe1_Standard,Pipe1_Chen,Pipe1_EKF_LE,Pipe1_AFEKF,Pipe5_Standard,Pipe5_Chen,Pipe5_EKF_LE,Pipe5_AFEKF,Flow_Standard,Flow_Chen,Flow_EKF_LE,Flow_AFEKF
Case1_Clean,1.78942780645479,1.41927864936791,1.43924069391405,1.42415214875446,0.649640737424123,0.416017722667732,0.411967867540649,0.418089081451405,2.45116362088557,2.31201761321836,2.30477478877246,2.31667913393943
Case2_10dB,17.9361967972737,1.56824303119918,1.55501537302733,1.45503160747969,4.0466204471048,0.407569542770167,0.395071039145779,0.402233053542383,5.54007421018206,2.22328535709754,2.21637979183018,2.2278905212269
Case2_20dB,47.8780929474745,1.67983529799249,1.68376313925475,1.45511265824818,13.45169184973,0.414988391679786,0.416392001930749,0.406416131496808,13.5622622874605,2.24451969313314,2.23181964532907,2.23328639115729
