Case,Pipe1_Standard,Pipe1_Chen,Pipe1_EKF_LE,Pipe1_AFEKF,Pipe5_Standard,Pipe5_Chen,Pipe5_EKF_LE,Pipe5_AFEKF,Flow_Standard,Flow_Chen,Flow_EKF_LE,Flow_AFEKF
Case1_Clean,1.71009438188287,1.26007498342073,1.32674429483331,1.25558061392344,0.634011178336206,0.425988294401954,0.458468331313853,0.500400529947006,2.63514076990144,2.47925569030915,2.45595899887241,2.46685208650893
Case2_10dB,15.3740108155952,1.31426997843211,1.39185225235062,1.26453245806728,8.05702081064987,0.441886369332378,0.507937613560705,0.445557570813925,5.45383596216601,2.65989774339007,2.6100164819818,2.62007198826579
Case2_20dB,52.0653456742515,1.87928974490106,1.77823575713887,1.26511732286064,10.5436448022549,0.462751463797797,0.586405601496336,0.44680034046674,15.4564775647289,2.6955220229841,2.63498005886912,2.62030746158413
