Case,Pipe1_Standard,Pipe1_Chen,Pipe1_EKF_LE,Pipe1_AFEKF,Pipe5_Standard,Pipe5_Chen,Pipe5_EKF_LE,Pipe5_AFEKF,Flow_Standard,Flow_Chen,Flow_EKF_LE,Flow_AFEKF
Case1_Clean,1.88274390878994,1.29822435427624,1.30553947583879,1.31989004382902,0.667319415611374,0.442930118608472,0.444153696493993,0.452259453079827,3.00561848055518,2.81769548223806,2.7943146279316,2.79911072213584
Case2_10dB,14.5543120188677,1.1125423268512,1.18092563532646,1.12092071724913,3.52865223951147,0.42168353095595,0.433860779510892,0.437302320801181,5.39674126973274,2.61420861233024,2.57105756453241,2.57158761410291
Case2_20dB,51.0636618362955,1.54623586509164,1.25482950393267,1.12190461279589,4.29407315859933,0.425178580634725,0.431639005724881,0.434622667207618,14.0788317950896,2.64578212979692,2.57503102507693,2.57180308743432
