Case,Pipe1_Standard,Pipe1_Chen,Pipe1_EKF_LE,Pipe1_AFEKF,Pipe5_Standard,Pipe5_Chen,Pipe5_EKF_LE,Pipe5_AFEKF,Flow_Standard,Flow_Chen,Flow_EKF_LE,Flow_AFEKF
Case1_Clean,1.22511099877814,1.04785142932862,1.04874436350076,1.04094354388591,0.706073854859939,0.46482678004663,0.456107129519251,0.508952708502185,2.07630991447269,1.97069879379228,1.93755520979317,1.94979162476336
Case2_10dB,15.4617831863435,1.12579093237642,1.11301602380877,1.04912509375478,4.6196574026841,0.479041842519965,0.461630065449373,0.510389852361257,4.82187124944524,1.97235188553077,1.92195719027279,1.93346337021797
Case2_20dB,49.4558613004345,1.42600445050422,1.39706809871934,1.05064836925628,18.8359803388517,0.483811242934814,0.573882405614753,0.517015897238531,13.5432203799204,1.99441064411501,1.94076413069196,1.93422481274636
