Case,Pipe1_Standard,Pipe1_Chen,Pipe1_EKF_LE,Pipe1_AFEKF,Pipe5_Standard,Pipe5_Chen,Pipe5_EKF_LE,Pipe5_AFEKF,Flow_Standard,Flow_Chen,Flow_EKF_LE,Flow_AFEKF
Case1_Clean,1.61633028594182,1.16091159090788,1.17690077075976,1.17114070310238,0.726766197469478,0.451937835855121,0.451441801894566,0.459082800549609,2.60145849243459,2.45606613304112,2.44594709746508,2.45728318419
Case2_10dB,14.961336236621,1.15436032583432,1.17161228340872,1.10828520046371,1.45307554921656,0.474260989315868,0.469721917819628,0.478787587093835,4.79098409992361,2.26661016342738,2.26030270673109,2.26145843036812
Case2_20dB,58.9802476039797,1.74781091345884,1.33999173638246,1.10856250355061,4.45769749446022,0.474248265691358,0.466817441178099,0.4841333759529,15.3092844117583,2.31936300666928,2.26885477564708,2.26147538588909
