Case,Pipe1_Standard,Pipe1_Chen,Pipe1_EKF_LE,Pipe1_AFEKF,Pipe5_Standard,Pipe5_Chen,Pipe5_EKF_LE,Pipe5_AFEKF,Flow_Standard,Flow_Chen,Flow_EKF_LE,Flow_AFEKF
Case1_Clean,1.7505920382569,1.32579106174164,1.34618412287653,1.33909419464992,0.701642498881977,0.422504639797455,0.42543221989265,0.448088905611495,2.29156816382215,2.13245530777046,2.13912015490962,2.15208266697938
Case2_10dB,18.0002882108248,1.39951285959934,1.47092180389608,1.44524754921923,1.2684462034656,0.413027486863286,0.440457685244607,0.447912377888389,5.48159814020423,2.10600711567673,2.10993899856553,2.1248744351964
Case2_20dB,47.1322729062019,1.79553887328339,1.58120823833406,1.44605440958583,6.73296020620322,0.414708618504945,0.513429072405198,0.428352354517353,13.829192239582,2.1394681760858,2.1196345487275,2.12583437702951
