Case,Pipe1_Standard,Pipe1_Chen,Pipe1_EKF_LE,Pipe1_AFEKF,Pipe5_Standard,Pipe5_Chen,Pipe5_EKF_LE,Pipe5_AFEKF,Flow_Standard,Flow_Chen,Flow_EKF_LE,Flow_AFEKF
Case1_Clean,1.83780723752369,1.46581135683967,1.47485135609141,1.47422901500857,0.738609577714179,0.471724649569509,0.473759500012263,0.480534780890878,2.31542243816903,2.17958793885818,2.18018342328304,2.18516489372298
Case2_10dB,17.377737544703,1.56980532814886,1.5370223328993,1.54495376025136,0.735496631530017,0.451895796398386,0.460780032454022,0.460640619394185,5.44954110456696,2.32898192558373,2.31314132223012,2.31901901261369
Case2_20dB,59.9398858714732,2.02743218136928,1.9834618518422,1.54474551983755,2.58903447349699,0.456367712659509,0.764654521695928,0.547327225285296,16.0603653488416,2.37155627320878,2.36823288978095,2.32365150793375
