Case,Pipe1_Standard,Pipe1_Chen,Pipe1_EKF_LE,Pipe1_AFEKF,Pipe5_Standard,Pipe5_Chen,Pipe5_EKF_LE,Pipe5_AFEKF,Flow_Standard,Flow_Chen,Flow_EKF_LE,Flow_AFEKF
Case1_Clean,1.54719517021492,1.2047116875414,1.20836431869356,1.21369626311292,0.708555619675666,0.457963162168579,0.472077585794394,0.506638126788577,2.47595377281378,2.32566763888602,2.31061261947578,2.32064466786103
Case2_10dB,15.6609720180639,1.17586955688177,1.17539408506413,1.13344770014423,3.35461763060432,0.453223799091737,0.446066737928211,0.452637211927258,5.00032294636609,2.30750913510589,2.2816098849171,2.28903676965553
Case2_20dB,48.1960541067257,1.62552735012822,1.48067700986667,1.13403596404118,14.3984908005652,0.460457308610208,0.53803819284383,0.450714334805029,13.1404211687757,2.33789462297836,2.31151603794057,2.29037810830672
