Case,Pipe1_Standard,Pipe1_Chen,Pipe1_EKF_LE,Pipe1_AFEKF,Pipe5_Standard,Pipe5_Chen,Pipe5_EKF_LE,Pipe5_AFEKF,Flow_Standard,Flow_Chen,Flow_EKF_LE,Flow_AFEKF
Case1_Clean,1.26947019737196,1.04477737888946,1.02491532104621,1.06128510442518,0.721550187571036,0.506523198913746,0.507225950038932,0.513255259995951,2.42831514754779,2.30739114927404,2.31683569864473,2.31217527803614
Case2_10dB,18.1771500623433,0.997148189410653,0.884351204192502,0.942634201938196,7.82172810800299,0.532885403625971,0.521934490448907,0.522782325146803,5.7221505523222,2.50463956236157,2.51033826601627,2.49957051726334
Case2_20dB,48.3163729559,1.1013532533427,1.12477576581164,0.943592512819049,4.68570573402574,0.533599815912284,0.544291228254257,0.523045549971109,13.8009603474455,2.5044499208112,2.51394660562492,2.49852375695749
