Case,Pipe1_Standard,Pipe1_Chen,Pipe1_EKF_LE,Pipe1_AFEKF,Pipe5_Standard,Pipe5_Chen,Pipe5_EKF_LE,Pipe5_AFEKF,Flow_Standard,Flow_Chen,Flow_EKF_LE,Flow_AFEKF
Case1_Clean,1.76724502125786,1.3411156569371,1.36592768931585,1.35523196086249,0.631210601140758,0.420459805186451,0.416539787041774,0.41980501266246,2.50468175203168,2.35847324527067,2.35999312159331,2.37091460845425
Case2_10dB,16.4871311236538,1.41733031266151,1.39410542369834,1.35773392170906,0.677589531376871,0.434662429554136,0.445087177366432,0.453195771081574,5.29968822770776,2.36988968166919,2.366474020185,2.37733628024553
Case2_20dB,43.8350024521886,1.56273444272717,1.54858484186829,1.35617980486138,14.6152138345991,0.435675494951579,0.565904904390463,0.531479089872805,13.0031451719603,2.38384775555571,2.38926201320827,2.38399592964356
