Case,Pipe1_Standard,Pipe1_Chen,Pipe1_EKF_LE,Pipe1_AFEKF,Pipe5_Standard,Pipe5_Chen,Pipe5_EKF_LE,Pipe5_AFEKF,Flow_Standard,Flow_Chen,Flow_EKF_LE,Flow_AFEKF
Case1_Clean,1.50304660116601,1.204201546033,1.21865261513919,1.20230444865058,0.774941652592597,0.488034835889423,0.540375739549431,0.592883589662143,2.30501089818504,2.17148718741261,2.15648011864528,2.17574382506252
Case2_10dB,17.5335174683453,1.17090336243628,1.17668904119527,1.11912933194845,1.6766760914764,0.496994476540329,0.521134010841075,0.499541291808375,5.47211943518483,2.27437547073047,2.24792767576442,2.26766705282853
Case2_20dB,52.3834601248328,1.39527436905474,1.35403855454185,1.11969184219511,18.93215845332,0.49595595734359,0.586309863489149,0.505832442741443,15.4579701455235,2.29340053771274,2.26784904277555,2.26773785661049
