Case,Pipe1_Standard,Pipe1_Chen,Pipe1_EKF_LE,Pipe1_AFEKF,Pipe5_Standard,Pipe5_Chen,Pipe5_EKF_LE,Pipe5_AFEKF,Flow_Standard,Flow_Chen,Flow_EKF_LE,Flow_AFEKF
Case1_Clean,1.2168356918678,1.21680756357081,1.22144258484389,1.22287755650593,0.423179622144252,0.423123529272192,0.470001179624456,0.529811463665863,2.6563557006903,2.65632702481437,2.66037012475956,2.66325933797286
Case2_10dB,12.8309727564778,1.22402137590307,1.17515551784429,1.17351593977544,5.9025134723716,0.415715057872955,0.430282601202697,0.556825349458969,4.9886409833163,2.57118436014668,2.56567030216216,2.5691580597645
Case2_20dB,34.7483902137266,1.67885704849723,1.52970736887981,1.17399146464596,14.9545669102225,0.434348127277081,0.874037730977458,0.495423823713243,11.9821324137753,2.60703196502924,2.60870336439173,2.56543423119729
