Case,Pipe1_Standard,Pipe1_Chen,Pipe1_EKF_LE,Pipe1_AFEKF,Pipe5_Standard,Pipe5_Chen,Pipe5_EKF_LE,Pipe5_AFEKF,Flow_Standard,Flow_Chen,Flow_EKF_LE,Flow_AFEKF
Case1_Clean,1.3254867379262,1.32545919301626,1.33950087801623,1.34446305100644,0.432274431499337,0.432192849866485,0.500112898694402,0.564770897297854,2.39452101514812,2.39449852980197,2.40276271002748,2.41165061859238
Case2_10dB,12.161463126265,1.53438286161535,1.56272743833486,1.47475292739132,3.13903635907976,0.469099648807124,0.505585443640924,0.465581096499502,4.95267252294665,2.61038929590122,2.60027698916583,2.60026955175797
Case2_20dB,34.9177264718016,1.64454649611382,1.71375398986508,1.46884658534324,8.56680767605158,0.479004073969707,0.600179670211698,0.507963286344773,12.7396289190418,2.61946845553619,2.61095557758846,2.60154751292035
