Case,Pipe1_Standard,Pipe1_Chen,Pipe1_EKF_LE,Pipe1_AFEKF,Pipe5_Standard,Pipe5_Chen,Pipe5_EKF_LE,Pipe5_AFEKF,Flow_Standard,Flow_Chen,Flow_EKF_LE,Flow_AFEKF
Case1_Clean,1.09663879918707,1.09661969937122,1.11641539155731,1.09866569976729,0.434924776846182,0.434856995142729,0.467976424153486,0.504244113426605,2.28716683490039,2.28714200448365,2.28563992358903,2.29628956368708
Case2_10dB,11.3152847695699,1.21188202160247,1.22533476272434,1.18768499214946,2.92969410578387,0.453468521684013,0.485467497043532,0.50436830141131,4.62947845396575,2.48943047098046,2.48193641423281,2.49268995111318
Case2_20dB,32.9320713317988,1.41195133921865,1.38620362970945,1.1876787144201,2.21409848087718,0.468944240249037,0.562340410146843,0.464821156499658,11.1958323559483,2.50632732351365,2.4876535533842,2.48897079329908
