Case,Pipe1_Standard,Pipe1_Chen,Pipe1_EKF_LE,Pipe1_AFEKF,Pipe5_Standard,Pipe5_Chen,Pipe5_EKF_LE,Pipe5_AFEKF,Flow_Standard,Flow_Chen,Flow_EKF_LE,Flow_AFEKF
Case1_Clean,1.22385175340721,1.22382107120224,1.27885144032271,1.26650648296191,0.402447209250992,0.402372274306829,0.403997627624583,0.411205725906624,2.65511718492591,2.65508844302663,2.59773371822455,2.61116646284184
Case2_10dB,11.6421961790279,1.427432163286,1.42518896511763,1.3029802481216,0.983603806914525,0.42791699336059,0.429150375789806,0.453073287007572,4.84870165336038,2.722175667609,2.63605580061664,2.64634455222772
Case2_20dB,29.2168169162623,1.53873829385992,1.61852756259734,1.3033466315578,2.01297549018515,0.429117570891874,0.49169043688935,0.451071840021843,10.5263378584584,2.72930386169035,2.64910701929417,2.64612483531268
