Case,Pipe1_Standard,Pipe1_Chen,Pipe1_EKF_LE,Pipe1_AFEKF,Pipe5_Standard,Pipe5_Chen,Pipe5_EKF_LE,Pipe5_AFEKF,Flow_Standard,Flow_Chen,Flow_EKF_LE,Flow_AFEKF
Case1_Clean,1.02124058646924,1.0212085484099,0.994652971852994,1.01697180038812,0.425583475441551,0.425503348918765,0.429492796649592,0.457678632908497,2.31595502071853,2.31592851401834,2.2804389018137,2.30174391023053
Case2_10dB,13.141567342541,1.16134451715426,1.05406508418363,1.03015078330781,3.10650109433213,0.43432392337621,0.429244205330717,0.43094562503734,5.11224270379922,2.29560034913729,2.23252740986631,2.2560828075574
Case2_20dB,29.4575104237843,1.25482681887073,1.25927790261883,1.02707726832063,11.6347525666384,0.460036332685768,0.507982329443244,0.430916302260782,11.3960619785806,2.30274245639836,2.24433534853121,2.25677976059235
