Case,Pipe1_Standard,Pipe1_Chen,Pipe1_EKF_LE,Pipe1_AFEKF,Pipe5_Standard,Pipe5_Chen,Pipe5_EKF_LE,Pipe5_AFEKF,Flow_Standard,Flow_Chen,Flow_EKF_LE,Flow_AFEKF
Case1_Clean,1.15519244438702,1.1551619369892,1.15371848201704,1.17695176172332,0.423479740075846,0.423402261400438,0.48966340335641,0.562242403025071,2.47638882285753,2.47636270449097,2.47043455226675,2.48481012993856
Case2_10dB,9.25717857330543,1.17931059961811,1.21239332328774,1.23099510866158,0.886792112256374,0.430456372701841,0.43144883031029,0.458477032072841,4.12744107805155,2.5434934346802,2.53049304450793,2.54816927547371
Case2_20dB,34.8414395736292,1.57248788114017,1.53367345938368,1.22791836599815,1.48904709007108,0.430223563953399,0.442487104730578,0.536663770402868,12.4002890343969,2.57267547655941,2.55537152296399,2.55083423256304
