Case,Pipe1_Standard,Pipe1_Chen,Pipe1_EKF_LE,Pipe1_AFEKF,Pipe5_Standard,Pipe5_Chen,Pipe5_EKF_LE,Pipe5_AFEKF,Flow_Standard,Flow_Chen,Flow_EKF_LE,Flow_AFEKF
Case1_Clean,1.09064084923249,1.09060545433645,1.11120828604952,1.08192888913601,0.449093473491381,0.449008826622066,0.444060204565712,0.471423546310963,2.07072759188142,2.07070167404036,2.07686559787286,2.08454727779237
Case2_10dB,12.3351364831764,1.19925766345545,1.15619710431492,1.09904157852265,0.684769483083663,0.467878576447891,0.463414726472458,0.476365585469878,5.07072551709648,2.20473434116162,2.20033118948345,2.20619911186774
Case2_20dB,34.1797022887599,1.3626996506215,1.25157826978594,1.09943522854435,9.37124728319855,0.465774170633633,0.496496676130778,0.475390256513993,11.4146834488119,2.21489993391336,2.20620048608691,2.20437602732708
