Case,Pipe1_Standard,Pipe1_Chen,Pipe1_EKF_LE,Pipe1_AFEKF,Pipe5_Standard,Pipe5_Chen,Pipe5_EKF_LE,Pipe5_AFEKF,Flow_Standard,Flow_Chen,Flow_EKF_LE,Flow_AFEKF
Case1_Clean,1.19369719234685,1.19367776005475,1.24507888646224,1.23656401881544,0.410038409883634,0.409968315796941,0.475775759038062,0.558472582673202,2.66922012822663,2.66919250000845,2.64589314427231,2.6740197484638
Case2_10dB,13.1442662321406,1.30225447540563,1.37008866745246,1.23556779534245,1.14980363832574,0.431262177455197,0.441393100726279,0.485369968084743,5.27966697135751,2.81639330653675,2.78731864949881,2.81816677342063
Case2_20dB,36.1996617058218,1.50679954939367,1.59167310476044,1.23570278305207,12.8497680934828,0.430988893693891,0.46581997361963,0.433841701769733,12.7435424352915,2.84365022102359,2.81246197696365,2.81800037682914
