Case,Pipe1_Standard,Pipe1_Chen,Pipe1_EKF_LE,Pipe1_AFEKF,Pipe5_Standard,Pipe5_Chen,Pipe5_EKF_LE,Pipe5_AFEKF,Flow_Standard,Flow_Chen,Flow_EKF_LE,Flow_AFEKF
Case1_Clean,1.49717727891067,1.49807578030632,1.49833114573674,1.50951945628829,0.416942735059383,0.41691995250932,0.416067409966763,0.429707604175032,3.20615358862707,3.20465290973487,3.21007731331624,3.21642368632307
Case2_10dB,8.77253874361269,1.2603305029679,1.17906444162199,1.21057291032876,3.33066902208721,0.406398064854934,0.415530104541223,0.46904206629361,4.63734148918702,2.96426328231317,2.95668456611509,2.9584582174209
Case2_20dB,37.4957907438065,1.70323233930502,1.72450898787993,1.21076288582665,9.44123461483518,0.427060971895308,0.542465357112173,0.424703780967422,12.763287090906,2.98133807266923,2.97671541435738,2.95898555391576
