Case,Pipe1_Standard,Pipe1_Chen,Pipe1_EKF_LE,Pipe1_AFEKF,Pipe5_Standard,Pipe5_Chen,Pipe5_EKF_LE,Pipe5_AFEKF,Flow_Standard,Flow_Chen,Flow_EKF_LE,Flow_AFEKF
Case1_Clean,1.20267195678398,1.20262854746508,1.27651003276656,1.24074616989885,0.464190039850172,0.464111672822526,0.464965992524947,0.469904918112749,2.49505801512089,2.49503149041414,2.47211727125964,2.48687133643796
Case2_10dB,14.7999512627711,1.20222084363678,1.32891882003708,1.21335377379873,3.59164451221457,0.434647442991322,0.449957132977982,0.441510213689979,5.32297594477549,2.58904719339389,2.55348881926878,2.57236796901509
Case2_20dB,33.9101081257857,1.46411109251302,1.6882586484405,1.21293500208383,17.7136123130586,0.422654761744184,0.487720910908331,0.441476369239977,12.352947833522,2.60788026452633,2.58540997782176,2.56343653799605
