Case,Pipe1_Standard,Pipe1_Chen,Pipe1_EKF_LE,Pipe1_AFEKF,Pipe5_Standard,Pipe5_Chen,Pipe5_EKF_LE,Pipe5_AFEKF,Flow_Standard,Flow_Chen,Flow_EKF_LE,Flow_AFEKF
Case1_Clean,1.32537581574029,1.32533879990263,1.34874427841922,1.34818655747377,0.431699890830127,0.431615267964211,0.431387128196696,0.438932525204958,1.87469308350446,1.87466744320362,1.8443451605355,1.87135247369213
Case2_10dB,10.0178357431977,1.35671277539456,1.36469833103501,1.30509549150622,2.91818625802885,0.419191160207896,0.442424484964305,0.465004378494724,4.23540593345209,1.8715086454721,1.82728347741495,1.85734181279225
Case2_20dB,30.2341237734604,1.76793238316555,1.60693891238209,1.30498534528767,15.2476407582326,0.431442284019676,0.548446172685063,0.461687623735998,11.4185842795976,1.90797123538332,1.85015245042514,1.85695384464287
