Case,Pipe1_Standard,Pipe1_Chen,Pipe1_EKF_LE,Pipe1_AFEKF,Pipe5_Standard,Pipe5_Chen,Pipe5_EKF_LE,Pipe5_AFEKF,Flow_Standard,Flow_Chen,Flow_EKF_LE,Flow_AFEKF
Case1_Clean,1.2869585249174,1.28693081343034,1.4114046621304,1.35523605818728,0.452541215544859,0.45244333317167,0.58520534570435,0.717070898273731,2.10039451188868,2.10036886229437,2.11273585617739,2.118278892763
Case2_10dB,16.1081875264863,1.24428991690274,1.46557169466852,1.38088750775598,3.1788160283172,0.457098900143536,0.537015965451057,0.590432423017358,5.36350323933654,2.00889143530382,2.02668985628792,2.02319301191746
Case2_20dB,30.5174116887725,1.46617366714096,1.68969183188408,1.38086424210645,18.7459374071743,0.45409980783844,0.49326239911464,0.603741247984223,11.0050259816863,2.02920617356674,2.04757949633938,2.0214790912366
