Case,Pipe1_Standard,Pipe1_Chen,Pipe1_EKF_LE,Pipe1_AFEKF,Pipe5_Standard,Pipe5_Chen,Pipe5_EKF_LE,Pipe5_AFEKF,Flow_Standard,Flow_Chen,Flow_EKF_LE,Flow_AFEKF
Case1_Clean,1.35950868847581,1.35948811924305,1.40222503009479,1.38136683318144,0.41833836388453,0.418270562200977,0.419501704204495,0.424231445765362,2.68568503633704,2.6856588770318,2.67172282362506,2.6724033434142
Case2_10dB,10.5133936984676,1.29990537652884,1.39047532025084,1.36697281932983,5.20362017391722,0.430975627111315,0.434262851382405,0.425266754358074,4.55581018238408,2.40258258936985,2.35351720732913,2.35872117196406
Case2_20dB,34.8287293809497,1.45173892031903,1.59676657006309,1.36773721596862,1.98045134783454,0.420763255683583,0.626945747618508,0.423363956475355,12.2378336335738,2.40948483313149,2.37654540000211,2.36206382423442
