Case,Pipe1_Standard,Pipe1_Chen,Pipe1_EKF_LE,Pipe1_AFEKF,Pipe5_Standard,Pipe5_Chen,Pipe5_EKF_LE,Pipe5_AFEKF,Flow_Standard,Flow_Chen,Flow_EKF_LE,Flow_AFEKF
Case1_Clean,1.16421402380047,1.16418903055411,1.19529775483881,1.20399159067998,0.4868002753494,0.486729755919086,0.479835041198423,0.501521697545732,2.51879648465985,2.51877108062704,2.51671782888072,2.54433634214689
Case2_10dB,12.2465193777233,1.13197496802788,1.07378685751364,1.0735563678119,3.51280902619231,0.475571904240013,0.537027446121033,0.554079003892906,4.82652355683093,2.52466482329371,2.48399588519265,2.5155167426252
Case2_20dB,33.7458319528665,1.28125090049105,1.39774241409937,1.07390187914447,7.79382117221579,0.490906749006529,0.618487141456902,0.55762833678126,11.5207077124802,2.53383094172081,2.50256445668083,2.51580421690536
