Case,Pipe1_Standard,Pipe1_Chen,Pipe1_EKF_LE,Pipe1_AFEKF,Pipe5_Standard,Pipe5_Chen,Pipe5_EKF_LE,Pipe5_AFEKF,Flow_Standard,Flow_Chen,Flow_EKF_LE,Flow_AFEKF
Case1_Clean,1.1981136094824,1.19808239922746,1.19452304355379,1.21539670907144,0.455741282532946,0.455660740653895,0.487662800393759,0.520677761196915,2.31081889667804,2.31079439451625,2.32011586899063,2.32102529720074
Case2_10dB,11.7329064887335,1.37273495394743,1.21179433037705,1.23461114216811,2.49763379862365,0.474494999078404,0.564491376024794,0.614993252682462,4.6259943833388,2.53589696468299,2.52424132366459,2.53210639592235
Case2_20dB,31.6605015817887,1.40726011799656,1.24742374163269,1.22808595115943,9.0914553028331,0.470366118082979,0.665382975804255,0.63789433704621,11.9620810456913,2.54886863224146,2.53858606482231,2.53024717842863
