Case,Pipe1_Standard,Pipe1_Chen,Pipe1_EKF_LE,Pipe1_AFEKF,Pipe5_Standard,Pipe5_Chen,Pipe5_EKF_LE,Pipe5_AFEKF,Flow_Standard,Flow_Chen,Flow_EKF_LE,Flow_AFEKF
Case1_Clean,0.913108304904638,0.913080285187213,0.956729892706243,0.912615445286851,0.428132491639816,0.428047702105756,0.436591233581068,0.442928059517081,2.14325623308628,2.14322867997938,2.1381674959852,2.16281346569598
Case2_10dB,10.4852525186234,0.96750952091662,0.933122020227606,0.889705278755954,3.69562296432693,0.439864933106746,0.444463877550995,0.437728929088928,4.31326082267793,2.10922236249325,2.08110697445011,2.1106968900096
Case2_20dB,48.059337518548,1.3123283247558,1.1486006119763,0.890595672043564,9.35044785901189,0.434625014646803,0.443018253884486,0.437946776287506,14.9189919242254,2.13700771541858,2.10900505162866,2.1134835007569
