Case,Pipe1_Standard,Pipe1_Chen,Pipe1_EKF_LE,Pipe1_AFEKF,Pipe5_Standard,Pipe5_Chen,Pipe5_EKF_LE,Pipe5_AFEKF,Flow_Standard,Flow_Chen,Flow_EKF_LE,Flow_AFEKF
Case1_Clean,1.14656074860785,1.14652062208496,1.13613839877606,1.15315360263324,0.425124740964458,0.425042821154958,0.437723214418886,0.459897983216222,2.25319089100521,2.25316393933205,2.26196869946379,2.26938600580832
Case2_10dB,16.8519659777173,1.2048152178983,1.17728456434208,1.12680340054336,5.32728756783523,0.421745057425594,0.718491051547066,0.551860898300873,5.73958783335357,2.39379570952429,2.40324851550233,2.39433062063233
Case2_20dB,46.1953602509564,1.35814688156204,1.51768387233553,1.12703606557311,1.7200132640965,0.422019100990526,0.763977354443427,0.476338993704057,14.9772913295883,2.40769875060409,2.44695478590698,2.39453529567422
