Case,Pipe1_Standard,Pipe1_Chen,Pipe1_EKF_LE,Pipe1_AFEKF,Pipe5_Standard,Pipe5_Chen,Pipe5_EKF_LE,Pipe5_AFEKF,Flow_Standard,Flow_Chen,Flow_EKF_LE,Flow_AFEKF
Case1_Clean,1.26989862777896,1.26986434142631,1.30213331902057,1.29224697564276,0.435172186441804,0.435089023946331,0.600257768325933,0.748726927135203,2.27530213115382,2.27527606874322,2.25106270835997,2.28095783042002
Case2_10dB,10.6205696726388,1.25676368400273,1.39043167059269,1.38317995773425,0.514758708204035,0.430079250801495,0.439413736619796,0.504791774112759,4.3337025705436,2.3932193225421,2.34726472200169,2.37870955557442
Case2_20dB,38.1027628148743,1.32490630964983,1.48812124287817,1.38385052752695,6.20679439605861,0.444773082810858,0.537300295290092,0.524156750171975,13.202395011197,2.40181782945491,2.36258915585099,2.3795058136882
