Case,Pipe1_Standard,Pipe1_Chen,Pipe1_EKF_LE,Pipe1_AFEKF,Pipe5_Standard,Pipe5_Chen,Pipe5_EKF_LE,Pipe5_AFEKF,Flow_Standard,Flow_Chen,Flow_EKF_LE,Flow_AFEKF
Case1_Clean,1.293526870841,1.29349670194147,1.31216570988304,1.31233843470737,0.475755547819283,0.47567221675781,0.475696204002975,0.484177508422659,2.35599290501759,2.35596668694052,2.33921576780366,2.36381970999415
Case2_10dB,11.3240596337025,1.30990815410412,1.22688180383608,1.19082114751148,5.48983123184842,0.511181106567776,0.508213278419819,0.508188906060866,5.27015482968071,2.35763897936264,2.32388501622389,2.35714910866071
Case2_20dB,47.4434556681947,1.67007932157679,1.45846326125249,1.19089631370072,8.95948218025934,0.510810343159659,0.491380838173622,0.499825732392065,13.9962908580995,2.39514407322176,2.34186217811008,2.35722954270787
