Case,Pipe1_Standard,Pipe1_Chen,Pipe1_EKF_LE,Pipe1_AFEKF,Pipe5_Standard,Pipe5_Chen,Pipe5_EKF_LE,Pipe5_AFEKF,Flow_Standard,Flow_Chen,Flow_EKF_LE,Flow_AFEKF
Case1_Clean,1.10522109543715,1.10511978899704,1.11762129849732,1.11045478027799,0.453016502725483,0.452918749568422,0.45891826034155,0.473108977231131,2.51130669914299,2.51057484876852,2.50702945100931,2.51339777214981
Case2_10dB,11.06707298515,1.25767260844863,1.22008507917943,1.19829380211574,2.89504613909663,0.470503145038417,0.50951088725928,0.464313708559217,4.71417859969919,2.74027298970501,2.70407808979797,2.70832154023389
Case2_20dB,30.4021620921723,1.47395492979442,1.46319187074264,1.19707659356883,1.69041808810045,0.475187626325877,0.462091530930917,0.485047710504973,12.0777037258934,2.75457823483713,2.72254399561819,2.71003062498502
