Case,Pipe1_Standard,Pipe1_Chen,Pipe1_EKF_LE,Pipe1_AFEKF,Pipe5_Standard,Pipe5_Chen,Pipe5_EKF_LE,Pipe5_AFEKF,Flow_Standard,Flow_Chen,Flow_EKF_LE,Flow_AFEKF
Case1_Clean,1.0430628029536,1.04302629228457,1.06106629137353,1.07143655697025,0.428655146187964,0.428554930638078,0.445181625086221,0.46787777431899,2.33550791732928,2.3354817411767,2.32145299513095,2.3443651072432
Case2_10dB,12.2394071286798,1.12213803516941,0.997340426517282,0.977394977082719,0.849089690500792,0.458754740516445,0.46000584764736,0.470672727101211,4.77244545616362,2.47196316270626,2.43883967433645,2.46290117230397
Case2_20dB,52.6282356425465,1.86385287986011,1.39803620213818,0.978431394603504,3.09348239626101,0.450202793174536,0.458572106092104,0.477973232748291,15.1705758617241,2.52678721882894,2.4719933914295,2.46310078772639
