Case,Pipe1_Standard,Pipe1_Chen,Pipe1_EKF_LE,Pipe1_AFEKF,Pipe5_Standard,Pipe5_Chen,Pipe5_EKF_LE,Pipe5_AFEKF,Flow_Standard,Flow_Chen,Flow_EKF_LE,Flow_AFEKF
Case1_Clean,1.27562858637967,1.27559718066145,1.31700265359241,1.30067864291197,0.457494396952733,0.457402113516536,0.455544184604863,0.466004812941216,2.60143850717993,2.60141175469976,2.58945467369077,2.60478981460758
Case2_10dB,10.8075978445894,1.28460005648371,1.41480217863109,1.37559175305372,0.935005397418833,0.458973634732311,0.452370155148356,0.470469030137432,4.65449011096945,2.76920345057466,2.73924418622314,2.75799273868786
Case2_20dB,37.8386831122572,1.54856140528099,1.67069445572763,1.37560150661795,11.2249860196785,0.462569559365384,0.468453555079107,0.4707956622524,13.0502469446904,2.77841989504293,2.75756698699293,2.75696336158384
