Case,Pipe1_Standard,Pipe1_Chen,Pipe1_EKF_LE,Pipe1_AFEKF,Pipe5_Standard,Pipe5_Chen,Pipe5_EKF_LE,Pipe5_AFEKF,Flow_Standard,Flow_Chen,Flow_EKF_LE,Flow_AFEKF
Case1_Clean,1.4261908611395,1.42617002801485,1.42564032762222,1.43534643649882,0.454125740897075,0.454044314633496,0.462401834464718,0.482590820550703,2.69932791284841,2.69930150158473,2.68847349243834,2.69453855544764
Case2_10dB,16.0099396305089,1.51710109296466,1.47585616213524,1.4970814842163,0.653548129897836,0.468580370311657,0.514558889793993,0.501392658972416,5.7073484933283,2.72105663686192,2.70353925515215,2.70534232419159
Case2_20dB,50.5735765198862,1.90021994134083,1.74382205819003,1.49878267040431,18.1777119988034,0.484090391038548,0.591645473139632,0.591261514234049,14.8310436466753,2.76219438746114,2.73437315060288,2.7054181794125
