Case,Pipe1_Standard,Pipe1_Chen,Pipe1_EKF_LE,Pipe1_AFEKF,Pipe5_Standard,Pipe5_Chen,Pipe5_EKF_LE,Pipe5_AFEKF,Flow_Standard,Flow_Chen,Flow_EKF_LE,Flow_AFEKF
Case1_Clean,1.07947111878651,1.07945046739249,1.08182368465904,1.08860831624565,0.428901068244478,0.428817980055624,0.471954406693416,0.532270057913644,2.37543011223974,2.37540582869055,2.3766644998337,2.38286524063624
Case2_10dB,11.8796072324886,1.08824766983849,1.09223944140859,1.05225115259399,5.87517402109045,0.465099678632224,0.513086607602678,0.445025919205152,4.63441896369934,2.49360034691842,2.48565483369094,2.48639292116715
Case2_20dB,47.6825219769033,1.72307894285177,1.25612806710275,1.04959931584294,14.9992371992921,0.492052491165964,0.57737543550603,0.444069811335039,14.4835908928472,2.53268289250203,2.49603216983574,2.48671853056671
