Case,Pipe1_Standard,Pipe1_Chen,Pipe1_EKF_LE,Pipe1_AFEKF,Pipe5_Standard,Pipe5_Chen,Pipe5_EKF_LE,Pipe5_AFEKF,Flow_Standard,Flow_Chen,Flow_EKF_LE,Flow_AFEKF
Case1_Clean,1.27745860494691,1.27742829622865,1.32595226424344,1.30178521527295,0.447183752812755,0.447098134373224,0.456098606240198,0.470297631967853,2.47397824707718,2.47395147170543,2.44155449962524,2.45335334699021
Case2_10dB,13.5269449598634,1.48855392250869,1.47819080976643,1.38001931341111,3.65602336723849,0.451224515388273,0.478533354542119,0.524746343206703,5.14131265693482,2.67889359091611,2.6335445546989,2.64267546495256
Case2_20dB,43.1918383706382,1.75461924348854,1.75281462977822,1.37996418819449,11.9069034284568,0.464826903219322,0.79759291562203,0.553213717326966,14.5172705418351,2.7009344360169,2.66359073530332,2.64340287315627
