Case,Pipe1_Standard,Pipe1_Chen,Pipe1_EKF_LE,Pipe1_AFEKF,Pipe5_Standard,Pipe5_Chen,Pipe5_EKF_LE,Pipe5_AFEKF,Flow_Standard,Flow_Chen,Flow_EKF_LE,Flow_AFEKF
Case1_Clean,1.18555383122996,1.18552283814558,1.18443591213485,1.2002659130495,0.470513176738026,0.470418090191575,0.502742331911122,0.513794878328692,2.12031483839733,2.12028932122325,2.12409553641848,2.1482921709168
Case2_10dB,11.6502331935422,1.28731953890572,1.19976414680835,1.17304122349207,2.66301122537356,0.460330084504725,0.424078895816993,0.481961247760645,4.68452543285835,1.87057640405103,1.86098852106851,1.88982319842923
Case2_20dB,47.6897729327138,1.69468119701108,1.4341912033197,1.17344877275668,17.8634042957186,0.470532710104922,0.462588773591123,0.433429090333633,14.5671938815777,1.91234582996196,1.88399735645449,1.88914997822452
