Case,Pipe1_Standard,Pipe1_Chen,Pipe1_EKF_LE,Pipe1_AFEKF,Pipe5_Standard,Pipe5_Chen,Pipe5_EKF_LE,Pipe5_AFEKF,Flow_Standard,Flow_Chen,Flow_EKF_LE,Flow_AFEKF
Case1_Clean,1.10955983837312,1.10952872025072,1.10170790559627,1.11667504993382,0.463245998640169,0.463146193145237,0.465219333663238,0.472837245457594,2.19747540732088,2.19745072528725,2.20000300847515,2.21388929798812
Case2_10dB,10.9867161341829,1.0301508823319,1.13693151600672,1.0945109007291,6.03218006811997,0.480360383095583,0.512103467519949,0.493722405551933,4.49865819847679,1.78095064811526,1.7962066754643,1.80332913505023
Case2_20dB,33.848797374691,1.29826347192389,1.45798235473241,1.09450199781565,8.69554876290101,0.480783134501824,0.627814699731872,0.493861482870738,10.8598757314177,1.79417701459947,1.80670354557458,1.80293473154567
