Case,Pipe1_Standard,Pipe1_Chen,Pipe1_EKF_LE,Pipe1_AFEKF,Pipe5_Standard,Pipe5_Chen,Pipe5_EKF_LE,Pipe5_AFEKF
Case1_Clean,1.35323644441308,1.35320459463775,1.37613304492701,1.36997462789395,0.404092997707033,0.404025223686892,0.41427760024026,0.433617709705144
Case2_10dB,10.4450734359697,1.3084344984308,1.35776091595745,1.34709061819035,0.731047899110184,0.411418002713526,0.397615964521633,0.401106652270115
Case2_20dB,29.6576324733183,1.32731803982747,1.5541398571462,1.34223365562032,1.42327558808297,0.4122357811378,0.401602306014997,0.400992460423058
Case3_Outlier_Leak,34.78576087601,1.16812595517373,1.39008389983482,1.05979795762644,2.52567470647,3.79859322012627,1.34898088888336,1.38309171390987
Case4_Pure_Leak,1.29527915582366,1.26891345336832,1.2934052009131,1.27556639490714,1.72398581850622,3.52587557790433,2.19426748464538,1.69371878839392
