Case,Pipe1_Standard,Pipe1_Chen,Pipe1_EKF_LE,Pipe1_AFEKF,Pipe5_Standard,Pipe5_Chen,Pipe5_EKF_LE,Pipe5_AFEKF
Case1_Clean,1.42874327499048,1.42870933847961,1.43573875225845,1.44068762520423,0.428441689048564,0.428376892098068,0.42814451609346,0.433796065413177
Case2_10dB,10.1486348851589,1.27369257944029,1.40569754062429,1.41330558705001,5.78744309935136,0.431752627362374,0.448478857711875,0.484860278369418
Case2_20dB,33.3900417325355,1.28890493415205,1.67758663233003,1.41424283137803,10.9227301154266,0.431814822137187,0.446511317990027,0.488845748666516
Case3_Outlier_Leak,46.2550409776966,1.32560066749833,1.60224830400059,1.33924114613799,2.77566050822331,3.78319052541708,1.46598542532804,1.899525393312
Case4_Pure_Leak,1.11832721953854,1.10839730899155,1.11899120607949,1.11616632115572,1.72318218787025,3.53914197337583,2.49750519199106,1.75108764254231
