Case,Pipe1_Standard,Pipe1_Chen,Pipe1_EKF_LE,Pipe1_AFEKF,Pipe5_Standard,Pipe5_Chen,Pipe5_EKF_LE,Pipe5_AFEKF
Case1_Clean,1.35951017760989,1.35947304251603,1.35886565543312,1.37184413595508,0.475880961688315,0.475806746426909,0.476890233109233,0.481306048729786
Case2_10dB,12.3754252048199,1.39667057497017,1.34903089335163,1.33670084057753,3.64444164582354,0.497507758233524,0.503428855051257,0.506435995068981
Case2_20dB,36.8920509655723,1.43049810650579,1.830311747804,1.3382861636603,5.41143880057753,0.499313616581909,0.58617884006914,0.510344070772403
Case3_Outlier_Leak,29.717484820437,1.24135796460585,1.26315360331155,1.13922478926071,2.90852534066633,3.79260429309293,1.6697376062269,2.51678806315549
Case4_Pure_Leak,1.09890240092551,1.09176174533517,1.10031908980557,1.09542930368783,1.66228006001945,3.53387462845234,2.61411172547701,2.04114279467632
