Case,Pipe1_Standard,Pipe1_Chen,Pipe1_EKF_LE,Pipe1_AFEKF,Pipe5_Standard,Pipe5_Chen,Pipe5_EKF_LE,Pipe5_AFEKF
Case1_Clean,1.11960195001966,1.11956770652444,1.11287236856573,1.12434323556463,0.415891808334897,0.415810614751203,0.49111997609751,0.560171397232483
Case2_10dB,10.4081212445744,1.07805817198518,1.16266414479975,1.14925085814594,2.50596139255549,0.393827941829642,0.448470596437631,0.507140222221486
Case2_20dB,34.0843742736835,1.10710488909224,1.53604582922245,1.14808965041084,1.72289959710765,0.392717736868574,0.515016621996936,0.545342028476315
Case3_Outlier_Leak,31.4639735920981,1.19310006856474,1.40465259380066,1.08665856478499,6.87302380870732,3.7815907409319,1.80097741352773,1.71887448619298
Case4_Pure_Leak,0.959623244958475,0.937482076282432,0.948032097290468,0.951239730970406,1.68406953627963,3.46877165989913,1.70824127421789,1.15726745913117
