Case,Pipe1_Standard,Pipe1_Chen,Pipe1_EKF_LE,Pipe1_AFEKF,Pipe5_Standard,Pipe5_Chen,Pipe5_EKF_LE,Pipe5_AFEKF
Case1_Clean,1.24183928731397,1.24181202449472,1.24032024368934,1.24734262252062,0.421692941076754,0.421599127001048,0.432233954849652,0.458139228253311
Case2_10dB,9.99018286822399,1.40141734606365,1.34959076161088,1.34534689693541,2.59196299450219,0.425432218719459,0.404791451233116,0.407140262005668
Case2_20dB,39.5593955163543,1.40018122521199,1.62152495205104,1.34553299806365,16.4378985931415,0.421813072123306,0.558568526740877,0.405679290844091
Case3_Outlier_Leak,40.1222520216188,1.07010631704363,1.24512912037505,0.973234663162396,14.0808661571974,3.78719790465388,2.36226728507622,1.84307725896164
Case4_Pure_Leak,1.09536963491119,1.08270257639354,1.08969891097515,1.092020935947,1.69816905364482,3.51809219324552,1.68434074398057,1.24042555045822
