Case,Pipe1_Standard,Pipe1_Chen,Pipe1_EKF_LE,Pipe1_AFEKF,Pipe5_Standard,Pipe5_Chen,Pipe5_EKF_LE,Pipe5_AFEKF
Case1_Clean,1.44904175296043,1.44901593090973,1.50633018083842,1.47838517228787,0.451866424992524,0.451776045017956,0.466150602322551,0.510184302231032
Case2_10dB,9.4492797003888,1.33527828523561,1.59790285296433,1.55347669248403,2.55547958527469,0.47041341615987,0.499745276916955,0.539281374450296
Case2_20dB,30.6374303200549,1.34596285074204,1.68152133987716,1.54947071553452,7.8922801866677,0.470119730524382,0.483662187379209,0.480190840490259
Case3_Outlier_Leak,34.4193638730488,1.56322705714059,1.65350047380296,1.44835389946306,8.32423061861488,3.69519145077165,1.46017745782625,1.49560483572432
Case4_Pure_Leak,1.39660399562266,1.38550710311369,1.39441558297418,1.38150340010487,1.82077512751758,3.52710498079975,2.30520988852088,1.83607110045276
