Case,Pipe1_Standard,Pipe1_Chen,Pipe1_EKF_LE,Pipe1_AFEKF,Pipe5_Standard,Pipe5_Chen,Pipe5_EKF_LE,Pipe5_AFEKF
Case1_Clean,1.42861232852257,1.42857097093051,1.42825713624643,1.43726961700374,0.517810354112017,0.517724337214715,0.522121702996937,0.53472627348433
Case2_10dB,14.9063464677401,1.56541873266797,1.58495984306897,1.52420872404509,2.96008211376893,0.524374310012583,0.529688660366451,0.548757348646249
Case2_20dB,32.5810276963724,1.58585760380889,1.82366871611791,1.52071873037434,7.53102385757568,0.524053761855036,0.632172125346169,0.534230290622354
Case3_Outlier_Leak,38.2987840655437,1.0999892390866,1.3377564952167,1.02340781219057,19.367256154376,3.84108137687721,1.82212583299508,1.84866705713777
Case4_Pure_Leak,1.17661550688999,1.15656368657948,1.16801103277494,1.16740255340789,1.73711167859751,3.50885492516535,1.8383969676892,1.45230717554928
