Case,Pipe1_Standard,Pipe1_Chen,Pipe1_EKF_LE,Pipe1_AFEKF,Pipe5_Standard,Pipe5_Chen,Pipe5_EKF_LE,Pipe5_AFEKF
Case1_Clean,1.23557928356087,1.23554045775499,1.22986731298978,1.23909100005425,0.486953146647736,0.486866979684133,0.516899289151702,0.555409202159362
Case2_10dB,8.75700063011352,1.37006491953311,1.29767230354908,1.29927846249824,5.28834245325673,0.52171612303429,0.51712319048112,0.534445047955358
Case2_20dB,31.6349768255361,1.36357352637102,1.52099656133008,1.29391569369652,2.99862399313821,0.524094286083055,0.746392228097491,0.655870228895852
Case3_Outlier_Leak,28.9001850019241,1.25843769731645,1.3171453924251,1.19459686414045,16.9307501959839,3.77025769861657,1.63761097297819,1.53758983645174
Case4_Pure_Leak,1.20977727025226,1.19803208404103,1.50526586324477,1.2096895221059,1.78575124837005,3.48405839073596,1.65686872165543,1.40105656305022
