Case,Pipe1_Standard,Pipe1_Chen,Pipe1_EKF_LE,Pipe1_AFEKF,Pipe5_Standard,Pipe5_Chen,Pipe5_EKF_LE,Pipe5_AFEKF
Case1_Clean,1.28509592642202,1.28506608534941,1.28424938450237,1.2920785404133,0.440463875413054,0.440373019947263,0.451473333394775,0.497573137954973
Case2_10dB,15.5900462313054,1.17424759659224,1.26214367352621,1.24014645975197,3.13054776114284,0.472977080077824,0.466856699486129,0.480399649315965
Case2_20dB,36.2525765398237,1.18489811218438,1.72938570015148,1.24442205434413,6.79455554981235,0.473370506678084,0.523715193723593,0.461993649740995
Case3_Outlier_Leak,36.848364194329,1.20272646280726,1.47414983583091,1.13138749866372,11.0315685364955,3.81937251150362,2.19157126554413,1.67914634975735
Case4_Pure_Leak,1.12530613112787,1.11405877589954,1.1166376648095,1.12484500376213,1.66533550842162,3.53923775794555,1.96323623758545,1.29984367936721
