Case,Pipe1_Standard,Pipe1_Chen,Pipe1_EKF_LE,Pipe1_AFEKF,Pipe5_Standard,Pipe5_Chen,Pipe5_EKF_LE,Pipe5_AFEKF
Case1_Clean,1.34933826025521,1.34929570493262,1.31587986628963,1.35057880088123,0.435882899746363,0.435780168797919,0.435713494110165,0.442834184550172
Case2_10dB,10.7753046069532,1.1885331899942,1.29458501974337,1.26483340602403,3.04782042296623,0.45670486043634,0.439887457468306,0.437152152315404
Case2_20dB,35.1517711938559,1.21552249343005,1.53019178969173,1.26482156657245,9.08185355525853,0.457921381955989,0.444993479890704,0.437850074429343
Case3_Outlier_Leak,36.4443645618823,1.25921852715205,1.5828823275299,1.13239842807718,12.2745522007707,3.79375323539843,2.03930917673503,1.55172311563229
Case4_Pure_Leak,1.16102464461886,1.12505978227859,1.17616306767407,1.16825867939716,1.70316545241807,3.45386021848657,2.26021661923568,1.90282132199811
