Case,Pipe1_Standard,Pipe1_Chen,Pipe1_EKF_LE,Pipe1_AFEKF,Pipe5_Standard,Pipe5_Chen,Pipe5_EKF_LE,Pipe5_AFEKF
Case1_Clean,1.23900525723463,1.2389775188868,1.27605303162111,1.25681493714485,0.424984349635637,0.424916986080091,0.581768616111566,0.727050871917259
Case2_10dB,14.2674105962099,1.11091066398879,1.15197667490591,1.08182460261609,3.14360298388814,0.440323215573161,0.453819214557478,0.453631435827337
Case2_20dB,53.0813558498953,1.13885121287246,1.68606966285604,1.08201034835524,15.9769045652762,0.445688767739842,0.805502774430056,0.471852940391531
Case3_Outlier_Leak,42.1437261033555,1.15253890783337,1.26076880990134,1.02590177538893,14.9467044930731,3.83384453221884,1.83354943170391,2.00789510662307
Case4_Pure_Leak,1.28328861022919,1.27014238503244,1.27210221346009,1.27542528191611,1.74807577604622,3.47071958417373,1.8904745632751,1.42002961028049
