Case,Pipe1_Standard,Pipe1_Chen,Pipe1_EKF_LE,Pipe1_AFEKF,Pipe5_Standard,Pipe5_Chen,Pipe5_EKF_LE,Pipe5_AFEKF
Case1_Clean,1.24946508007533,1.24943302631876,1.27779468958884,1.25949330003681,0.412783030449533,0.412720538755273,0.413364991384664,0.419232386561388
Case2_10dB,13.856038051861,1.35135128907828,1.3684095376798,1.35996520803678,3.34263570422843,0.394894975141554,0.441296051366035,0.392817105024792
Case2_20dB,31.6722624833113,1.37308142297689,1.75329040108121,1.36290506619302,15.3062103025485,0.397251954103088,0.510906623948151,0.407486739848165
Case3_Outlier_Leak,39.7143105253771,1.2162797659307,1.6281803767246,1.12815628644836,4.81222896317102,3.81521781777381,2.15596881915308,2.44822105035803
Case4_Pure_Leak,1.00477607040579,0.991875920370807,1.00218411845494,1.01472183536394,1.68645095705421,3.54082883383473,2.50079007610602,2.05487949489584
