Case,Pipe1_Standard,Pipe1_Chen,Pipe1_EKF_LE,Pipe1_AFEKF,Pipe5_Standard,Pipe5_Chen,Pipe5_EKF_LE,Pipe5_AFEKF
Case1_Clean,1.38396079424152,1.38393075306422,1.39173219766012,1.39463382751818,0.479935319574175,0.479853102581757,0.479798937573951,0.488113129558944
Case2_10dB,12.0127574322846,1.48625974201624,1.41051808176948,1.3724056215315,5.40696628705522,0.519907898196552,0.512727050285317,0.518864487684732
Case2_20dB,35.8004536254026,1.51211495579511,1.91222237573517,1.37194286792373,10.7340317615263,0.522847099444349,0.542074729610392,0.519112026809498
Case3_Outlier_Leak,32.7410863135003,1.28569396661533,1.2999931953393,1.1788746900742,8.5872189627059,3.79128522195172,1.66689802753014,1.93125888566291
Case4_Pure_Leak,1.20437758665153,1.16668385979218,1.19592701481335,1.18524476482482,1.67990490085895,3.47603805329114,1.6677127607835,1.25884664808404
