Case,Pipe1_Standard,Pipe1_Chen,Pipe1_EKF_LE,Pipe1_AFEKF,Pipe5_Standard,Pipe5_Chen,Pipe5_EKF_LE,Pipe5_AFEKF
Case1_Clean,1.20978690649176,1.20975867517922,1.21549107267316,1.21820996899628,0.46183382812375,0.461739588852921,0.453685261433245,0.470457753336165
Case2_10dB,9.04648255582458,1.2008318927035,1.27337762545334,1.241900518944,0.490892559667975,0.490830682829928,0.488615737498315,0.51015250280563
Case2_20dB,30.8453992225519,1.1950703561578,1.3445019692703,1.24537156152021,7.71993665836412,0.492009778198201,0.52089423373899,0.509137037063898
Case3_Outlier_Leak,36.712971066856,1.08672800788383,1.41549479881097,1.14397507013896,4.16822219577426,3.80535591857276,1.73893961469124,1.69151606995124
Case4_Pure_Leak,1.34812784218728,1.3199826211286,1.48113458405127,1.33781745271311,1.72542837979165,3.56005971248297,1.8736435773947,1.35810207252474
