Case,Pipe1_Standard,Pipe1_Chen,Pipe1_EKF_LE,Pipe1_AFEKF,Pipe5_Standard,Pipe5_Chen,Pipe5_EKF_LE,Pipe5_AFEKF
Case1_Clean,1.26914225548836,1.26911099451014,1.26877861626944,1.27660001854028,0.493274010398943,0.493160428712082,0.493406318096609,0.501849853352562
Case2_10dB,9.78465383942468,1.35410838188465,1.38454543268486,1.35740213948534,0.636522943089785,0.53344832794463,0.517110590552436,0.531728996436462
Case2_20dB,49.3186555018992,1.39781983511632,1.58387484991407,1.35657971724291,16.0506909232699,0.53907315193568,0.612751211270357,0.531455770024284
Case3_Outlier_Leak,38.9302362011719,1.15124580809166,1.6879249238914,1.16690464734724,16.0792441662531,3.81377762402599,1.49669813965814,1.53672958000981
Case4_Pure_Leak,1.24519642815873,1.22991673627723,1.23462501899585,1.24061516998176,1.67310939051662,3.47506871130636,1.81853872663305,1.56709785975272
