Case,Pipe1_Standard,Pipe1_Chen,Pipe1_EKF_LE,Pipe1_AFEKF,Pipe5_Standard,Pipe5_Chen,Pipe5_EKF_LE,Pipe5_AFEKF
Case1_Clean,1.2477772783757,1.24775867264715,1.2429419719877,1.25530422389923,0.415418777529701,0.415350604421001,0.418587982786956,0.446687981588349
Case2_10dB,13.1234663710433,1.05803946864758,1.39557727015359,1.34053797856505,0.484555232665933,0.404857728428684,0.397142968024475,0.404075937515837
Case2_20dB,39.7506728290414,1.11451588077825,1.58100170692752,1.34069673245119,1.81347305717758,0.407684037684442,0.417215919208483,0.419888099295267
Case3_Outlier_Leak,36.2296621713223,1.56613826287292,1.79440241243346,1.4009083650829,12.2063726196066,3.76387499200604,1.96157111247203,1.74660812466514
Case4_Pure_Leak,1.18719582337568,1.16289585757976,1.17488903671181,1.1794056654726,1.66865554723199,3.48934063225886,1.57722404121613,1.13991188636878
