Case,Pipe1_Standard,Pipe1_Chen,Pipe1_EKF_LE,Pipe1_AFEKF,Pipe5_Standard,Pipe5_Chen,Pipe5_EKF_LE,Pipe5_AFEKF
Case1_Clean,1.27555576075291,1.2755298361835,1.27694487625499,1.28330491281807,0.44388447488133,0.443796209471182,0.441277796551161,0.447827085403682
Case2_10dB,10.1755262431054,1.34273689432066,1.33370230007129,1.34790760702228,1.06698098200293,0.41487150184894,0.425424630486157,0.446147535266303
Case2_20dB,42.8800444925756,1.42786575665607,1.77930412984933,1.34862813641628,5.94423952566406,0.417925502441033,0.643149393238794,0.419879331441039
Case3_Outlier_Leak,33.0990158999357,1.37694042656245,1.58839680501496,1.28457935556313,5.03087079715227,3.78414942184749,1.71007667950213,1.91391341060958
Case4_Pure_Leak,1.44237201165762,1.41906079939523,1.44061288248847,1.43146030614852,1.71361836831694,3.48539080244186,2.16458082594355,1.73038459687457
