Case,Pipe1_Standard,Pipe1_Chen,Pipe1_EKF_LE,Pipe1_AFEKF,Pipe5_Standard,Pipe5_Chen,Pipe5_EKF_LE,Pipe5_AFEKF
Case1_Clean,1.03457726463401,1.03454813264329,1.03947641266958,1.0435332939879,0.378937649509384,0.378866713393578,0.37872096510854,0.383677619969361
Case2_10dB,10.1689422947749,0.966810604556759,1.08955727466675,0.987597065189628,5.38607235240469,0.368834063446524,0.392718507144561,0.469679998104249
Case2_20dB,40.2509702603765,1.00640214783715,1.62703620172857,0.988162190772633,1.31727898409546,0.370542088124241,0.640742052007249,0.487316846426834
Case3_Outlier_Leak,58.842288027153,1.27442421503777,1.62029152019725,1.14370262890915,10.5592638170516,3.90373369701753,1.53920600050075,1.70472305924096
Case4_Pure_Leak,1.05488667999081,1.03636816898332,1.05986645777024,1.03462232955091,1.74080180230687,3.49115203122784,2.00536600993444,1.4269071761175
