Case,Pipe1_Standard,Pipe1_Chen,Pipe1_EKF_LE,Pipe1_AFEKF,Pipe5_Standard,Pipe5_Chen,Pipe5_EKF_LE,Pipe5_AFEKF
Case1_Clean,1.02843623306341,1.02841310246083,1.03134490006467,1.03737876295938,0.392447562929727,0.392380554860694,0.414543210535963,0.439866359967035
Case2_10dB,11.4814443160901,1.03065807969889,1.0745422636953,1.00965818983526,5.90272747234002,0.430534402791032,0.441135934787346,0.438811298100691
Case2_20dB,29.2575069968997,1.04412234861536,1.27818386786021,1.01025165453509,7.23674508237529,0.429205159944139,0.546077025070385,0.438941152790312
Case3_Outlier_Leak,46.5933929030198,0.960775961179109,1.44634574047374,1.07844457385588,9.80020059734919,3.7634777608847,2.06466996591156,2.15712623772037
Case4_Pure_Leak,1.39384965131635,1.36943314505125,1.41974194129657,1.38805801930521,1.69717667095621,3.52239490960815,2.0008367910887,1.64407441546357
