Case,Pipe1_Standard,Pipe1_Chen,Pipe1_EKF_LE,Pipe1_AFEKF,Pipe5_Standard,Pipe5_Chen,Pipe5_EKF_LE,Pipe5_AFEKF
Case1_Clean,1.32662099848288,1.32659715553128,1.33593301510685,1.33462456030962,0.421311471171031,0.421225927079485,0.522643263816053,0.651180366304377
Case2_10dB,9.80202483296121,1.27008335139439,1.28108749881005,1.27360951997583,3.60877279909282,0.456441500866714,0.42933073212244,0.497031558986967
Case2_20dB,35.462633258408,1.28752926262092,1.48324122698575,1.27144799486097,12.4630703713085,0.461865587458221,0.568404023898867,0.495155698203165
Case3_Outlier_Leak,41.4651063171744,1.18393379480705,1.46559036873067,1.11896358954516,16.144710241412,3.81920239806207,1.70594787602985,1.97537216274642
Case4_Pure_Leak,1.16637989685337,1.1579095052047,1.15603417805113,1.1603372920349,1.79040634356824,3.43545361320506,1.92698107221591,1.61565118767929
