Case,Pipe1_Standard,Pipe1_Chen,Pipe1_EKF_LE,Pipe1_AFEKF,Pipe5_Standard,Pipe5_Chen,Pipe5_EKF_LE,Pipe5_AFEKF
Case1_Clean,1.0579666944291,1.05793114245908,1.06455287174235,1.06843550931021,0.463856305893231,0.463770164408872,0.509405137992608,0.554210533837127
Case2_10dB,10.4075021252146,1.06650785880402,1.06961688368816,1.04183172925799,0.791052083272544,0.487924687755939,0.485379830217123,0.490360237750206
Case2_20dB,51.2676197272729,1.06761906428313,1.40201270715307,1.0417134362912,9.41840268401756,0.48974817538229,0.712985744871952,0.49036518150341
Case3_Outlier_Leak,39.6668052920204,1.06788274860267,1.52320535333659,1.07449582728767,5.08076451940272,3.72143280139087,1.66954374812958,1.58258370631545
Case4_Pure_Leak,1.30771594255071,1.29248208903281,1.30150333899744,1.30600319264096,1.66122735757541,3.52322164064671,2.65636443903819,1.8400935749962
