Case,Pipe1_Standard,Pipe1_Chen,Pipe1_EKF_LE,Pipe1_AFEKF,Pipe5_Standard,Pipe5_Chen,Pipe5_EKF_LE,Pipe5_AFEKF
Case1_Clean,1.24226356973931,1.24224484865712,1.51098278389921,1.25459486492428,0.476495621869577,0.476385400058946,0.560675406940992,0.636910810564242
Case2_10dB,10.5701720588883,1.15411040116196,1.49074321220765,1.21101552912753,0.61339367516303,0.505112238528939,0.514761152553534,0.574492991749725
Case2_20dB,36.9364882453622,1.15648363510094,1.39395283689414,1.21019926707417,9.42648881416678,0.506628534386331,0.650884731678366,0.5742705471445
Case3_Outlier_Leak,46.2182378981416,1.16609490965261,1.73180936265334,1.10840308031123,14.4944881175632,3.81876971230737,2.06024260327129,1.69801021944491
Case4_Pure_Leak,1.4824864672554,1.45942872519022,1.47916997132508,1.47890904979135,1.75944079657999,3.49737182486829,1.88157653066112,1.62870949175042
