Case,Pipe1_Standard,Pipe1_Chen,Pipe1_EKF_LE,Pipe1_AFEKF,Pipe5_Standard,Pipe5_Chen,Pipe5_EKF_LE,Pipe5_AFEKF
Case1_Clean,1.22219138994291,1.22215460033409,1.20790954050157,1.20885051799906,0.425888428667024,0.425829388959465,0.429447173505819,0.44206527441858
Case2_10dB,11.702538785268,1.12283967612537,1.30534414758055,1.23819409128333,2.56966210405697,0.449043853660535,0.493177689381419,0.466016459262872
Case2_20dB,31.0493870023384,1.14496190207909,1.39777351172111,1.2383723768647,17.526269106865,0.451167025447482,0.519418918945912,0.460923500816751
Case3_Outlier_Leak,30.7603609789415,1.39082346787834,1.55891753840828,1.31560601844148,13.1116677221292,3.76197209292599,1.70025909831292,1.45904793057633
Case4_Pure_Leak,1.38455108376255,1.37155250606775,1.38108976092767,1.38316080703632,1.79220087200011,3.52019138233547,2.07573124258376,1.81252680852446
