Case,Pipe1_Standard,Pipe1_Chen,Pipe1_EKF_LE,Pipe1_AFEKF,Pipe5_Standard,Pipe5_Chen,Pipe5_EKF_LE,Pipe5_AFEKF
Case1_Clean,1.15974119089947,1.15972067105586,1.16035578133598,1.16938265061315,0.46516498148357,0.465068391110853,0.471770162329632,0.485120713168473
Case2_10dB,12.3136875997737,1.10293372493724,1.16517729881209,1.15968555764563,3.24127890693006,0.4533010312234,0.457051515853022,0.467299312760498
Case2_20dB,33.6776067938261,1.11624045581885,1.37218661405395,1.15732920624493,2.59896259398795,0.4529314313021,0.470306880899975,0.470760341411994
Case3_Outlier_Leak,60.5610328153735,1.23093444904884,1.51244092495307,1.15270571974934,8.54112747339444,3.77967638751679,1.53048108498726,2.17173519881375
Case4_Pure_Leak,1.13656841268479,1.12730382713829,1.11103269608167,1.1205444534417,1.665672865464,3.51367027907476,1.82026733253924,1.39261393831084
