Case,Pipe1_Standard,Pipe1_Chen,Pipe1_EKF_LE,Pipe1_AFEKF,Pipe5_Standard,Pipe5_Chen,Pipe5_EKF_LE,Pipe5_AFEKF
Case1_Clean,1.20239184437737,1.20346889819968,1.45838643861831,1.18520448202937,0.443903600186195,0.443829723700314,0.445902609619663,0.438817814969816
Case2_10dB,12.0599304755684,1.26490026788608,1.4951426099842,1.2309325883658,3.11408110915983,0.471983310860368,0.474135060271171,0.461840089342038
Case2_20dB,36.281009659138,1.2883825705282,1.62052025937782,1.23068064025288,7.84994187307942,0.474132495914397,0.652492431356317,0.495525386752989
Case3_Outlier_Leak,38.7815471026322,1.08575576722828,1.26217040182819,1.0284056215497,15.8039752962263,3.79154859010226,1.7182926821644,1.57035809744767
Case4_Pure_Leak,1.31233999377188,1.27621314628812,1.30673088983303,1.30518827719282,1.63370587489358,3.54319250175317,2.25428342658392,1.79564976429466
