Case,Pipe1_Standard,Pipe1_Chen,Pipe1_EKF_LE,Pipe1_AFEKF,Pipe5_Standard,Pipe5_Chen,Pipe5_EKF_LE,Pipe5_AFEKF
Case1_Clean,1.41479169180084,1.41476773906329,1.41403058251124,1.42478232387735,0.472501998609268,0.472409688677723,0.472322662697533,0.479676673030495
Case2_10dB,13.7144253729196,1.5607371730561,1.55555690678732,1.54657451186498,3.0658274511584,0.459693564314603,0.593754148345512,0.511043665827285
Case2_20dB,49.1233240816158,1.58709239660069,1.84687863749558,1.54652788697277,3.2239419030413,0.46220159281788,0.678410943321435,0.562658199677151
Case3_Outlier_Leak,33.317105474575,1.28555534432525,1.41412345472503,1.2010220790412,11.2275103482576,3.81811536021161,2.74003423665429,1.92755475749195
Case4_Pure_Leak,1.1457038241899,1.12958593696885,1.30735258718587,1.15132756170701,1.76502958778483,3.46342978498716,2.68609837106819,1.72113538456461
