Case,Pipe1_Standard,Pipe1_Chen,Pipe1_EKF_LE,Pipe1_AFEKF,Pipe5_Standard,Pipe5_Chen,Pipe5_EKF_LE,Pipe5_AFEKF
Case1_Clean,1.23057170087746,1.23053979099359,1.22962632906395,1.23485190363115,0.487627632899789,0.48753432054741,0.491706895491331,0.504264478032627
Case2_10dB,10.2354619257488,1.20082930619833,1.27313826629178,1.21849466565052,1.06588546193248,0.488152204090658,0.472387480985038,0.499548581113587
Case2_20dB,35.6693829838709,1.23382217697922,1.42348253763844,1.21824535434803,15.975721979452,0.492334299879897,0.575225699534053,0.50079806752036
Case3_Outlier_Leak,36.3696213439576,1.15952788785914,1.47801936100566,1.18261776281387,11.7585082537591,3.79400668817322,1.68370148540201,1.81063184566059
Case4_Pure_Leak,1.22975187433205,1.20741870807973,1.20722233398263,1.21161879568965,1.80474991534476,3.47799652608862,2.20648759044853,1.76132471432406
