Case,Pipe1_Standard,Pipe1_Chen,Pipe1_EKF_LE,Pipe1_AFEKF,Pipe5_Standard,Pipe5_Chen,Pipe5_EKF_LE,Pipe5_AFEKF
Case1_Clean,1.14230277661848,1.14226824942585,1.13842166095907,1.1540230886579,0.415842093123718,0.41576108801801,0.416180185590628,0.422527335551432
Case2_10dB,10.3489508036843,1.06843438761412,1.15870555134494,1.1511745256068,2.77800942647535,0.438975216173784,0.424076526421548,0.435736762680871
Case2_20dB,30.2622392913663,1.10685975750932,1.37859306614539,1.15278210433724,10.2491525284955,0.444792953386308,0.445346824885911,0.435773790321835
Case3_Outlier_Leak,47.1082643284458,1.31475214811262,1.534348500091,1.27743783618999,3.05678813276828,3.80758367108077,2.0085944256158,1.48786526008812
Case4_Pure_Leak,0.957294192729329,0.939691590279147,0.961698740651451,0.93871703087475,1.61361529520321,3.47409332289246,2.09633073544575,1.1298762389823
