Case,Pipe1_Standard,Pipe1_Chen,Pipe1_EKF_LE,Pipe1_AFEKF,Pipe5_Standard,Pipe5_Chen,Pipe5_EKF_LE,Pipe5_AFEKF
Case1_Clean,1.19013903103298,1.19011075250135,1.19033222685716,1.19982801713127,0.456185051480771,0.456097589046949,0.445007382003961,0.449634846939639
Case2_10dB,11.0564805617327,1.23704509937264,1.26765916494556,1.25496323684294,5.97614585338206,0.444483426062988,0.441826086432669,0.440053481884137
Case2_20dB,31.6965005046868,1.27011824272481,1.62715292813606,1.25656574960223,8.75757548595594,0.44557699069807,0.529492696397105,0.440083065332487
Case3_Outlier_Leak,49.7108197444654,1.31052833140378,1.62246533260317,1.24577733210836,17.1918875652127,3.81221185177062,1.44952873137297,2.29039978864087
Case4_Pure_Leak,1.24696982521633,1.22787013432602,1.24016264633568,1.24138519410773,1.69549722677563,3.46819088781818,2.60609404638293,1.72513084963765
