Case,Pipe1_Standard,Pipe1_Chen,Pipe1_EKF_LE,Pipe1_AFEKF,Pipe5_Standard,Pipe5_Chen,Pipe5_EKF_LE,Pipe5_AFEKF
Case1_Clean,1.23719111753957,1.23715443035531,1.24647595786575,1.24349661812038,0.475454243470215,0.475354156626309,0.475681367280293,0.482835575273328
Case2_10dB,10.1141931009132,1.22566214333945,1.25394671488442,1.2736382535555,2.57835244141271,0.471055606298532,0.46915469086022,0.476800387865553
Case2_20dB,38.4186091262163,1.27723756761929,1.50820664915264,1.27343063091106,2.81868075139862,0.471175556508981,0.501141201326922,0.483267244127081
Case3_Outlier_Leak,45.5478148767848,1.23139181938548,1.61373033696973,1.14138931067066,3.22595191109315,3.82801590046761,1.78363096030189,1.86629479876799
Case4_Pure_Leak,1.26814885790921,1.23712801144499,1.23394093813129,1.25746030532709,1.69134276626439,3.55944617522465,1.84019296351543,1.7014023696916
