Case,Pipe1_Standard,Pipe1_Chen,Pipe1_EKF_LE,Pipe1_AFEKF,Pipe5_Standard,Pipe5_Chen,Pipe5_EKF_LE,Pipe5_AFEKF
Case1_Clean,0.965101149963085,0.965071340455689,0.971905568544106,0.972240417363765,0.428780978363207,0.428708676468838,0.427304996080445,0.45968006390079
Case2_10dB,10.0297138849199,0.869814087604409,0.973539418974423,0.944310593136124,3.08438775839493,0.427159114260382,0.466990372733478,0.521711990504475
Case2_20dB,40.1088131155995,0.880350461108052,1.24849348086163,0.945111204376187,16.5294532023777,0.428768225444531,1.09880492589202,0.50703058037858
Case3_Outlier_Leak,37.5472153535449,1.0930887139178,1.45403348512318,1.08368940739913,3.69392443951655,3.84036912410483,2.1929943392452,1.73871387159618
Case4_Pure_Leak,1.44686120387909,1.43027474504658,1.47333454574751,1.44150009759793,1.776508585513,3.52906018965929,2.10793607754582,2.04261028285994
