Case,Pipe1_Standard,Pipe1_Chen,Pipe1_EKF_LE,Pipe1_AFEKF,Pipe5_Standard,Pipe5_Chen,Pipe5_EKF_LE,Pipe5_AFEKF
Case1_Clean,1.30240280979057,1.30236851607211,1.30793688187484,1.3173811683453,0.449088929071914,0.44899150127487,0.441182746128688,0.451842198042537
Case2_10dB,11.4271861299295,1.1865345380407,1.36076152692,1.34350718746789,5.88964639296445,0.468450932675663,0.458698289584469,0.475400868209975
Case2_20dB,57.0600219068008,1.19135406842631,1.59721195187335,1.34487528189045,3.38556936565635,0.470451298988572,0.49048641109218,0.47548059063515
Case3_Outlier_Leak,31.8887721495501,1.0526356076619,1.33224250338218,0.978719090464727,8.55251631979819,3.76617440851983,1.40592940193199,1.52156769191738
Case4_Pure_Leak,1.42188287270227,1.38255446944795,1.43520982958661,1.41245780719973,1.71238668535676,3.48404035768633,1.91509955074307,1.67795022204182
