Case,Pipe1_Standard,Pipe1_Chen,Pipe1_EKF_LE,Pipe1_AFEKF,Pipe5_Standard,Pipe5_Chen,Pipe5_EKF_LE,Pipe5_AFEKF
Case1_Clean,1.33760252650797,1.33756781238362,1.32651572736312,1.34551331664557,0.435581440216906,0.435495852268772,0.436840101686261,0.447948117061701
Case2_10dB,11.6880780807155,1.24515093501077,1.31474640219411,1.29520751870688,2.79993803728774,0.439192518705602,0.429887439013663,0.440302607254381
Case2_20dB,44.9277936272331,1.26359434668525,1.55009421233882,1.29502282562101,9.1823553947755,0.444310263306967,0.495215964740291,0.440299102146338
Case3_Outlier_Leak,30.6116803565504,1.32577614846087,1.82130325597707,1.29334227901574,3.60228138013812,3.82944504969877,1.56642586298668,1.74155855982152
Case4_Pure_Leak,1.02794009230195,1.00749575543755,1.08502872955752,1.03484881770056,1.69597285548244,3.53763677339962,1.95619930096465,1.41822730086233
