Case,Pipe1_Standard,Pipe1_Chen,Pipe1_EKF_LE,Pipe1_AFEKF,Pipe5_Standard,Pipe5_Chen,Pipe5_EKF_LE,Pipe5_AFEKF
Case1_Clean,1.11499406780321,1.11494718095704,1.12968784749983,1.12434092520522,0.432215136754634,0.432135356200958,0.452183879489286,0.477878249915288
Case2_10dB,10.6606071018938,1.03649807325965,1.06393684353202,1.05399708462323,0.566104280483003,0.425410782981111,0.438098028887902,0.449469268648827
Case2_20dB,40.8157903079147,1.08345560089911,1.46298238711748,1.05418929589646,1.79318075376065,0.425800494716091,0.662247281360982,0.460028925408954
Case3_Outlier_Leak,30.3397126601382,1.48285231519299,1.7112104375415,1.35594468124409,5.3343828014754,3.76806833368778,1.83311807803986,2.00109015568849
Case4_Pure_Leak,1.29028526258574,1.27462959129317,1.30101046717651,1.2748716227563,1.74517222057725,3.50062240771134,2.0462003193932,1.69685208170137
