Case,Pipe1_Standard,Pipe1_Chen,Pipe1_EKF_LE,Pipe1_AFEKF,Pipe5_Standard,Pipe5_Chen,Pipe5_EKF_LE,Pipe5_AFEKF
Case1_Clean,1.06929608558621,1.06926206615785,1.07086770688544,1.07708560324916,0.451476237515752,0.451378267551344,0.426895453547508,0.431962264122458
Case2_10dB,13.5563322413634,1.07729309507258,1.19687657893213,1.14772828189401,5.25501886821325,0.451883958755971,0.458735765949473,0.456759282122214
Case2_20dB,36.6575322187693,1.08069929112807,1.27929352655215,1.14764610539209,9.4745454977276,0.449033389960502,0.480022587231849,0.456772279636813
Case3_Outlier_Leak,29.2713744914939,1.18180383100919,1.34523838883368,0.989281089840437,6.81384946067484,3.77076090117242,1.71796175756518,2.17023194118375
Case4_Pure_Leak,1.3366698586535,1.32951532320333,1.32952620241536,1.31119502160274,1.74591872609769,3.47510639252138,2.14181953235276,2.14941709577179
