Case,Pipe1_Standard,Pipe1_Chen,Pipe1_EKF_LE,Pipe1_AFEKF,Pipe5_Standard,Pipe5_Chen,Pipe5_EKF_LE,Pipe5_AFEKF
Case1_Clean,1.12772768544383,1.12769644429506,1.12037823930654,1.13240847751975,0.445141369381514,0.445064622571089,0.443024213221712,0.446949523643548
Case2_10dB,10.6544838069688,1.13417613910583,1.17268091632315,1.13695419381229,3.576664418129,0.470183224079497,0.46708457353013,0.483370464892309
Case2_20dB,30.4490466569522,1.13031069510138,1.31105681516873,1.13793049111235,7.65173275462703,0.467232085831447,0.767812166500258,0.478252990341308
Case3_Outlier_Leak,35.9229238081444,1.03034323811956,1.30152467430751,1.06886952577299,17.6078781755711,3.81896842101801,2.2446408620124,1.86363970080559
Case4_Pure_Leak,1.2276747621467,1.20200331523027,1.20937166015263,1.20168894219249,1.77800271495225,3.47694339894991,2.31149784256136,1.86015941601002
