Case,Pipe1_Standard,Pipe1_Chen,Pipe1_EKF_LE,Pipe1_AFEKF,Pipe5_Standard,Pipe5_Chen,Pipe5_EKF_LE,Pipe5_AFEKF
Case1_Clean,1.41734124482472,1.41732223868014,1.4195992988563,1.43197195569214,0.45951872917002,0.459440710109212,0.474015746048433,0.544062458673672
Case2_10dB,10.8913893131214,1.48488412590278,1.50435463426547,1.50947187981395,5.37928952291463,0.467594729513604,0.478677200983632,0.47244138221199
Case2_20dB,28.0187280090499,1.47756631153786,1.59059333823916,1.50793582032405,10.6089637657087,0.468523226057397,0.471124730866392,0.472398707283199
Case3_Outlier_Leak,32.4371061953567,1.17596598595233,1.28491022507734,1.088308648723,2.48341560224063,3.87237798834705,1.47266033540045,1.51044008007155
Case4_Pure_Leak,1.35587698997285,1.32798322772897,1.3508590126017,1.35386827259088,1.70521116197797,3.49898841262004,2.16312233750637,1.65083946575759
