Case,Pipe1_Standard,Pipe1_Chen,Pipe1_EKF_LE,Pipe1_AFEKF,Pipe5_Standard,Pipe5_Chen,Pipe5_EKF_LE,Pipe5_AFEKF
Case1_Clean,1.0609484422673,1.06090877032914,1.06247175193747,1.07004334005253,0.478149270554712,0.478057367523497,0.492372777487121,0.518725195701453
Case2_10dB,10.1844832456367,1.03915499892711,1.12134779264789,1.03607579211652,1.11546672870116,0.466019093085951,0.49275685875586,0.506135290809533
Case2_20dB,50.2752407775989,1.06101799930071,1.44196425502099,1.03598682291202,16.3235585147497,0.470606445229611,0.591891950057057,0.504314083450912
Case3_Outlier_Leak,35.1243501006035,1.31967194717686,1.67612884497417,1.34675940280895,2.71783451169622,3.77032289351438,2.03210477294287,1.84750627277814
Case4_Pure_Leak,1.22194403879489,1.20564681271807,1.29601097442639,1.20211912261918,1.65887526979279,3.51125847163096,2.02445928073264,1.59539003005476
