Case,Pipe1_Standard,Pipe1_Chen,Pipe1_EKF_LE,Pipe1_AFEKF,Pipe5_Standard,Pipe5_Chen,Pipe5_EKF_LE,Pipe5_AFEKF
Case1_Clean,1.10983095066055,1.10980220891842,1.1447350315955,1.11446450355755,0.434102477550894,0.434022479226508,0.431495978434507,0.469062644830367
Case2_10dB,11.3898193295533,1.09962094020677,1.17374008617567,1.15100021283495,0.896150868735212,0.446517163503914,0.442917353535184,0.468107601296384
Case2_20dB,37.8247971901022,1.1281031765737,1.44076227081054,1.15626461029098,9.82005659102614,0.448308054234541,0.473157091939256,0.432589307755432
Case3_Outlier_Leak,44.6702384866078,1.5016670057763,1.79154053719241,1.34180803179981,3.88562844328054,3.80192319388301,1.74258438442779,1.80678265253724
Case4_Pure_Leak,1.25839577996774,1.22389224790169,1.23703214035347,1.2272346331994,1.76019984699912,3.49788264294046,1.88087509382916,1.3025503635249
