Case,Pipe1_Standard,Pipe1_Chen,Pipe1_EKF_LE,Pipe1_AFEKF,Pipe5_Standard,Pipe5_Chen,Pipe5_EKF_LE,Pipe5_AFEKF
Case1_Clean,1.3347425725636,1.33472198390413,1.33128655049054,1.33982357970754,0.507184762108656,0.507098660344868,0.525788493291017,0.547414580654491
Case2_10dB,10.2842193585176,1.19340761687129,1.40517739250679,1.42145267555647,3.39049360332173,0.521783083088876,0.565867901511024,0.552390085780792
Case2_20dB,41.2935780135515,1.22469706902196,1.68030108934632,1.42067220985872,9.73153343784044,0.524539728519932,0.577054626378508,0.558325149389091
Case3_Outlier_Leak,51.7940589463112,1.18059963322184,1.76180910385747,1.15457194399394,9.97294903050718,3.80741226475163,1.55030704801177,1.784775631988
Case4_Pure_Leak,1.24292709476645,1.23637182495078,1.24766114784579,1.24132412932541,1.60474377740716,3.53181268021263,2.11586701728892,1.45456842283551
