Case,Pipe1_Standard,Pipe1_Chen,Pipe1_EKF_LE,Pipe1_AFEKF,Pipe5_Standard,Pipe5_Chen,Pipe5_EKF_LE,Pipe5_AFEKF,Flow_Standard,Flow_Chen,Flow_EKF_LE,Flow_AFEKF
Case1_Clean,1.40637390149245,1.41312355337615,1.39259629499224,1.39862382981248,0.87020422500073,0.869188368128056,0.869287771154935,0.844927517209718,2.51983721680454,2.51124010111193,2.51375462370835,2.51152276243583
Case2_10dB,16.2194972100611,1.78598997963193,1.70471632595638,1.4785276505579,3.07567263830403,0.91296130897952,0.993361411770636,0.872465002566585,4.82561000714442,2.44086265941877,2.43309162879741,2.40435532473922
Case2_20dB,52.9884878913593,5.59666310233995,3.16612869963873,1.48031180416301,8.34421059426844,0.885593040030077,1.96367867293323,0.872451816206824,13.6965936999919,2.92814372510404,2.57337909977925,2.40522983055015
