Case,Pipe1_Standard,Pipe1_Chen,Pipe1_EKF_LE,Pipe1_AFEKF,Pipe5_Standard,Pipe5_Chen,Pipe5_EKF_LE,Pipe5_AFEKF,Flow_Standard,Flow_Chen,Flow_EKF_LE,Flow_AFEKF
Case1_Clean,1.29008429978082,1.29039247421564,1.29337602324384,1.29588483804246,0.764521034879054,0.763915228943339,0.765988420434462,0.771016284031062,2.40996622654459,2.40517405835788,2.41005459101159,2.41280871435501
Case2_10dB,16.5427778225522,1.60498308171362,1.78868210626794,1.18378705980556,2.52737847827761,0.778772959984009,0.760235034316545,0.776069111833925,4.79909838413804,2.29459310489149,2.31536040531353,2.27945649406659
Case2_20dB,53.5507173958973,5.78299961740261,6.7672406935124,1.18354545914054,1.41763470926493,0.780308843503679,1.18329960990707,0.776748989996097,13.4564529565982,2.76061448541877,3.06727818250996,2.27946438700184
