Case,Pipe1_Standard,Pipe1_Chen,Pipe1_EKF_LE,Pipe1_AFEKF,Pipe5_Standard,Pipe5_Chen,Pipe5_EKF_LE,Pipe5_AFEKF,Flow_Standard,Flow_Chen,Flow_EKF_LE,Flow_AFEKF
Case1_Clean,1.16526466111963,1.16536097846474,1.16771295995719,1.16279544896876,0.772324425673425,0.771511551954832,0.77881800079187,0.774295512957476,1.72732526490911,1.71889077152863,1.72875714376497,1.72413616520837
Case2_10dB,17.3593466635495,1.78719041229266,1.52644028838144,1.10085152784378,1.23779818747386,0.824041931600239,0.842633697954319,0.794932504158194,4.6842041512729,1.74928698562906,1.74167354429024,1.70422785451948
Case2_20dB,50.312658192279,3.9131711401463,3.33546300843592,1.10673729219948,8.47087923488363,0.824046433396937,1.75478637757937,0.788480626666225,12.9704313593606,2.15312418729518,2.1221759872418,1.70299718771095
