Case,Pipe1_Standard,Pipe1_Chen,Pipe1_EKF_LE,Pipe1_AFEKF,Pipe5_Standard,Pipe5_Chen,Pipe5_EKF_LE,Pipe5_AFEKF,Flow_Standard,Flow_Chen,Flow_EKF_LE,Flow_AFEKF
Case1_Clean,2.1175581291033,2.11749933936075,2.11754774043421,2.1031539080686,0.837897841135465,0.837292078173319,0.841431577579909,0.838837351013478,3.28851631885852,3.28400702557142,3.28836418121418,3.2827192337027
Case2_10dB,16.8595237202721,2.42417317302071,2.23939903280207,2.11509917271214,3.4518873874518,0.822944576099573,1.0260226178953,0.812519417912643,5.56888227243901,3.54516724581167,3.54240855191074,3.51851218669919
Case2_20dB,49.9750806313589,4.23753423842071,2.66765708605037,2.13417538809236,2.17038252513005,0.820503708115885,1.09866064372456,0.812455083699337,12.9729436998566,3.77242557012278,3.64001668547607,3.52603004726507
