Case,Pipe1_Standard,Pipe1_Chen,Pipe1_EKF_LE,Pipe1_AFEKF,Pipe5_Standard,Pipe5_Chen,Pipe5_EKF_LE,Pipe5_AFEKF,Flow_Standard,Flow_Chen,Flow_EKF_LE,Flow_AFEKF
Case1_Clean,1.10197500623229,1.10048558370761,1.09747539515612,1.10220940387018,0.716807734961622,0.715936505801999,0.69671466104778,0.726154488538403,2.14579060139398,2.13972573086669,2.14721544942746,2.1500367842818
Case2_10dB,15.5641653305943,1.55288733518822,1.21785280817516,1.03677192669437,3.22821149079916,0.742440900765331,0.943553918655766,0.734549658794412,4.59477607295576,2.15279676892519,2.14633967612982,2.12408269776791
Case2_20dB,50.2195056586693,4.15295839853689,3.00224514670149,1.03661859884977,3.89102823578048,0.742044029020579,1.49826626832437,0.73458759082393,13.1101194352286,2.60925697594902,2.46627188830129,2.1241165522245
