Case,Pipe1_Standard,Pipe1_Chen,Pipe1_EKF_LE,Pipe1_AFEKF,Pipe5_Standard,Pipe5_Chen,Pipe5_EKF_LE,Pipe5_AFEKF,Flow_Standard,Flow_Chen,Flow_EKF_LE,Flow_AFEKF
Case1_Clean,1.28543273308686,1.2886565307106,1.28329474818839,1.28092444638089,0.886779573478333,0.886861493960146,0.887183119258222,0.882745763418624,2.51511004390457,2.5049888386304,2.51214589911664,2.5116086283557
Case2_10dB,17.0221125950056,1.99611855152543,1.50597689774169,1.25625668927933,1.12867393489528,0.945342792652726,0.928760070900957,0.921896711294813,5.06567011168712,2.64947204177938,2.63845291869561,2.61385676026077
Case2_20dB,51.8401335911867,4.28008647921648,2.52139844905313,1.25633410765351,6.1465002355137,0.946036586163699,0.927035779973566,0.92367045604281,13.0469393560669,2.9732107308689,2.70780420178902,2.61379529756204
