Case,Pipe1_Standard,Pipe1_Chen,Pipe1_EKF_LE,Pipe1_AFEKF,Pipe5_Standard,Pipe5_Chen,Pipe5_EKF_LE,Pipe5_AFEKF,Flow_Standard,Flow_Chen,Flow_EKF_LE,Flow_AFEKF
Case1_Clean,1.54917299211609,1.54897403095716,1.54917496275959,1.55098177252301,0.85479322662282,0.855180334294681,0.858476395617318,0.863268780731123,2.40571466400158,2.3990850083852,2.40628077123004,2.40873408057958
Case2_10dB,15.6064273304448,1.95008894232815,1.93744465293081,1.70281423413418,1.18593276633679,0.811565431571384,0.843773727553347,0.808319381725905,4.60507984467819,2.3679350635877,2.35962941654404,2.34382100039182
Case2_20dB,50.8527067160899,5.08603156588376,3.68687381671763,1.70241459475313,7.79638371981432,0.812206660237616,1.62745725862513,0.812305948106458,12.9266614662119,2.77347383754602,2.78643419376284,2.34423972047975
