Case,Pipe1_Standard,Pipe1_Chen,Pipe1_EKF_LE,Pipe1_AFEKF,Pipe5_Standard,Pipe5_Chen,Pipe5_EKF_LE,Pipe5_AFEKF,Flow_Standard,Flow_Chen,Flow_EKF_LE,Flow_AFEKF
Case1_Clean,1.61368704069517,1.61281668782941,1.61378425420129,1.6046119834113,0.92382094805908,0.924414597690141,0.925412339487432,0.909550523802138,2.38954666428195,2.38555687410429,2.38976278712718,2.3839605397981
Case2_10dB,16.3299497676831,1.90609347633923,1.71030845240821,1.46369063928506,3.19889413086254,0.95894865055353,1.02938543677434,0.937684607023415,4.6911086232692,2.30173086012029,2.29234425992883,2.26132839317405
Case2_20dB,50.1571806998314,4.23113081516383,2.82356363833725,1.46353081635398,2.34942307789185,0.940453521951005,0.952832476106133,0.937926034141108,12.8426390744161,2.68934583508766,2.40981748650465,2.26141916107015
