Case,Pipe1_Standard,Pipe1_Chen,Pipe1_EKF_LE,Pipe1_AFEKF,Pipe5_Standard,Pipe5_Chen,Pipe5_EKF_LE,Pipe5_AFEKF,Flow_Standard,Flow_Chen,Flow_EKF_LE,Flow_AFEKF
Case1_Clean,1.47753692934554,1.47709118857092,1.47716153378796,1.47076389716748,0.836966456302784,0.837200676416331,0.814071031925684,0.802660181023657,2.58008976574976,2.57534357862145,2.57979139426963,2.57722543821369
Case2_10dB,17.192948500833,1.79858106033803,2.16938454762638,1.52041964322378,0.836014416030595,0.846251063257588,0.830787735459937,0.827470251869538,5.07248631792125,2.67805395895269,2.71012384745354,2.65992864595521
Case2_20dB,55.2685597783799,5.836375517161,4.03788075049101,1.53376729353166,1.35407221944648,0.845946686251693,0.857299298513196,0.834760732801583,13.9241284299041,3.11496432820135,3.0835889413865,2.66509791916128
