Case,Pipe1_Standard,Pipe1_Chen,Pipe1_EKF_LE,Pipe1_AFEKF,Pipe5_Standard,Pipe5_Chen,Pipe5_EKF_LE,Pipe5_AFEKF,Flow_Standard,Flow_Chen,Flow_EKF_LE,Flow_AFEKF
Case1_Clean,1.39962796127953,1.40245764791992,1.39890464936664,1.35566296392869,0.849568723524281,0.849389909422488,0.852540817002536,0.813979333308615,2.73838197745593,2.72979300154667,2.73690647637266,2.71458964531739
Case2_10dB,16.6541541740429,1.82402475364089,1.70445634490078,1.30707195723058,3.25316160315666,0.862034569556124,0.927887063748543,0.823632272322905,5.02461598222381,2.71236617237581,2.71031867728182,2.66855829857178
Case2_20dB,51.1906042800525,4.62789122649544,2.43146163362439,1.30708896156565,2.2540686484381,0.863616067622459,1.10628214324222,0.826686445313679,13.0870492311739,3.02885826557088,2.88949397093678,2.66737987538025
