Case,Pipe1_Standard,Pipe1_Chen,Pipe1_EKF_LE,Pipe1_AFEKF,Pipe5_Standard,Pipe5_Chen,Pipe5_EKF_LE,Pipe5_AFEKF,Flow_Standard,Flow_Chen,Flow_EKF_LE,Flow_AFEKF
Case1_Clean,1.7565408152442,1.76206160471848,1.7558640976543,1.71874973168543,0.80100011228457,0.801195765884549,0.799187130513159,0.79691537018066,3.0100952258513,2.95987063411741,3.00870801176732,2.99905534506787
Case2_10dB,16.633090017019,2.08038944844526,2.39600049187446,1.53995267524217,1.07576349628261,0.890448493272703,0.877582524974288,0.870618816586706,5.12097099381709,3.01170421805083,3.10044817379557,3.0246387949019
Case2_20dB,53.1511252785439,5.18218999031047,3.44852107451599,1.53993852049842,6.33147931581937,0.891981921573146,0.853332948062258,0.862573445714935,13.5761895168369,3.35009791999175,3.284678544229,3.0241402352477
