Case,Pipe1_Standard,Pipe1_Chen,Pipe1_EKF_LE,Pipe1_AFEKF,Pipe5_Standard,Pipe5_Chen,Pipe5_EKF_LE,Pipe5_AFEKF,Flow_Standard,Flow_Chen,Flow_EKF_LE,Flow_AFEKF
Case1_Clean,1.57713167438452,1.57698940378714,1.57669474522723,1.56875597341892,0.741151736407405,0.741937335971226,0.74507440492846,0.742720658243796,2.1700014649677,2.16283198963768,2.16938835676618,2.16713456263225
Case2_10dB,16.6858482335723,2.12142879020913,1.95578753505375,1.52645815717339,2.80708858632897,0.757828347191949,0.920985226710763,0.743344163904148,4.76883609356975,2.30287236958263,2.29951454920463,2.25358198085285
Case2_20dB,51.4301626394708,3.89451278856667,3.45812289853437,1.52660338061708,2.31855781703582,0.758400300803029,0.798013810435507,0.742804710197861,13.1467597008558,2.61663657660074,2.50576897115334,2.2535786442609
