Case,Pipe1_Standard,Pipe1_Chen,Pipe1_EKF_LE,Pipe1_AFEKF,Pipe5_Standard,Pipe5_Chen,Pipe5_EKF_LE,Pipe5_AFEKF,Flow_Standard,Flow_Chen,Flow_EKF_LE,Flow_AFEKF
Case1_Clean,1.71153420311582,1.71174784540992,1.71672440261887,1.71855796286204,0.790998885802775,0.791926789308001,0.791490458970886,0.793523910883878,2.76324231937918,2.75866518069448,2.76151938103651,2.76447598477977
Case2_10dB,15.5751620851137,2.09735468840008,2.00406194650963,1.77807348912751,0.827399339180489,0.819885639863456,0.811068150148327,0.805773335054607,4.99268508984376,3.03410121228939,3.02537607617379,3.00952691944097
Case2_20dB,50.3717648853088,4.70510897388946,3.32034646809312,1.77999486526438,2.28261060349022,0.820427048589501,1.49223555383776,0.808238875809306,13.0003214805975,3.38995953377601,3.20617225342501,3.01101637358377
