Case,Pipe1_Standard,Pipe1_Chen,Pipe1_EKF_LE,Pipe1_AFEKF,Pipe5_Standard,Pipe5_Chen,Pipe5_EKF_LE,Pipe5_AFEKF,Flow_Standard,Flow_Chen,Flow_EKF_LE,Flow_AFEKF
Case1_Clean,1.36759216307796,1.36753718583558,1.36742406731138,1.36597236004136,0.800373171862054,0.801235517948759,0.800363613953501,0.798766409186181,2.28279585547485,2.27817835324686,2.28291699390075,2.28160385048205
Case2_10dB,16.7906275784691,1.92854498965807,1.52191153043148,1.35360197084325,2.18856294875804,0.829294640117071,0.949946189629582,0.817200411084196,4.78687935899086,2.15890823011484,2.13640925046132,2.11481805934951
Case2_20dB,51.0616864437517,5.71390327135104,3.5890588161584,1.35520333158956,6.52929297330031,0.829770700920922,1.22689599568342,0.816478896022311,13.2119665501009,2.67387948681445,2.48666066257288,2.11496196194227
