Case,Pipe1_Standard,Pipe1_Chen,Pipe1_EKF_LE,Pipe1_AFEKF,Pipe5_Standard,Pipe5_Chen,Pipe5_EKF_LE,Pipe5_AFEKF,Flow_Standard,Flow_Chen,Flow_EKF_LE,Flow_AFEKF
Case1_Clean,1.70299816212917,1.70347276962578,1.70225890530744,1.69750528929421,0.824232858177666,0.82429808315277,0.824209950315021,0.821211306435798,2.55321365245048,2.5473992865541,2.55274028609564,2.55064499950956
Case2_10dB,17.2475052121933,2.1763680182711,1.91934333003445,1.63661688023231,1.02417245955124,0.845271668825881,0.84002482171616,0.830526984843154,5.011833919142,2.52021219028691,2.50277345790467,2.4803777572226
Case2_20dB,53.0325403483662,5.28274796512097,3.51543572006487,1.63503643930674,4.19027034773938,0.846720555434073,1.8093287501924,0.831172573683848,13.7079614600869,2.91691738617565,2.78258476984206,2.4804646055422
