Case,Pipe1_Standard,Pipe1_Chen,Pipe1_EKF_LE,Pipe1_AFEKF,Pipe5_Standard,Pipe5_Chen,Pipe5_EKF_LE,Pipe5_AFEKF,Flow_Standard,Flow_Chen,Flow_EKF_LE,Flow_AFEKF
Case1_Clean,1.84638583372509,1.84643109522971,1.84676807381915,1.81442536476605,0.819002031084255,0.817926532623314,0.819951205815243,0.807997766204751,2.72150262763533,2.71692816965732,2.72115697576027,2.7112769861476
Case2_10dB,16.1299633596072,1.75481250410078,2.31739006733504,1.87143953822183,0.79128005386787,0.759550359071578,0.891120671992552,0.751620337998233,5.00323232665385,2.91649607788835,2.99161906691561,2.92702618378297
Case2_20dB,50.9708313687785,4.70301849401273,3.34649135639789,1.87081803363047,2.24515680401089,0.760612151132176,1.14596178809001,0.755486433734442,13.3220763931393,3.27055546940465,3.11234057810764,2.92676354209888
