Case,Pipe1_Standard,Pipe1_Chen,Pipe1_EKF_LE,Pipe1_AFEKF,Pipe5_Standard,Pipe5_Chen,Pipe5_EKF_LE,Pipe5_AFEKF,Flow_Standard,Flow_Chen,Flow_EKF_LE,Flow_AFEKF
Case1_Clean,1.46968591113303,1.46955738746581,1.46796152329993,1.47164696507314,0.717935583004742,0.717703499691663,0.71781372055472,0.72227340220366,2.20153909209799,2.1963774972643,2.20080717730745,2.20362287870841
Case2_10dB,16.1672033969468,1.88026977603889,1.56807703831376,1.31193070584696,2.44972070981142,0.750539083166782,0.74747572229133,0.749968471592331,4.58420897911407,2.19158864969861,2.17125486722755,2.15988723507479
Case2_20dB,49.9168533454027,4.23226458975223,2.55774473587621,1.3119187106991,5.51526933733852,0.75028758676814,2.11818054063444,0.750117011675099,12.7521967313661,2.56604858415629,2.33137059291774,2.15815171654801
