Case,Pipe1_Standard,Pipe1_Chen,Pipe1_EKF_LE,Pipe1_AFEKF,Pipe5_Standard,Pipe5_Chen,Pipe5_EKF_LE,Pipe5_AFEKF,Flow_Standard,Flow_Chen,Flow_EKF_LE,Flow_AFEKF
Case1_Clean,1.58586225700277,1.58572392028697,1.58589106927338,1.58070569792913,0.840895102147356,0.840178809035232,0.843283438282351,0.839332122319744,2.1872516337768,2.18121638146813,2.18710758916845,2.18511489109742
Case2_10dB,15.7904024264726,1.65982032390763,2.86120472132489,1.48298002523851,1.28916596351396,0.881694788819609,0.866725551905404,0.85824373139834,4.62504396628265,2.21599161755008,2.37559709864134,2.19005367066362
Case2_20dB,52.9236863491262,5.08522631907189,3.13904211266557,1.48299039997113,5.6650071860692,0.88167802504651,2.05382856557994,0.858527987015976,13.5326706643863,2.62235442036733,2.48091868808996,2.19010394501817
