Case,Pipe1_Standard,Pipe1_Chen,Pipe1_EKF_LE,Pipe1_AFEKF,Pipe5_Standard,Pipe5_Chen,Pipe5_EKF_LE,Pipe5_AFEKF,Flow_Standard,Flow_Chen,Flow_EKF_LE,Flow_AFEKF
Case1_Clean,1.75217865454604,1.75269328651951,1.72799212613113,1.74550389092254,0.840933483369069,0.838232539859651,0.839251869656609,0.834180206718789,2.45176527628865,2.4460984248842,2.41748385149197,2.43882900914876
Case2_10dB,15.4059672736436,1.75449846980594,1.9470762037074,1.67967087456306,2.08780586621782,0.799093872132406,0.780771514920112,0.786417186871232,4.55494587190711,2.25433189018092,2.25960178450068,2.24812251241311
Case2_20dB,54.6733971261108,5.46381089254654,3.71542301384519,1.67974574201796,4.00781641934697,0.791435430558188,1.07817973950384,0.786428473663747,14.0920658535532,2.69650001973546,2.50511606952841,2.24814007962505
