Case,Pipe1_Standard,Pipe1_Chen,Pipe1_EKF_LE,Pipe1_AFEKF,Pipe5_Standard,Pipe5_Chen,Pipe5_EKF_LE,Pipe5_AFEKF,Flow_Standard,Flow_Chen,Flow_EKF_LE,Flow_AFEKF
Case1_Clean,1.65913429037417,1.6588547577843,1.65849852518827,1.64298274067454,0.835903719727156,0.836206465416312,0.835894307664697,0.816547020885763,2.36642299063299,2.35983281591222,2.36832066573358,2.35648492472506
Case2_10dB,17.2576567543159,2.07877298781266,2.02706345589854,1.7305196324002,0.889048857953659,0.909693099887137,0.946946632413546,0.856843014929506,4.94208468855705,2.44410127789102,2.45162799220368,2.41093036124518
Case2_20dB,51.9481386179804,4.31569675307992,4.66872714987288,1.73041395960542,4.17526591263037,0.909972498095878,1.83319837519043,0.856811027259735,13.4274014909942,2.77520983051419,2.90481616582201,2.41145777518123
