Case,Pipe1_Standard,Pipe1_Chen,Pipe1_EKF_LE,Pipe1_AFEKF,Pipe5_Standard,Pipe5_Chen,Pipe5_EKF_LE,Pipe5_AFEKF,Flow_Standard,Flow_Chen,Flow_EKF_LE,Flow_AFEKF
Case1_Clean,1.80491681139331,1.80487539452932,1.8046097935358,1.80070847339321,0.810556156977185,0.809419415662294,0.81123993928053,0.808491395145088,2.88787973942311,2.88370327042019,2.88200749391311,2.88679089039765
Case2_10dB,16.2605799940627,2.15028539788568,2.04217893764407,1.92715786288812,1.21027237309615,0.847227297942109,0.867951696907673,0.836921816317124,5.23361309803898,3.08209277607094,3.08886738745291,3.06358066347292
Case2_20dB,51.7191141634138,4.27364755899796,3.61972179175218,1.92715707505723,5.96718674604696,0.849516691057428,2.3848244369246,0.836933557711777,13.2755229469221,3.31433244618091,3.35307718995892,3.06380926253611
