Case,Pipe1_Standard,Pipe1_Chen,Pipe1_EKF_LE,Pipe1_AFEKF,Pipe5_Standard,Pipe5_Chen,Pipe5_EKF_LE,Pipe5_AFEKF,Flow_Standard,Flow_Chen,Flow_EKF_LE,Flow_AFEKF
Case1_Clean,1.62233021019649,1.62226905851761,1.6222824367263,1.61164965107199,0.760158872425628,0.760534946434589,0.760247768044601,0.758512815656009,2.47728718202277,2.47022689315226,2.47692778423775,2.47321538795114
Case2_10dB,17.0225715855795,2.01200396627745,1.73367431560232,1.57675982564875,2.17494625747351,0.766632547264902,0.854526460920735,0.751134593018621,5.01259783023686,2.57172961156358,2.57272315397451,2.53799656479896
Case2_20dB,52.4382178449039,3.97714408510722,3.16579685120156,1.57887925708654,6.45651623093946,0.767247897075229,1.50775258769737,0.751423061865263,13.3546042618085,2.88696507500713,2.76158106496163,2.53816753500565
