Case,Pipe1_Standard,Pipe1_Chen,Pipe1_EKF_LE,Pipe1_AFEKF,Pipe5_Standard,Pipe5_Chen,Pipe5_EKF_LE,Pipe5_AFEKF,Flow_Standard,Flow_Chen,Flow_EKF_LE,Flow_AFEKF
Case1_Clean,1.39508313135228,1.39479266905567,1.39466131535674,1.381834681745,0.800425268144825,0.801789886486067,0.800425764395146,0.795529100077422,2.29224435563444,2.28709662226416,2.2924187708265,2.2881138945536
Case2_10dB,16.8226757514211,2.13578654762209,1.92538280415682,1.46956626145276,3.19599295926645,0.867465929812236,0.8612339830566,0.863296240445054,4.90565791373893,2.2100347497092,2.20458835373449,2.16867924846353
Case2_20dB,53.7688267792803,5.04648493777184,3.53734768877818,1.45445712416275,1.08513404773377,0.867509325246158,1.26325277553953,0.85769014749922,13.4490683192896,2.66035561446442,2.59858007330466,2.16392339102309
