Case,Pipe1_Standard,Pipe1_Chen,Pipe1_EKF_LE,Pipe1_AFEKF,Pipe5_Standard,Pipe5_Chen,Pipe5_EKF_LE,Pipe5_AFEKF,Flow_Standard,Flow_Chen,Flow_EKF_LE,Flow_AFEKF
Case1_Clean,1.43845348896693,1.43811272000426,1.43841731343891,1.4236605364108,0.831227630794433,0.832309576790098,0.755239201482337,0.772043143521824,2.50752673898942,2.50195050626277,2.50580571814836,2.50051345912025
Case2_10dB,16.2455775260149,1.80157220233968,1.79376330049182,1.46174356158518,1.29394850385471,0.891605130093055,0.850751923289668,0.833728135904434,4.95527256294628,2.75550863508376,2.74653069212224,2.72548791235286
Case2_20dB,51.2988621964693,4.85024032049325,2.88403210318842,1.46148230899882,1.53979982982808,0.893310647058429,0.877069133177081,0.833691559623261,13.201008035167,3.07123760001013,2.87410202870577,2.72545829164598
