Case,Pipe1_Standard,Pipe1_Chen,Pipe1_EKF_LE,Pipe1_AFEKF,Pipe5_Standard,Pipe5_Chen,Pipe5_EKF_LE,Pipe5_AFEKF,Flow_Standard,Flow_Chen,Flow_EKF_LE,Flow_AFEKF
Case1_Clean,1.42064317794274,1.42065479152987,1.42067321001473,1.41422483667879,0.806208542864393,0.806358684123594,0.784957766872926,0.801609131235281,2.1847455273772,2.17990709327202,2.18393399761658,2.18092833600856
Case2_10dB,16.9302056976854,1.74654369195446,1.7734830647398,1.48729149481059,2.15675307152238,0.81017233103802,0.798956080304817,0.787510469900279,4.81001549851765,2.18243553869643,2.19127754499296,2.16094880182867
Case2_20dB,51.4507979333689,4.18206053878563,2.79785621069839,1.4877936832079,2.27104089970833,0.811088353225944,1.15895150610819,0.787434025950961,13.0601509087429,2.55214555074864,2.38014215270439,2.16120701556455
