Case,Pipe1_Standard,Pipe1_Chen,Pipe1_EKF_LE,Pipe1_AFEKF,Pipe5_Standard,Pipe5_Chen,Pipe5_EKF_LE,Pipe5_AFEKF,Flow_Standard,Flow_Chen,Flow_EKF_LE,Flow_AFEKF
Case1_Clean,1.68255831215321,1.68286361854013,1.68127962880895,1.67980434942867,0.731112918930355,0.732313041991719,0.730976868286803,0.714329853725281,2.28748469282461,2.27922532733948,2.28717590566006,2.2846082841758
Case2_10dB,15.9328010445789,1.89265881939517,1.64084991354442,1.47028659814556,1.53625921699062,0.703074327944903,0.826698931501893,0.700563566818941,4.58805040825183,2.23893228587573,2.23976605193022,2.20433046656023
Case2_20dB,51.9131424812352,4.53363076269285,6.38247868288754,1.46205867585869,8.61590295119043,0.70461942598368,1.76481095467758,0.691314141361873,13.4568100289517,2.61132490912131,2.91256695895038,2.19961180950724
