Case,Pipe1_Standard,Pipe1_Chen,Pipe1_EKF_LE,Pipe1_AFEKF,Pipe5_Standard,Pipe5_Chen,Pipe5_EKF_LE,Pipe5_AFEKF,Flow_Standard,Flow_Chen,Flow_EKF_LE,Flow_AFEKF
Case1_Clean,1.69069239521791,1.69072859880069,1.69087088308192,1.68246580594523,0.788902903056077,0.78983811399878,0.789051846565633,0.784385444696907,2.47152802474665,2.46455657960222,2.46933701205076,2.46632986309356
Case2_10dB,16.556892265305,1.92425976028372,2.04400874228473,1.82654288173357,1.16563773717358,0.795791075090409,0.880494507977041,0.778098200003137,4.82564454970219,2.57329777624497,2.59332516993349,2.56251687073269
Case2_20dB,50.5869684409749,4.31586212799506,3.31076093500674,1.8272580824595,4.03605074578924,0.796121295497306,1.71150956288551,0.778067130804844,12.942708020476,2.92388601488662,2.79678495072054,2.56241084288562
