Case,Pipe1_Standard,Pipe1_Chen,Pipe1_EKF_LE,Pipe1_AFEKF,Pipe5_Standard,Pipe5_Chen,Pipe5_EKF_LE,Pipe5_AFEKF,Flow_Standard,Flow_Chen,Flow_EKF_LE,Flow_AFEKF
Case1_Clean,1.22046820008957,1.21823262196974,1.22037989013075,1.20650247877165,0.782585070823361,0.783073893771942,0.782583781894396,0.774475958569654,1.98785390295535,1.98087266425808,1.98775071671279,1.9815319819067
Case2_10dB,15.7034588315246,1.66167517174894,1.53080104155917,1.31288147449587,1.18758385955575,0.798559113550129,0.829506786705693,0.788747777488176,4.47230780214801,2.12165851842102,2.1160354077706,2.09450783789495
Case2_20dB,50.6379322089242,4.13205668520071,3.16627317710475,1.31572788874025,7.85762813029669,0.797725388831492,1.82625816999534,0.788472727837126,12.8882945906454,2.54794357325303,2.26220019586135,2.09398733088421
