Case,Pipe1_Standard,Pipe1_Chen,Pipe1_EKF_LE,Pipe1_AFEKF,Pipe5_Standard,Pipe5_Chen,Pipe5_EKF_LE,Pipe5_AFEKF,Flow_Standard,Flow_Chen,Flow_EKF_LE,Flow_AFEKF
Case1_Clean,1.55568993850177,1.55590743662328,1.55962816769701,1.5421848601641,0.827925336967551,0.828285892855976,0.828637547824672,0.824859213528674,2.60531108472607,2.60165614337798,2.61045188880466,2.59989465121527
Case2_10dB,16.7898945649915,2.02292583423094,1.92208989676103,1.70824171527759,3.27427121075054,0.852953373732824,0.937200689021583,0.839738623874503,5.28604226664669,2.75102309802455,2.77770900728274,2.7193183373473
Case2_20dB,49.9672680880498,5.04437602035526,3.54248100330528,1.70775546707967,6.11423979348459,0.853360998892366,1.37883609330953,0.839837280292898,12.6216624816568,3.02429586312348,3.09987556630618,2.71933076882154
