Period,P_RMSE_Standard,P_RMSE_Chen,P_RMSE_EKF_LE,P_RMSE_AFEKF,M_RMSE_Standard,M_RMSE_Chen,M_RMSE_EKF_LE,M_RMSE_AFEKF,Pipe1_Standard,Pipe1_Chen,Pipe1_EKF_LE,Pipe1_AFEKF,Pipe5_Standard,Pipe5_Chen,Pipe5_EKF_LE,Pipe5_AFEKF
Full_Period,1.09540755120337,0.129664707452922,0.105299957665506,0.0800409975584362,13.1754698108473,3.89536949066103,3.01673419953295,2.87352482683609,51.8244600083198,5.23214442450666,3.23164032601154,1.40211087901363,6.52257460166568,4.12886193473308,1.73041646121,1.23866955507717
Normal_0to6h_18to24h,0.103454465840544,0.104321560183697,0.103437868690462,0.0821162717922402,11.1548175337799,3.32895575032426,2.95043066987449,2.82740581151775,44.529882104976,1.81859482126452,3.29069816744641,1.46863539219034,0.987851522359282,3.38159246617925,0.960486504431832,1.10564539937835
Leak_12to18h,1.88291066516648,0.168949307613397,0.109056361142579,0.0748491674329814,16.346416498852,4.83008343632391,3.12200819775705,2.94373237270861,63.3790670414832,8.64622337676238,3.06439257898282,1.24360715423548,11.1583670594898,5.35853803610137,2.6580334998008,1.46366594904263
