Period,P_RMSE_Standard,P_RMSE_Chen,P_RMSE_EKF_LE,P_RMSE_AFEKF,M_RMSE_Standard,M_RMSE_Chen,M_RMSE_EKF_LE,M_RMSE_AFEKF,Pipe1_Standard,Pipe1_Chen,Pipe1_EKF_LE,Pipe1_AFEKF,Pipe5_Standard,Pipe5_Chen,Pipe5_EKF_LE,Pipe5_AFEKF
Full_Period,1.98729217053065,0.120918498803901,0.107099276468887,0.0869621842859853,14.1228576223213,4.13414315424026,3.35873256465098,3.2364160408652,53.825539783033,4.86525439995486,3.11544951049009,1.61912544329946,8.22831215784045,4.11115375983624,2.30014561265249,1.12375820948288
Normal_0to6h_18to24h,0.105179695325438,0.105028110715029,0.105067283694632,0.0840450662495262,11.2133001146738,4.01199913873164,3.69843658301248,3.6060376621856,43.1752405496215,1.87478511689995,2.94194577463622,1.76458087629576,0.99107680390702,3.40980287757825,0.994117242097058,1.0584967518565
Leak_12to18h,3.42292320165726,0.147124704125962,0.110706467725231,0.0921231218602716,18.4871106742144,4.39245229989044,2.56812182636456,2.35499600533072,69.8778067540418,7.95824373528319,3.39998859147853,1.268335112774,14.1188068197889,5.29321009954544,3.71684868364774,1.25648034680545
