Period,P_RMSE_Standard,P_RMSE_Chen,P_RMSE_EKF_LE,P_RMSE_AFEKF,M_RMSE_Standard,M_RMSE_Chen,M_RMSE_EKF_LE,M_RMSE_AFEKF,Pipe1_Standard,Pipe1_Chen,Pipe1_EKF_LE,Pipe1_AFEKF,Pipe5_Standard,Pipe5_Chen,Pipe5_EKF_LE,Pipe5_AFEKF
Full_Period,0.12312222597996,0.116782545627367,0.110468854924527,0.0838056526734772,12.9095534535401,3.51966446630904,2.64644639935586,2.41008896438786,50.306158262231,4.05581314666203,2.86991650486366,1.58882442699781,3.80450597907014,3.8612043546004,1.52734818352664,1.08398843141991
Normal_0to6h_18to24h,0.104389650083717,0.104885811424988,0.104102986531037,0.0861506136249149,10.6408949973611,2.84011594592861,2.35029908460716,2.23084896553396,42.6761747869882,1.49067346917392,3.00321643956168,1.42004941894611,0.927489494978819,3.21750478505655,0.929482727097571,0.927738768891615
Leak_12to18h,0.153577502659605,0.137536629552336,0.122141339721904,0.0788571890762346,16.3984209053266,4.57853818811302,3.12962813365444,2.70793986060569,62.2841954439049,6.6669187748573,2.53834428217609,1.86794805914345,6.4269437618648,4.95418391726929,2.28236947885242,1.33725327789118
