Period,P_RMSE_Standard,P_RMSE_Chen,P_RMSE_EKF_LE,P_RMSE_AFEKF,M_RMSE_Standard,M_RMSE_Chen,M_RMSE_EKF_LE,M_RMSE_AFEKF,Pipe1_Standard,Pipe1_Chen,Pipe1_EKF_LE,Pipe1_AFEKF,Pipe5_Standard,Pipe5_Chen,Pipe5_EKF_LE,Pipe5_AFEKF
Full_Period,0.652973184487511,0.126549545765595,0.106537862363187,0.0832676229632613,12.8467106782808,3.89838594082437,3.00759940717129,2.79015216675615,50.6489310871203,4.58897508956096,3.18409147939196,1.51166231356305,6.27112699509077,3.87805636797183,1.33090440547011,0.887161449034074
Normal_0to6h_18to24h,0.104055562386503,0.105457612236719,0.103967512793808,0.0867395389591136,10.6618160199097,3.20494819659666,2.72820004756636,2.59017727162869,42.419406109645,1.81791960408827,2.89980313413625,1.56497365577061,0.86720546722722,3.32888743136372,0.88090528572091,0.932315020972466
Leak_12to18h,1.11619542448125,0.160077721732523,0.111295068488333,0.0763350188992853,16.2259176347408,5.00114140308965,3.4784040086741,3.13305911279965,63.4497774400754,7.48211405583262,3.64941148116204,1.3779930208736,10.7438423036643,4.82656523598747,1.93904917108383,0.777401397449993
