Period,P_RMSE_Standard,P_RMSE_Chen,P_RMSE_EKF_LE,P_RMSE_AFEKF,M_RMSE_Standard,M_RMSE_Chen,M_RMSE_EKF_LE,M_RMSE_AFEKF,Pipe1_Standard,Pipe1_Chen,Pipe1_EKF_LE,Pipe1_AFEKF,Pipe5_Standard,Pipe5_Chen,Pipe5_EKF_LE,Pipe5_AFEKF
Full_Period,0.526397026080121,0.126039503641488,0.106262290364888,0.0854724776156306,12.7961485817785,3.68115112759527,2.57135041226195,2.40311287655192,49.9935328330217,5.54437694738041,2.53733122792262,1.2473484134741,3.18881035602936,3.96470308869319,1.38843794806152,0.942556060490154
Normal_0to6h_18to24h,0.105523666553016,0.105573579698033,0.105524770611789,0.0844569718974219,10.8834320322564,2.83083518409152,2.316876902904,2.21982434790888,43.6123313567122,1.41878698258424,2.79743847035481,1.34477841689974,0.977192216872247,3.27420016016419,0.958162352204179,0.987395677562593
Leak_12to18h,0.89535716190081,0.15913100023527,0.107884161100163,0.0866191819365403,15.8099272587709,4.96495191372958,3.01553317071453,2.73552901020089,60.204369405482,9.34576642847518,1.86737727044113,1.0066124026558,5.32114467928815,5.12244080099695,1.97332365639374,0.835252009949482
