Period,P_RMSE_Standard,P_RMSE_Chen,P_RMSE_EKF_LE,P_RMSE_AFEKF,M_RMSE_Standard,M_RMSE_Chen,M_RMSE_EKF_LE,M_RMSE_AFEKF,Pipe1_Standard,Pipe1_Chen,Pipe1_EKF_LE,Pipe1_AFEKF,Pipe5_Standard,Pipe5_Chen,Pipe5_EKF_LE,Pipe5_AFEKF
Full_Period,0.366513772235302,0.115732320526309,0.163162078085116,0.088132326874814,14.6240039238724,3.20973822178963,3.26142936175141,1.99346614678117,57.1304659187841,4.4987824607057,9.48773164011723,1.3216588571353,7.93161719666663,3.91974095847808,1.98080600710164,0.838351921750205
Normal_0to6h_18to24h,0.105550372042597,0.106797067737353,0.105491630456158,0.0865177654913245,10.8721822903458,2.72354210484093,2.14250221654514,2.03882339496366,43.9301315376685,1.38277354003768,3.03239767789702,1.36565054575694,0.799142698390018,3.532908281141,0.787428574521289,0.831370546350905
Leak_12to18h,0.614447565567866,0.132603925874751,0.239651127230839,0.0914070677406178,19.9816745352274,4.00780530098636,4.73970243265823,1.87782684521672,76.4285500186712,7.50701692315262,15.7856979960705,1.22453437043786,13.6277572683092,4.65772238306081,3.22948107565805,0.849821250816103
