Period,P_RMSE_Standard,P_RMSE_Chen,P_RMSE_EKF_LE,P_RMSE_AFEKF,M_RMSE_Standard,M_RMSE_Chen,M_RMSE_EKF_LE,M_RMSE_AFEKF,Pipe1_Standard,Pipe1_Chen,Pipe1_EKF_LE,Pipe1_AFEKF,Pipe5_Standard,Pipe5_Chen,Pipe5_EKF_LE,Pipe5_AFEKF
Full_Period,0.507619362577302,0.133630309405821,0.112465592675311,0.0827805744048369,12.5357301767341,3.55634309304167,2.71471551843037,2.2205837850309,49.8886041559303,5.17695251161725,3.80675402873275,1.2614050212599,2.13713351440498,3.98622380906466,1.99268482626831,0.847521714214865
Normal_0to6h_18to24h,0.103162413796871,0.104295114369112,0.102819454020802,0.080385137463239,10.7589177742259,2.90763502257628,2.39341380508219,2.28510527795863,43.1442144237908,1.36623402259918,2.97298629232933,1.24039271455149,0.822296693327989,3.31153633374408,0.809560655631148,0.80425715955679
Leak_12to18h,0.863103801527333,0.177924733234959,0.129677703698888,0.0866308364814949,15.3540218729115,4.59976181329153,3.26070435348999,2.0974421998461,60.6189960939143,8.71394855345106,5.04205177293303,1.2943777093446,3.49733443293652,5.11808279479317,3.23959825437594,0.927225855759451
