Period,P_RMSE_Standard,P_RMSE_Chen,P_RMSE_EKF_LE,P_RMSE_AFEKF,M_RMSE_Standard,M_RMSE_Chen,M_RMSE_EKF_LE,M_RMSE_AFEKF,Pipe1_Standard,Pipe1_Chen,Pipe1_EKF_LE,Pipe1_AFEKF,Pipe5_Standard,Pipe5_Chen,Pipe5_EKF_LE,Pipe5_AFEKF
Full_Period,0.948937883382917,0.130532528691855,0.106339275170854,0.0842315085428141,13.5003405342555,3.91758247368715,3.16467920540225,2.97012373908211,53.0165442935232,5.21230636510194,4.06602198691467,1.94705905484485,6.62080125427544,3.8021641618486,1.72029907302378,1.46832453750479
Normal_0to6h_18to24h,0.103410243951681,0.103629272510694,0.102997851805304,0.0812815505292838,10.7369757204715,3.05556715969531,2.62805932335252,2.52581052553171,42.775869996884,1.75935951196737,3.19027598094408,1.65781669207226,0.720984556253615,3.08869138409304,0.718823777623025,0.83146895468036
Leak_12to18h,1.62951648002608,0.171776441191378,0.112546455617221,0.0891960454092065,17.6397622457431,5.21495596378466,3.9957803269242,3.67016875792334,68.5174092942128,8.63499793157072,5.36495760724962,2.4023437098674,11.3689398419306,4.95556813352451,2.78722780991021,2.24174444450516
