Period,P_RMSE_Standard,P_RMSE_Chen,P_RMSE_EKF_LE,P_RMSE_AFEKF,M_RMSE_Standard,M_RMSE_Chen,M_RMSE_EKF_LE,M_RMSE_AFEKF,Pipe1_Standard,Pipe1_Chen,Pipe1_EKF_LE,Pipe1_AFEKF,Pipe5_Standard,Pipe5_Chen,Pipe5_EKF_LE,Pipe5_AFEKF
Full_Period,0.52217551654642,0.123902555075361,0.109791067394301,0.0862538372618433,13.6680858019441,3.5057269322791,2.63659598529686,2.47150256330571,53.4504005391575,4.60385916746024,3.55388467402833,1.45100014653547,3.02778602251666,3.96974691355891,1.54646297638399,1.57084847817688
Normal_0to6h_18to24h,0.107830018173781,0.109131093171458,0.107302300278239,0.0887422503739394,10.6776298222811,2.9511881532779,2.44019563667416,2.33715711295173,42.7318991032628,1.63680144440214,3.07867892573283,1.56621825706792,0.844662850020148,3.30456859548336,0.831028274472914,0.817873500363344
Leak_12to18h,0.887350163277647,0.148621919127083,0.11409464465189,0.0801155697185233,18.0962105101332,4.43128647315362,2.9979514236305,2.73273480312347,69.5662443065192,7.59280065500039,4.31279604638022,1.16915840568183,5.08157734844826,5.0912977280364,2.39328889724457,2.44918210552539
