Period,P_RMSE_Standard,P_RMSE_Chen,P_RMSE_EKF_LE,P_RMSE_AFEKF,M_RMSE_Standard,M_RMSE_Chen,M_RMSE_EKF_LE,M_RMSE_AFEKF,Pipe1_Standard,Pipe1_Chen,Pipe1_EKF_LE,Pipe1_AFEKF,Pipe5_Standard,Pipe5_Chen,Pipe5_EKF_LE,Pipe5_AFEKF
Full_Period,0.922084793846677,0.135833276515085,0.113089481568203,0.084531645681145,13.3077577220907,3.84248995419122,2.93305491796484,2.72170307501527,52.8676964569524,5.70297692039643,2.8713372527717,1.2688641944368,0.99783290847758,3.90861095773026,1.36531343153633,0.99017150164748
Normal_0to6h_18to24h,0.108625016321357,0.109186177723837,0.1085140282229,0.0858945121654963,10.6714666870041,3.19306549800367,2.73972013145789,2.63608747770401,42.6907977041677,1.64839409717565,2.79689516172678,1.34984546426272,0.930029527621976,3.30015487349985,0.927071788611142,1.08476264993141
Leak_12to18h,1.58237752703316,0.177198276385811,0.121966391456686,0.0806896822125398,17.284920625156,4.88679731670032,3.27368975733605,2.87453285751768,68.2813671948665,9.5525240168395,2.97845211953568,1.06986860801701,1.10962512344779,4.93726575255842,1.9551479606994,0.75865687620203
