Period,P_RMSE_Standard,P_RMSE_Chen,P_RMSE_EKF_LE,P_RMSE_AFEKF,M_RMSE_Standard,M_RMSE_Chen,M_RMSE_EKF_LE,M_RMSE_AFEKF,Pipe1_Standard,Pipe1_Chen,Pipe1_EKF_LE,Pipe1_AFEKF,Pipe5_Standard,Pipe5_Chen,Pipe5_EKF_LE,Pipe5_AFEKF
Full_Period,0.817190285645487,0.124210210604112,0.103926490583513,0.0808522674282896,13.0256871416858,3.85030418635518,2.92067790461012,2.59982352530898,51.0583812935555,5.86617490252336,3.54954065761109,1.32898355070921,6.35780527400091,3.77529346008809,1.66250876462138,1.36054748863087
Normal_0to6h_18to24h,0.104538845437831,0.106070772026515,0.104440608293392,0.0848598239132803,10.7979492641741,2.62643602493821,2.10040880632452,2.02684375918531,43.4923429616303,1.3255522372029,3.01170296232786,1.12245036420443,0.778207862519882,3.22042056115141,0.772031453974311,1.3709953345056
Leak_12to18h,1.40114176328538,0.15349635149873,0.102428942709088,0.0710129972209682,16.4660754949359,5.52538587402422,4.06952851079279,3.45439038499667,62.9706303276828,9.9398529750267,4.39500339220122,1.65586265737323,10.9055682422026,4.74263534231842,2.65016215340496,1.35249918774932
