Period,P_RMSE_Standard,P_RMSE_Chen,P_RMSE_EKF_LE,P_RMSE_AFEKF,M_RMSE_Standard,M_RMSE_Chen,M_RMSE_EKF_LE,M_RMSE_AFEKF,Pipe1_Standard,Pipe1_Chen,Pipe1_EKF_LE,Pipe1_AFEKF,Pipe5_Standard,Pipe5_Chen,Pipe5_EKF_LE,Pipe5_AFEKF
Full_Period,0.133385532642079,0.125042567680609,0.10710877782547,0.0852941569707788,13.3463207715229,3.66125108603326,2.75889458830317,2.43029824454622,51.9821256912533,4.54435098426816,3.36532862244152,1.33698658144247,7.9815224686742,3.94530628682321,1.92793811840187,1.01906128410491
Normal_0to6h_18to24h,0.104419309073534,0.10518191355671,0.104200632842468,0.0836033918058103,10.6801081465327,2.81849652477451,2.29610114185347,2.20344328003131,42.7257679870087,1.35555093466057,2.89831236804694,1.27916402762869,0.869532523240106,3.32303448121135,0.859946465346464,1.07092578385113
Leak_12to18h,0.177014524261754,0.156906593939364,0.112440579499379,0.0876430508069408,17.3595297858277,4.92614113900687,3.48373826416721,2.81092397808097,66.1854815968331,7.60311154932454,4.12256727733862,1.45604204839468,13.7072723172968,5.01282605874359,3.10176487630671,0.947387388225678
