Period,P_RMSE_Standard,P_RMSE_Chen,P_RMSE_EKF_LE,P_RMSE_AFEKF,M_RMSE_Standard,M_RMSE_Chen,M_RMSE_EKF_LE,M_RMSE_AFEKF,Pipe1_Standard,Pipe1_Chen,Pipe1_EKF_LE,Pipe1_AFEKF,Pipe5_Standard,Pipe5_Chen,Pipe5_EKF_LE,Pipe5_AFEKF
Full_Period,0.246035221535476,0.114374126300513,0.10471611811007,0.0767820829264143,13.4247551496224,3.57719325942299,3.159389255781,2.46126725479004,51.7428943960524,4.39589599719675,7.04508447094693,1.40202994611107,5.75363923063561,3.83654075800327,1.9620830572952,1.00246341540427
Normal_0to6h_18to24h,0.103909441449009,0.105321543711461,0.103788668588976,0.0838946669391914,10.7514231222511,3.00957937669517,2.52626860517545,2.40999335214473,42.8351311458144,1.35332206341435,2.9772285776079,1.17322261184419,0.94784718706766,3.33883702005934,0.939613103709185,1.01798960419728
Leak_12to18h,0.398217992077237,0.130205516897068,0.106314737345065,0.0594135659477893,17.4544910969625,4.5189766076582,4.13324925611591,2.56378892721317,65.4828577881637,7.34005014022453,11.3967609307368,1.7710538119494,9.83179994829705,4.75120155516236,3.1203813761004,1.0157584990875
