Period,P_RMSE_Standard,P_RMSE_Chen,P_RMSE_EKF_LE,P_RMSE_AFEKF,M_RMSE_Standard,M_RMSE_Chen,M_RMSE_EKF_LE,M_RMSE_AFEKF,Pipe1_Standard,Pipe1_Chen,Pipe1_EKF_LE,Pipe1_AFEKF,Pipe5_Standard,Pipe5_Chen,Pipe5_EKF_LE,Pipe5_AFEKF
Full_Period,0.887494356423571,0.134404007229815,0.110280189631341,0.0866876782989967,13.8250158558058,3.6838765906218,3.20473520169267,2.62079560029378,53.829817459068,5.29102732301292,6.77904269442239,1.58025921645063,1.35341129098678,3.88309398382535,1.11164838986341,1.10525497656426
Normal_0to6h_18to24h,0.10339317852221,0.104530810024364,0.103391364551557,0.0852240412554414,10.6857435759339,3.13023289317928,2.67241987658779,2.5651001504057,42.5447529665767,1.58667475690434,3.00176346126706,1.33146149286319,0.922240247347132,3.31561834097418,0.898641327000987,1.19379333853622
Leak_12to18h,1.52323177985691,0.180084348628852,0.123789066762928,0.0890432768024523,18.4608745223166,4.70338396189357,4.16310583640097,2.8868567067046,70.6573257675993,8.84835514826194,10.8940982550991,1.98201421110735,1.93906515629512,4.87633604466639,1.44042533608854,0.904649625417655
