Period,P_RMSE_Standard,P_RMSE_Chen,P_RMSE_EKF_LE,P_RMSE_AFEKF,M_RMSE_Standard,M_RMSE_Chen,M_RMSE_EKF_LE,M_RMSE_AFEKF,Pipe1_Standard,Pipe1_Chen,Pipe1_EKF_LE,Pipe1_AFEKF,Pipe5_Standard,Pipe5_Chen,Pipe5_EKF_LE,Pipe5_AFEKF
Full_Period,0.771751289784012,0.115970057827655,0.114856051812416,0.080121802506438,12.5373198807109,3.55795116995944,2.80752490044799,2.36151694825187,49.4772568786825,4.23637595070317,3.3675089268235,1.44198242267628,3.06892806981201,4.16375029417729,2.10632775986954,1.11468027366334
Normal_0to6h_18to24h,0.104347154767899,0.106017086147948,0.104343378563619,0.0822611214808674,10.8921105360267,2.76448012588661,2.16268652218767,2.07174492835823,43.9235762886391,1.35657826637136,2.74125289033999,1.34975418792168,0.813712648970215,3.49109504662462,0.784925592454078,0.842660811177542
Leak_12to18h,1.32238786716922,0.133274077918743,0.132907648582723,0.0755784330292531,15.172613473548,4.78051096064438,3.79089581257733,2.87725276108043,58.458988999106,7.04841044995464,4.32361759524922,1.5953640768996,5.16504441004565,5.29337616730712,3.45877401328333,1.51400027712578
