Period,P_RMSE_Standard,P_RMSE_Chen,P_RMSE_EKF_LE,P_RMSE_AFEKF,M_RMSE_Standard,M_RMSE_Chen,M_RMSE_EKF_LE,M_RMSE_AFEKF,Pipe1_Standard,Pipe1_Chen,Pipe1_EKF_LE,Pipe1_AFEKF,Pipe5_Standard,Pipe5_Chen,Pipe5_EKF_LE,Pipe5_AFEKF
Full_Period,0.459438392724549,0.145192922721644,0.108553872471386,0.0796773262149965,12.9325922956134,3.83440785607734,2.83168163796846,2.59156399487202,50.0753523636738,5.5463283846124,3.20449696641066,1.47381050611699,6.15509898369817,4.08665266990005,0.812418131232737,1.16649365261602
Normal_0to6h_18to24h,0.102547143970924,0.104652813783475,0.102158232871643,0.0817982754296293,10.6834280264571,3.22390017333246,2.76537256685129,2.66578390737234,42.4529545119398,1.73579732234817,3.19822881236405,1.5583423651982,0.825741548439838,3.36218412677307,0.810438514810734,0.888666669746887
Leak_12to18h,0.778813653622628,0.202444102676589,0.119769674648586,0.074346162094377,16.396781719482,4.81521330085643,2.92475065321426,2.40096302248253,62.0359757392431,9.2414754440848,3.1723642939395,1.264888092938,10.547217485776,5.27662233927019,0.806470006143072,1.57354889953264
