Period,P_RMSE_Standard,P_RMSE_Chen,P_RMSE_EKF_LE,P_RMSE_AFEKF,M_RMSE_Standard,M_RMSE_Chen,M_RMSE_EKF_LE,M_RMSE_AFEKF,Pipe1_Standard,Pipe1_Chen,Pipe1_EKF_LE,Pipe1_AFEKF,Pipe5_Standard,Pipe5_Chen,Pipe5_EKF_LE,Pipe5_AFEKF
Full_Period,0.421353903293573,0.123984887828872,0.105486684744904,0.0826728062573164,12.9976783989607,3.77342525859864,2.87938346840238,2.82624107080712,50.1502254140423,4.24749925549071,2.96626770381807,1.40487587315333,3.03024459944332,3.88384751257665,0.893017977852763,1.31095158544958
Normal_0to6h_18to24h,0.105245993862186,0.106647760240837,0.105148798131323,0.0858146354135573,10.9566346828925,3.21682467418647,2.80284072837557,2.70544554216022,43.3817436521422,1.67221060541353,2.92709676218629,1.42055792921518,0.858020701519887,3.3536156502984,0.852660377908866,1.32146125481164
Leak_12to18h,0.711164012654416,0.152383190848224,0.105747764065439,0.0750306606363132,16.1883036417169,4.68430917865166,2.99329133692312,3.02159380463058,60.921489538835,6.93964027161289,3.01986788712151,1.38107862782109,5.08131532085424,4.81155671540752,0.957203219798931,1.27751004730492
