Period,P_RMSE_Standard,P_RMSE_Chen,P_RMSE_EKF_LE,P_RMSE_AFEKF,M_RMSE_Standard,M_RMSE_Chen,M_RMSE_EKF_LE,M_RMSE_AFEKF,Pipe1_Standard,Pipe1_Chen,Pipe1_EKF_LE,Pipe1_AFEKF,Pipe5_Standard,Pipe5_Chen,Pipe5_EKF_LE,Pipe5_AFEKF
Full_Period,0.891130092719415,0.11568990017437,0.10846543736476,0.0839564969731228,13.5128673325597,3.58232960901228,2.95096454741533,2.38516933462234,52.721891361727,4.32556600330029,4.98041146824483,1.54637537328134,6.49040036170453,3.87917302543566,1.66318856969969,0.912257894736501
Normal_0to6h_18to24h,0.102936828954223,0.10396513665967,0.102934400710969,0.0869750751663151,10.9541408629722,3.11631930803903,2.92733176187363,2.5456090484805,43.5392053722674,1.84019555987584,5.00851687939928,1.69701690937945,0.936621783616255,3.36975890363519,0.939214126539169,0.984805594693103
Leak_12to18h,1.52950196787771,0.135727448024129,0.118603231597453,0.0774235125654814,17.4001711800574,4.354364372994,2.96238527732182,1.99505719266831,66.8600743144677,6.98924307126483,4.85452212938567,1.16686449157036,11.1118367118052,4.75751028750529,2.54581774643318,0.742658009791744
