Period,P_RMSE_Standard,P_RMSE_Chen,P_RMSE_EKF_LE,P_RMSE_AFEKF,M_RMSE_Standard,M_RMSE_Chen,M_RMSE_EKF_LE,M_RMSE_AFEKF,Pipe1_Standard,Pipe1_Chen,Pipe1_EKF_LE,Pipe1_AFEKF,Pipe5_Standard,Pipe5_Chen,Pipe5_EKF_LE,Pipe5_AFEKF
Full_Period,0.362914447312918,0.134641685980313,0.106374776781239,0.0806756702262961,13.0867723101837,4.1331742084181,3.23091525951447,3.03810740275783,50.686115712315,4.79118890508143,3.32635498568556,1.30442564299234,3.06844766905943,3.96825257052956,0.906210664201388,1.28751687212248
Normal_0to6h_18to24h,0.103543029366313,0.10374766552411,0.103478503148583,0.0820052214559607,10.8368390504207,3.14940410210438,2.72527834687628,2.62596078394381,43.2272537793795,1.6588427794937,3.01267083548394,1.35936475521149,0.921769138578233,3.40272217519543,0.919499593764056,1.20867013958653
Leak_12to18h,0.608432463718317,0.180291375228036,0.111293337109967,0.0782298045603525,16.5755958926446,5.62273958786179,4.09446278673831,3.77113830488642,62.43967625236,7.92041718883329,3.8412343502928,1.17044517367182,5.12709819033032,4.92073970602479,0.86713629747802,1.42265760192015
