Period,P_RMSE_Standard,P_RMSE_Chen,P_RMSE_EKF_LE,P_RMSE_AFEKF,M_RMSE_Standard,M_RMSE_Chen,M_RMSE_EKF_LE,M_RMSE_AFEKF,Pipe1_Standard,Pipe1_Chen,Pipe1_EKF_LE,Pipe1_AFEKF,Pipe5_Standard,Pipe5_Chen,Pipe5_EKF_LE,Pipe5_AFEKF
Full_Period,0.16055905334195,0.110819970231857,0.10281504326616,0.0816353381366132,12.7839871736196,3.87835997923243,3.00904516214251,2.89999067641158,49.4936082785722,4.99394327071372,3.13538243226282,1.45768298989399,1.44941922431582,3.92136959466263,0.977476809969553,1.43613685885713
Normal_0to6h_18to24h,0.103906313988604,0.104943930857047,0.103522490734379,0.0835038982450416,10.8818139984259,3.28553811953955,2.81997857576165,2.75026816933961,43.3957789267817,1.34686544798236,2.81233957895948,1.29865598332347,0.810239370114428,3.34236621615407,0.809910822528418,0.923635126343984
Leak_12to18h,0.235148127332847,0.121426199546394,0.101254243603058,0.0770159375602828,15.7848722594962,4.86396863616931,3.35340524056608,3.18114687037228,59.2826873733906,8.39741941725294,3.66295082346405,1.72365777307564,2.24887033955404,4.94954401451586,1.2846600351602,2.1404016845471
