Period,P_RMSE_Standard,P_RMSE_Chen,P_RMSE_EKF_LE,P_RMSE_AFEKF,M_RMSE_Standard,M_RMSE_Chen,M_RMSE_EKF_LE,M_RMSE_AFEKF,Pipe1_Standard,Pipe1_Chen,Pipe1_EKF_LE,Pipe1_AFEKF,Pipe5_Standard,Pipe5_Chen,Pipe5_EKF_LE,Pipe5_AFEKF
Full_Period,1.05384814785606,0.146287143302993,0.11095664223913,0.0830925322576871,13.1152391530649,3.82494411990986,2.72910661300916,2.58837174896006,52.441510755539,5.96898711545946,2.96577232443828,1.42565914900149,1.00309799035738,4.17446031307046,1.52910275044877,2.02518716689271
Normal_0to6h_18to24h,0.104753509020841,0.106983430916176,0.104579821268012,0.0852781207790601,10.5658681474116,2.9299218715062,2.35002253052134,2.24248293890926,42.4097326036663,1.46190729006418,2.88033726095292,1.32154538786477,0.775938893960561,3.55449478995117,0.780487301707727,0.718643855966817
Leak_12to18h,1.81088089708547,0.202600153723943,0.122537985339218,0.0780626805693494,16.9803750746216,5.18729437682961,3.38391204001765,3.19361710662035,67.6533622879536,10.0894060722183,3.12277354305799,1.65077998606176,1.33663237351202,5.21756451982446,2.39400113580715,3.34083510349882
