Period,P_RMSE_Standard,P_RMSE_Chen,P_RMSE_EKF_LE,P_RMSE_AFEKF,M_RMSE_Standard,M_RMSE_Chen,M_RMSE_EKF_LE,M_RMSE_AFEKF,Pipe1_Standard,Pipe1_Chen,Pipe1_EKF_LE,Pipe1_AFEKF,Pipe5_Standard,Pipe5_Chen,Pipe5_EKF_LE,Pipe5_AFEKF
Full_Period,1.2303096073703,0.116609339501525,0.105781986271748,0.0790663491315794,13.0315938423172,3.75383525555249,3.01012421619728,2.76191014874823,52.3548493623714,4.53347994932111,4.85010442577548,1.89836970253095,0.981472739391466,3.82540727080303,0.835899872891587,0.846770733009615
Normal_0to6h_18to24h,0.100850028201418,0.102015095935152,0.100341011064131,0.0816500727858276,11.2442018735738,3.3239271215316,2.89232497694134,2.80113864661387,44.5412524751866,2.10452121367601,3.25685317812894,2.03357766547912,0.892092222312117,3.24727210177306,0.897418759364453,0.927151255282869
Leak_12to18h,2.11632766034682,0.140841371604217,0.115613654342531,0.0728973390308877,15.8727785691514,4.47932604416404,3.2030298040907,2.6521487485645,64.6465880921312,7.23214038956723,6.98413636661347,1.5784923759811,1.13364558532026,4.79694315965188,0.691088918327058,0.663218223135848
