Period,P_RMSE_Standard,P_RMSE_Chen,P_RMSE_EKF_LE,P_RMSE_AFEKF,M_RMSE_Standard,M_RMSE_Chen,M_RMSE_EKF_LE,M_RMSE_AFEKF,Pipe1_Standard,Pipe1_Chen,Pipe1_EKF_LE,Pipe1_AFEKF,Pipe5_Standard,Pipe5_Chen,Pipe5_EKF_LE,Pipe5_AFEKF
Full_Period,0.150385484679793,0.117428660980262,0.106476181101401,0.0806555179369019,13.1789936965639,3.91789953399757,3.14490440955972,3.03424067590072,50.6987344508515,4.79532784126143,3.22255464383042,1.58835167287158,3.66778643874333,3.6648167412453,1.39838346782727,1.24457442489531
Normal_0to6h_18to24h,0.103360896363113,0.103090785988297,0.10302446896054,0.0825250839640331,10.8173576965362,3.44356351062357,3.1514052114187,3.06913083406932,42.4558898234574,1.94415587124706,2.85723914299537,1.67188424016723,0.803404868868354,3.23748252727663,0.795395486303032,1.33533249824822
Leak_12to18h,0.214966150552771,0.141626163284089,0.113261996705904,0.0760451939647572,16.8037619979058,4.72693745121483,3.11402476530439,2.94699497900445,63.5191523647211,7.80396744294711,3.81314268848201,1.39389198849225,6.22041037591915,4.43482192962602,2.13241087865326,1.02597885253513
