Period,P_RMSE_Standard,P_RMSE_Chen,P_RMSE_EKF_LE,P_RMSE_AFEKF,M_RMSE_Standard,M_RMSE_Chen,M_RMSE_EKF_LE,M_RMSE_AFEKF,Pipe1_Standard,Pipe1_Chen,Pipe1_EKF_LE,Pipe1_AFEKF,Pipe5_Standard,Pipe5_Chen,Pipe5_EKF_LE,Pipe5_AFEKF
Full_Period,0.78210070768132,0.125786057144674,0.110192204848658,0.0818673373886701,12.9573762104299,3.69381932784034,2.8211893742837,2.58505791002231,51.5982681487196,5.74010071478394,3.01773472543326,1.44611076121458,1.04025964450276,3.87938137453792,1.46103061787484,0.872989295573463
Normal_0to6h_18to24h,0.108845474126407,0.109937497014062,0.108810608716919,0.0851514297141974,10.9805082983901,2.82307756544685,2.33121483329985,2.190262920992,43.7800952521844,1.59584141815938,3.24624956781196,1.53776816300554,0.815008051518277,3.31893436403021,0.817919177298042,0.859129753277475
Leak_12to18h,1.3396168859889,0.151872822548539,0.112357176036109,0.0738391384985431,16.0589967286768,4.99002655863065,3.57836607617426,3.20757323175147,63.8736845912114,9.6377373338818,2.45812556669786,1.23776047793609,1.37400381182678,4.8692744048832,2.23754266316483,0.891465515889686
