Period,P_RMSE_Standard,P_RMSE_Chen,P_RMSE_EKF_LE,P_RMSE_AFEKF,M_RMSE_Standard,M_RMSE_Chen,M_RMSE_EKF_LE,M_RMSE_AFEKF,Pipe1_Standard,Pipe1_Chen,Pipe1_EKF_LE,Pipe1_AFEKF,Pipe5_Standard,Pipe5_Chen,Pipe5_EKF_LE,Pipe5_AFEKF
Full_Period,0.305999638301397,0.118442922022515,0.151288422147429,0.0810341724677536,14.4965968573509,3.91936232020056,3.34469202768805,2.97773102447218,55.9545390551862,4.83963713285399,4.59692882498587,1.71932560613158,2.95807613486633,3.86058727561648,1.2048949144677,1.14335506978023
Normal_0to6h_18to24h,0.103100928710822,0.103926960280731,0.103076800697576,0.0824664073593173,10.8992571207571,3.33624579308327,2.95279568278315,2.84647084350114,43.2428448700461,1.8426446176203,3.46014280534107,1.49075648383525,0.781890538962957,3.28884159388222,0.732617770839888,1.00980104207798
Leak_12to18h,0.507349415973862,0.142996737021238,0.217098919917886,0.077255617726656,19.6841015649618,4.89998770764845,4.03096181556413,3.24952989707556,74.6051581292026,7.93205638987178,6.23830851119783,2.09012235994327,4.97872987705446,4.85340784175764,1.80104082103604,1.36488922002841
