Period,P_RMSE_Standard,P_RMSE_Chen,P_RMSE_EKF_LE,P_RMSE_AFEKF,M_RMSE_Standard,M_RMSE_Chen,M_RMSE_EKF_LE,M_RMSE_AFEKF,Pipe1_Standard,Pipe1_Chen,Pipe1_EKF_LE,Pipe1_AFEKF,Pipe5_Standard,Pipe5_Chen,Pipe5_EKF_LE,Pipe5_AFEKF
Full_Period,1.77519588535892,0.126265131510386,0.110602117617832,0.0822966474674686,12.7081312609453,3.51199252233603,2.50184651866486,2.2367801037511,49.4026407268882,4.39512194571247,3.24277055743628,1.35292944090103,8.11725548744847,4.00737361224112,2.03141782691828,0.864617221217598
Normal_0to6h_18to24h,0.105228777715558,0.106274320535079,0.10520738004354,0.0841365659995187,10.3017740824705,2.72129849007158,2.10425879257781,2.03738716970682,41.5184686201987,1.43768483408117,2.49792564478583,1.43344060102905,0.795327169164544,3.37187201665314,0.771896616924998,0.85801260605754
Leak_12to18h,3.05688462754908,0.158206768093334,0.120370017318622,0.0776651907293462,16.3673592374933,4.71430764560453,3.14439147758437,2.58905039755821,61.6972655636755,7.30273976147623,4.33909847642799,1.16688702800769,13.9491417393166,5.07455490081247,3.32822615446847,0.870724425628662
