Period,P_RMSE_Standard,P_RMSE_Chen,P_RMSE_EKF_LE,P_RMSE_AFEKF,M_RMSE_Standard,M_RMSE_Chen,M_RMSE_EKF_LE,M_RMSE_AFEKF,Pipe1_Standard,Pipe1_Chen,Pipe1_EKF_LE,Pipe1_AFEKF,Pipe5_Standard,Pipe5_Chen,Pipe5_EKF_LE,Pipe5_AFEKF
Full_Period,0.436256816084096,0.114199869855226,0.102332858350222,0.0801488592819219,13.1579404534983,3.49209283990288,2.53054314606456,2.3864859507438,51.218073505007,3.92348246882499,3.11673481359557,1.40188569544255,2.99153339460542,3.81037260369499,0.869120858990751,0.911328569868667
Normal_0to6h_18to24h,0.103612726095543,0.104051875406544,0.102715474688668,0.082023667190791,10.8787190425577,2.84177707783812,2.36922095292286,2.22216081840869,43.6682477692145,1.57160998221175,3.13513929021786,1.29213993328575,0.830219054692081,3.22753176377496,0.817163193386637,0.864015327161568
Leak_12to18h,0.73784554330488,0.13163296834065,0.101167313414268,0.0755390341694007,16.6759250003586,4.53005907422426,2.82875994518812,2.68999757288401,63.1125752125799,6.39023735925853,3.03945860729651,1.5862700047728,5.02281869057693,4.81252661281779,0.957636713492027,0.993416462177029
