Period,P_RMSE_Standard,P_RMSE_Chen,P_RMSE_EKF_LE,P_RMSE_AFEKF,M_RMSE_Standard,M_RMSE_Chen,M_RMSE_EKF_LE,M_RMSE_AFEKF,Pipe1_Standard,Pipe1_Chen,Pipe1_EKF_LE,Pipe1_AFEKF,Pipe5_Standard,Pipe5_Chen,Pipe5_EKF_LE,Pipe5_AFEKF
Full_Period,0.278416975834093,0.127695804326918,0.127466412477056,0.0828685907028133,13.9885285372953,3.8415356232973,3.11405705507156,2.79085184315344,53.8076885581301,5.38117120169328,4.31903230875267,1.66684791035448,4.07757967063143,3.89028508602947,1.6143541559607,0.995796171924063
Normal_0to6h_18to24h,0.105280171018003,0.105666162021056,0.105073632798818,0.0830498940231659,10.6784726170357,3.1253760096801,2.65823854845705,2.57160703859559,42.90932729676,1.91683193761801,3.18514994610452,1.76879071602532,0.872202987754859,3.38752114259785,0.834754943899631,1.02179236587858
Leak_12to18h,0.456702565091852,0.162903748907034,0.162965471914104,0.0817093172285807,18.8034746996277,4.9605872938113,3.83672067543114,3.15432965830935,70.1654160403937,8.88545060936271,5.94787455171205,1.47169420674556,6.92407527142212,4.79449443362406,2.52797874731575,0.957866056613816
