Period,P_RMSE_Standard,P_RMSE_Chen,P_RMSE_EKF_LE,P_RMSE_AFEKF,M_RMSE_Standard,M_RMSE_Chen,M_RMSE_EKF_LE,M_RMSE_AFEKF,Pipe1_Standard,Pipe1_Chen,Pipe1_EKF_LE,Pipe1_AFEKF,Pipe5_Standard,Pipe5_Chen,Pipe5_EKF_LE,Pipe5_AFEKF
Full_Period,0.125367421155005,0.12192257453795,0.106029672209945,0.0828178259045889,13.2243915848325,3.71201853881047,2.75559284179545,2.53608886883889,51.9485939610279,5.15253658967507,3.18932618589891,1.28440739249425,5.73514173085176,3.90752212094182,1.99769727640458,0.891564204875303
Normal_0to6h_18to24h,0.104734259236106,0.105838968955374,0.104673402388167,0.0857045823661018,10.9489935362992,3.11304158764924,2.64177907333697,2.51240159189426,43.4231288372926,1.50684962228315,2.92686726327,1.36795612598038,0.836733184344645,3.37617921701133,0.813001039585101,0.890864634607789
Leak_12to18h,0.15790326256321,0.148159945260653,0.107983213579017,0.0757158046051852,16.7348306711945,4.67194665185055,2.93777369276111,2.5518775706016,65.1913376380511,8.62673428074659,3.62481947121672,1.0942328511686,9.81663841484009,4.81668568571243,3.24728471390107,0.880537403899308
