Period,P_RMSE_Standard,P_RMSE_Chen,P_RMSE_EKF_LE,P_RMSE_AFEKF,M_RMSE_Standard,M_RMSE_Chen,M_RMSE_EKF_LE,M_RMSE_AFEKF,Pipe1_Standard,Pipe1_Chen,Pipe1_EKF_LE,Pipe1_AFEKF,Pipe5_Standard,Pipe5_Chen,Pipe5_EKF_LE,Pipe5_AFEKF
Full_Period,0.642542321159391,0.125179740233602,0.103770500284501,0.0803004393444351,13.2268405714609,3.83553553903827,2.84705329842079,2.81311258581169,52.8955444079251,4.70341981514465,3.75417753642301,2.03051386644332,6.07480516276695,4.00602368112442,0.80763112452033,0.868495530406717
Normal_0to6h_18to24h,0.102940262958278,0.10411561144794,0.102882664344242,0.0808610063311632,11.187320252603,3.54038411624172,3.12152170050663,3.00590973966354,44.4927564494479,2.62811905572246,3.96084725765583,2.30363911866464,0.884254605075808,3.408260092253,0.879353689318825,0.95841675944362
Leak_12to18h,1.0982439844166,0.158704692865706,0.105132860812866,0.0791598840789684,16.4347450387267,4.39868599429274,2.24287446260084,2.42153951675166,66.0075056215742,7.21540451770358,3.25853180465458,1.31931798784269,10.3984318728899,5.01867257045128,0.632612986000354,0.636513053643842
