Period,P_RMSE_Standard,P_RMSE_Chen,P_RMSE_EKF_LE,P_RMSE_AFEKF,M_RMSE_Standard,M_RMSE_Chen,M_RMSE_EKF_LE,M_RMSE_AFEKF,Pipe1_Standard,Pipe1_Chen,Pipe1_EKF_LE,Pipe1_AFEKF,Pipe5_Standard,Pipe5_Chen,Pipe5_EKF_LE,Pipe5_AFEKF
Full_Period,0.777014454005614,0.158506282241955,0.106287227981472,0.0863674212011827,13.4372198445359,3.98840258953902,3.24751695411302,2.77809410776951,53.6199807077676,6.36219465499075,5.03299083185613,1.60341760706967,2.10736238169195,4.13552871663215,1.47164140108946,1.27543529596798
Normal_0to6h_18to24h,0.103187311301689,0.10420503574841,0.103256880166284,0.0886080154788967,10.992063742967,3.25904993580695,2.93800985693167,2.82780512895304,43.5450420802014,1.96345028659601,3.12735599026053,1.66548275274512,0.922275781889964,3.44594547466348,0.918764389598358,1.43540734412442
Leak_12to18h,1.33175785981573,0.231200881150509,0.112438212491052,0.0813706315410991,17.2169732610308,5.22440897253566,3.93676581220165,2.81335399976065,68.9429921724859,10.6112766572362,7.46754790842173,1.47794465175696,3.39392346091924,5.2710651789666,2.18402124653279,0.846901589396971
