Period,P_RMSE_Standard,P_RMSE_Chen,P_RMSE_EKF_LE,P_RMSE_AFEKF,M_RMSE_Standard,M_RMSE_Chen,M_RMSE_EKF_LE,M_RMSE_AFEKF,Pipe1_Standard,Pipe1_Chen,Pipe1_EKF_LE,Pipe1_AFEKF,Pipe5_Standard,Pipe5_Chen,Pipe5_EKF_LE,Pipe5_AFEKF
Full_Period,0.125481219498151,0.118990041830451,0.103752460782053,0.0827901557965169,13.0828383355404,3.62154254959661,2.69487355007621,2.50515571622888,51.8732562446666,3.98226620834834,3.22343245494881,1.50648205448581,5.6995587871084,3.79717009467031,2.08577489200734,1.05468291754804
Normal_0to6h_18to24h,0.105537499817322,0.10599888237356,0.105017380465584,0.0869504565753578,11.0298068070147,3.12858774269816,2.7783362683365,2.63071151172301,43.8846267319379,1.9100437319073,3.33726981447424,1.68244610075087,0.88011515094466,3.19835131995126,0.858351258361614,0.983427375372165
Leak_12to18h,0.157347145760909,0.140830690842383,0.100848471248743,0.0727302930338285,16.2940713079103,4.4428690488781,2.49595255490078,2.21349936020499,64.3897368393411,6.31175970782789,2.93406971042357,1.04123805914958,9.75327339284716,4.83546862441186,3.40185351948867,1.23193952004462
