Period,P_RMSE_Standard,P_RMSE_Chen,P_RMSE_EKF_LE,P_RMSE_AFEKF,M_RMSE_Standard,M_RMSE_Chen,M_RMSE_EKF_LE,M_RMSE_AFEKF,Pipe1_Standard,Pipe1_Chen,Pipe1_EKF_LE,Pipe1_AFEKF,Pipe5_Standard,Pipe5_Chen,Pipe5_EKF_LE,Pipe5_AFEKF
Full_Period,0.818266694699026,0.119349785644854,0.105547965522186,0.0783861686360113,13.9338994898182,3.42346687522051,2.49468624385362,2.0966965168082,55.0127926099424,4.97210338717576,3.49534014574614,1.5672474556717,0.857030546849664,3.7393206308253,1.10638482363305,0.868210910228824
Normal_0to6h_18to24h,0.102971119015611,0.103814637603191,0.10277914704155,0.0804894391275509,11.1001445105998,2.66549303493246,2.10808819459749,1.96123328463293,44.960921106703,1.9865131330843,3.45059384266851,1.71808764089597,0.808194277687315,3.25602817710557,0.800559051104492,0.914710947651751
Leak_12to18h,1.40322782661281,0.144879081524907,0.110277560195947,0.0734595232643207,18.187135159609,4.58554942720419,3.12064340651565,2.34494536738694,70.3726729149902,8.10584479624335,3.5538003532616,1.22441055715724,0.941343074766827,4.62164498117618,1.53868395303689,0.753021095672313
