Period,P_RMSE_Standard,P_RMSE_Chen,P_RMSE_EKF_LE,P_RMSE_AFEKF,M_RMSE_Standard,M_RMSE_Chen,M_RMSE_EKF_LE,M_RMSE_AFEKF,Pipe1_Standard,Pipe1_Chen,Pipe1_EKF_LE,Pipe1_AFEKF,Pipe5_Standard,Pipe5_Chen,Pipe5_EKF_LE,Pipe5_AFEKF
Full_Period,0.790749703860365,0.115418079459939,0.114026747762796,0.0861048632372278,12.9627197858815,3.53536775921103,2.71590339914364,2.44857934215975,50.715904123038,4.06036223807482,3.05368180925364,1.37025990091312,6.45711756913029,3.88870280210857,1.59862521487595,0.911312348166128
Normal_0to6h_18to24h,0.107007222996533,0.107880035623839,0.107000168118866,0.0872841326012763,11.0127465813642,3.0075709717099,2.51827148004005,2.41316983605008,43.8064541435999,1.55157680079338,2.92412195229643,1.46218027147156,0.97332960305382,3.27320335495386,0.968482733684607,0.998897225302832
Leak_12to18h,1.35496460982126,0.129367500415901,0.12684241018459,0.0831625231919338,16.0334430172613,4.41841900558128,3.07314241816918,2.52421743591074,61.7002666412057,6.65218269484009,3.26922447054618,1.1740963588703,11.0467800948379,4.95177935273393,2.39198841219739,0.688515491862263
