Period,P_RMSE_Standard,P_RMSE_Chen,P_RMSE_EKF_LE,P_RMSE_AFEKF,M_RMSE_Standard,M_RMSE_Chen,M_RMSE_EKF_LE,M_RMSE_AFEKF,Pipe1_Standard,Pipe1_Chen,Pipe1_EKF_LE,Pipe1_AFEKF,Pipe5_Standard,Pipe5_Chen,Pipe5_EKF_LE,Pipe5_AFEKF
Full_Period,0.32457290332381,0.129533505766759,0.109969595922085,0.0838950684961637,13.0031644784942,3.65478712777394,2.79148088733139,2.42264054259051,51.6578077289084,4.52948009740274,3.07511139561222,1.46535364628378,1.98150158288307,3.92592646327507,1.7181687180066,1.09361674735669
Normal_0to6h_18to24h,0.104855475280043,0.106119027002336,0.104341186327227,0.0850766433359115,10.7620160581765,2.97433503068923,2.45268310631612,2.36829475782297,42.9685844184411,1.67708695494543,3.05427935123593,1.55158661134409,0.725269593684884,3.43513856865221,0.720095037682784,1.12477983812583
Leak_12to18h,0.539734211660516,0.166065450144073,0.119810542474756,0.080447663725795,16.4602923574818,4.72127159305448,3.34108732534069,2.50516864530539,65.1077233133304,7.44965738033324,3.09943036952016,1.28417445582679,3.26011926134497,4.79800788298901,2.78309191445971,1.0502087719771
