Period,P_RMSE_Standard,P_RMSE_Chen,P_RMSE_EKF_LE,P_RMSE_AFEKF,M_RMSE_Standard,M_RMSE_Chen,M_RMSE_EKF_LE,M_RMSE_AFEKF,Pipe1_Standard,Pipe1_Chen,Pipe1_EKF_LE,Pipe1_AFEKF,Pipe5_Standard,Pipe5_Chen,Pipe5_EKF_LE,Pipe5_AFEKF
Full_Period,0.43313143525493,0.113910185060021,0.105935776901194,0.0827835447824024,13.1298792010247,3.86851996323015,3.1007881299083,2.82406757176963,51.1797684185769,4.54029487515355,3.39208840763537,1.62622136274612,1.38686346214376,3.9405623704777,0.934210166808956,1.21404069308944
Normal_0to6h_18to24h,0.101382450587409,0.102032037568395,0.100655810665912,0.0837395406636922,11.0198133294365,3.36197452863571,2.93922893204248,2.82833674887709,43.5501541340737,1.98119073770102,3.13274642126036,1.86023221434121,1.04559721806903,3.37360834344095,1.01658320201554,1.02516362435079
Leak_12to18h,0.732970876258724,0.134002995928216,0.115330054461729,0.0800753292979169,16.4176570462228,4.70381841966866,3.36443779158345,2.7792637933742,63.183918122664,7.31637372166044,3.8292915738506,1.0007801235142,1.88619343613332,4.91366879067839,0.742598790644973,1.52205923009241
