Period,P_RMSE_Standard,P_RMSE_Chen,P_RMSE_EKF_LE,P_RMSE_AFEKF,M_RMSE_Standard,M_RMSE_Chen,M_RMSE_EKF_LE,M_RMSE_AFEKF,Pipe1_Standard,Pipe1_Chen,Pipe1_EKF_LE,Pipe1_AFEKF,Pipe5_Standard,Pipe5_Chen,Pipe5_EKF_LE,Pipe5_AFEKF
Full_Period,0.385487914983035,0.114560077844246,0.102513174391682,0.0790977708730077,12.5840066966967,3.38361532870485,2.40406328633044,2.21459868498455,50.013261889028,3.84712234401211,3.08306763116124,1.35081129673067,1.5381620186323,3.88075215217563,0.980048921178042,0.869788041724713
Normal_0to6h_18to24h,0.100517151448529,0.102559802013585,0.100401492377327,0.0826255013224219,10.9123771936538,2.79494229093367,2.2201470341933,2.11101525390491,44.0801315785537,1.41901737766239,3.05025098346069,1.34664992385367,0.900384457473754,3.44965228365073,0.895713889163854,0.925344062677489
Leak_12to18h,0.649539017466996,0.135730482672729,0.10728147021172,0.0707259142441951,15.2495481802513,4.32286735323989,2.7122222569356,2.38693884154926,59.5682972289779,6.32160765836444,3.10549941103266,1.34047104006322,2.32638708698775,4.67751088439334,1.11924946924508,0.732713805736642
