Period,P_RMSE_Standard,P_RMSE_Chen,P_RMSE_EKF_LE,P_RMSE_AFEKF,M_RMSE_Standard,M_RMSE_Chen,M_RMSE_EKF_LE,M_RMSE_AFEKF,Pipe1_Standard,Pipe1_Chen,Pipe1_EKF_LE,Pipe1_AFEKF,Pipe5_Standard,Pipe5_Chen,Pipe5_EKF_LE,Pipe5_AFEKF
Full_Period,0.533544977310411,0.124786517794809,0.109242113539659,0.07676326495176,14.3800999414395,3.66835190563008,2.88745309743575,2.52420150978407,56.1352616115243,5.1789172170076,4.05938638544148,1.32806927103212,4.01560528486554,4.01383616742068,1.68764750114905,1.00871140472962
Normal_0to6h_18to24h,0.106960434149153,0.106939586374519,0.106903183608078,0.0770498383485988,10.58579589197,2.7913418144963,2.2709294250601,2.17387736517078,42.2163302655049,1.52445815819936,3.03226198795382,1.36469307732843,0.837642858190822,3.37819797371796,0.843925303131419,1.10761386867314
Leak_12to18h,0.907416322731892,0.153636422633741,0.113115658109491,0.0752394267564682,19.7691937462453,5.00272919095807,3.84528667966552,3.13168098467635,76.1680301536562,8.66602991256042,5.53406734206348,1.23210724685839,6.82095615502464,5.12046555533619,2.65355590462058,0.807853069315663
