Period,P_RMSE_Standard,P_RMSE_Chen,P_RMSE_EKF_LE,P_RMSE_AFEKF,M_RMSE_Standard,M_RMSE_Chen,M_RMSE_EKF_LE,M_RMSE_AFEKF,Pipe1_Standard,Pipe1_Chen,Pipe1_EKF_LE,Pipe1_AFEKF,Pipe5_Standard,Pipe5_Chen,Pipe5_EKF_LE,Pipe5_AFEKF
Full_Period,0.741713961593407,0.114008344138718,0.109690475216068,0.0799569402996261,13.5646911379635,3.16188220852175,2.44452498638417,1.86379720172322,52.9842395362549,3.89709728006961,4.48666287299668,1.39135504205169,2.99832746793419,3.95480977881057,1.30132268815478,0.824911371909472
Normal_0to6h_18to24h,0.106526346045018,0.107216393697926,0.106497473710438,0.0823724125963673,10.9966279071439,2.73821179582781,2.15676214058174,2.04957965722733,44.2983595656568,1.68354945946318,2.97776864417148,1.60478198790254,0.835248752409822,3.3539683289312,0.83202735751579,0.80312255572456
Leak_12to18h,1.26996820387501,0.126623054151371,0.115961027949981,0.0744792605277715,17.4684215866114,3.88411945916295,2.92667643606457,1.42518178654677,66.4779555513459,6.28308279150038,6.48827665186134,0.776669125260512,5.03577718361742,4.983256997634,1.91744160133174,0.878149858882983
