Period,P_RMSE_Standard,P_RMSE_Chen,P_RMSE_EKF_LE,P_RMSE_AFEKF,M_RMSE_Standard,M_RMSE_Chen,M_RMSE_EKF_LE,M_RMSE_AFEKF,Pipe1_Standard,Pipe1_Chen,Pipe1_EKF_LE,Pipe1_AFEKF,Pipe5_Standard,Pipe5_Chen,Pipe5_EKF_LE,Pipe5_AFEKF
Full_Period,0.494288430049431,0.116510880105314,0.116054063565326,0.0790189593028447,13.3068809971247,3.63053206081609,2.89984402831452,2.61989798836513,51.8920673774302,4.49775391326857,3.8343298697645,1.48182352236205,5.67038485149433,3.88295865212589,1.5587797474105,0.923714059646276
Normal_0to6h_18to24h,0.102047889615062,0.103344845337045,0.101756837408965,0.0798306409501276,10.8940181635807,3.07619898289044,2.63042373196155,2.46294083188276,43.4415469483854,1.88723716548933,3.23093814773644,1.49094833786401,0.926067138028968,3.43419475302102,0.912307991872274,0.9815324788361
Leak_12to18h,0.840073830870938,0.139371777634268,0.140342856400844,0.0769553979568046,17.0073679838399,4.56168838183136,3.38618352709641,2.92602388579932,65.0327827352899,7.2832939361109,4.78092582165252,1.45012030481934,9.68789137075421,4.70069124652829,2.35819256287096,0.791035751402504
