Period,P_RMSE_Standard,P_RMSE_Chen,P_RMSE_EKF_LE,P_RMSE_AFEKF,M_RMSE_Standard,M_RMSE_Chen,M_RMSE_EKF_LE,M_RMSE_AFEKF,Pipe1_Standard,Pipe1_Chen,Pipe1_EKF_LE,Pipe1_AFEKF,Pipe5_Standard,Pipe5_Chen,Pipe5_EKF_LE,Pipe5_AFEKF
Full_Period,0.121044876575568,0.113641752175631,0.105220620562801,0.0823094305629488,12.4020667947875,3.52730820975979,2.8601517443022,2.5037001091543,48.4846700013042,3.82937621476295,4.60548779985094,1.36325703882051,6.10228135425592,3.8025035736536,0.855037817889046,1.06204771477798
Normal_0to6h_18to24h,0.103787010684852,0.104474530118973,0.103755800208262,0.0833844739858804,10.5710655671207,2.94058032109106,2.77448100981319,2.38249867999037,42.0719863732512,1.40912880819476,4.94200819632441,1.23939023503815,0.92700037773352,3.2597535981557,0.929784247980505,1.08558770784627
Leak_12to18h,0.149158797046724,0.129447827018856,0.107809147675898,0.0796944203648791,15.287076973361,4.46986759711331,2.99089615255674,2.70445916320843,58.710700415599,6.30008844948347,3.77547943982425,1.57953200406987,10.4422113348435,4.77291835296589,0.718609491301038,1.05682251436955
