Period,P_RMSE_Standard,P_RMSE_Chen,P_RMSE_EKF_LE,P_RMSE_AFEKF,M_RMSE_Standard,M_RMSE_Chen,M_RMSE_EKF_LE,M_RMSE_AFEKF,Pipe1_Standard,Pipe1_Chen,Pipe1_EKF_LE,Pipe1_AFEKF,Pipe5_Standard,Pipe5_Chen,Pipe5_EKF_LE,Pipe5_AFEKF
Full_Period,0.832231348682635,0.134048610793259,0.115910976899954,0.0852845673599509,13.9186861501866,3.55872864309375,3.06423801081698,2.16161040385095,55.6386275193221,5.97922557022439,7.770293195608,1.08140674451645,1.04971764177086,3.87704872930543,1.02841414590018,0.856257301387221
Normal_0to6h_18to24h,0.104171717630145,0.105055972266538,0.104068456856753,0.0855236231279572,10.6833869595978,2.91291261764104,2.39820409245658,2.30933174292285,42.7290522087934,1.21565830170682,2.62699298468002,1.17548241005793,0.995266699688876,3.19405379911501,0.992174793787665,0.960410509793402
Leak_12to18h,1.42730695883035,0.177849670181416,0.136354171187052,0.0844288334204671,18.6468470717047,4.58963120515083,4.07087790762656,1.84086539016213,74.494568446483,10.1642687923736,12.8707845498436,0.849568519661847,1.1430141261501,5.00827548548057,1.08861721389279,0.589858734909631
