Period,P_RMSE_Standard,P_RMSE_Chen,P_RMSE_EKF_LE,P_RMSE_AFEKF,M_RMSE_Standard,M_RMSE_Chen,M_RMSE_EKF_LE,M_RMSE_AFEKF,Pipe1_Standard,Pipe1_Chen,Pipe1_EKF_LE,Pipe1_AFEKF,Pipe5_Standard,Pipe5_Chen,Pipe5_EKF_LE,Pipe5_AFEKF
Full_Period,0.754603011271529,0.116701547636444,0.108000915003244,0.0799238063139989,13.3443530126892,4.14738361712549,3.38478945994795,3.25031049555283,51.8758966900141,4.12407468057259,3.57810967414679,1.70536282300567,6.52473625769245,3.95267487770724,1.69770080971423,1.56930455302546
Normal_0to6h_18to24h,0.106544524665191,0.107797512355132,0.106528189325122,0.08472947865992,10.9199874947311,3.6553929322115,3.26469692893093,3.17405861314669,42.9739092124308,1.8309943969076,3.19240255460009,1.57198338604571,1.09697283916962,3.41497774502636,1.08469292081173,1.44528921134832
Leak_12to18h,1.29227762505537,0.132357028902769,0.110438002601575,0.0690388844270107,17.0543613450723,4.97190081048361,3.57920255509455,3.36905742147263,65.6132901346389,6.62699814403526,4.20879142126998,1.95026554457642,11.1439041242641,4.90718982437617,2.50414770198855,1.81619310396267
