Period,P_RMSE_Standard,P_RMSE_Chen,P_RMSE_EKF_LE,P_RMSE_AFEKF,M_RMSE_Standard,M_RMSE_Chen,M_RMSE_EKF_LE,M_RMSE_AFEKF,Pipe1_Standard,Pipe1_Chen,Pipe1_EKF_LE,Pipe1_AFEKF,Pipe5_Standard,Pipe5_Chen,Pipe5_EKF_LE,Pipe5_AFEKF
Full_Period,0.557319184031616,0.122364659767833,0.105481420099517,0.0810572115724768,13.4590623814948,3.81077886480005,2.99880358215374,2.76907586670972,52.4541480248302,5.35860378205569,3.87177911184037,1.41885760835283,3.09975160032314,4.04115698214563,0.741595232808218,1.71468750823302
Normal_0to6h_18to24h,0.104548360594246,0.105263200721996,0.104529351531096,0.0839152214680357,10.8797741636269,3.21708213552419,2.77851939759623,2.68632664879686,43.3286464102464,1.7251047998017,3.35280005028388,1.57639304255404,0.778267481812889,3.51365678989825,0.774367629427168,1.15020862197077
Leak_12to18h,0.949554151072444,0.15062981632344,0.107433620984507,0.074406964485017,17.3804278934221,4.80509627669316,3.42067946930308,2.95463293862924,66.5067715600849,8.91088822747756,4.69918373909128,1.00797405713191,5.2325773529692,4.95901841807371,0.685514300718675,2.47280993015229
