Period,P_RMSE_Standard,P_RMSE_Chen,P_RMSE_EKF_LE,P_RMSE_AFEKF,M_RMSE_Standard,M_RMSE_Chen,M_RMSE_EKF_LE,M_RMSE_AFEKF,Pipe1_Standard,Pipe1_Chen,Pipe1_EKF_LE,Pipe1_AFEKF,Pipe5_Standard,Pipe5_Chen,Pipe5_EKF_LE,Pipe5_AFEKF
Full_Period,0.351415608600352,0.131238080744533,0.106827167638018,0.0794439551468479,13.3875921641509,3.38228402764181,2.86527232462012,2.08383183739391,53.3308618765087,5.09811099696912,7.50628856137871,1.07178985764843,5.76163895760379,3.96956553032622,2.27036819633381,0.773035018893057
Normal_0to6h_18to24h,0.105326604938602,0.10632153263161,0.10524615288427,0.0827775280870872,10.586894424993,2.66911713200928,2.1107419011798,1.98768183122928,42.9696859202919,1.31442327146568,3.10234366878429,1.16585586430964,0.809259708080861,3.37402927996651,0.793320837592549,0.754114841879646
Leak_12to18h,0.587613622506047,0.170239383190026,0.110432946535992,0.0715987344463611,17.5709265924365,4.49206007611228,3.9610258940521,2.28045680229503,68.9981906877943,8.59040757531964,12.1745366230332,0.835528993694592,9.86741644333743,4.99968384516416,3.75068627217888,0.814427308650976
