Period,P_RMSE_Standard,P_RMSE_Chen,P_RMSE_EKF_LE,P_RMSE_AFEKF,M_RMSE_Standard,M_RMSE_Chen,M_RMSE_EKF_LE,M_RMSE_AFEKF,Pipe1_Standard,Pipe1_Chen,Pipe1_EKF_LE,Pipe1_AFEKF,Pipe5_Standard,Pipe5_Chen,Pipe5_EKF_LE,Pipe5_AFEKF
Full_Period,0.42821461427941,0.121072999471263,0.107623369399128,0.0838121113255099,12.9266007842495,3.60713092724902,2.70559626944084,2.65724590853648,49.8182166085837,4.29187478048915,3.23643358807476,1.45498375603559,7.8922971831937,3.91276260746354,1.7286863105089,1.54513058159486
Normal_0to6h_18to24h,0.104464747943591,0.10479178886336,0.104584231611991,0.0825103084719935,10.5693533475572,2.64220410366465,2.06884688105376,1.9907093768826,42.7228193975583,1.33633133295328,2.79456530160404,1.25085762831523,0.96424400192542,3.24262162306794,0.945376716545283,1.21858589136701
Leak_12to18h,0.723437258405334,0.147596028743147,0.112828813644558,0.0854742998414936,16.5301089712348,4.9994234313085,3.63516094246932,3.61821332338475,61.0421725290009,7.15392951607608,3.93895503938931,1.77912360285765,13.5401580664006,5.04513895378867,2.67391267530131,2.06269704034439
