Period,P_RMSE_Standard,P_RMSE_Chen,P_RMSE_EKF_LE,P_RMSE_AFEKF,M_RMSE_Standard,M_RMSE_Chen,M_RMSE_EKF_LE,M_RMSE_AFEKF,Pipe1_Standard,Pipe1_Chen,Pipe1_EKF_LE,Pipe1_AFEKF,Pipe5_Standard,Pipe5_Chen,Pipe5_EKF_LE,Pipe5_AFEKF
Full_Period,0.860837730871686,0.123641839973208,0.110996952677316,0.0791552296468205,13.3550065387096,4.12834413834405,4.12674064353545,3.15387733551719,52.5278360229487,5.82737409326875,10.653728793716,1.87988666062672,3.04342185255404,3.92931664718169,0.72280526108874,0.795313487702652
Normal_0to6h_18to24h,0.100938348953435,0.10136686098614,0.100839745853929,0.0799852536621525,10.7683495926437,3.65445012722661,3.31502048335058,3.18955839902153,42.7720443867323,2.17502790833685,4.27356384558638,2.12422616819751,0.662673399338294,3.2984217304303,0.661822306382078,0.741715263147209
Leak_12to18h,1.47727935743863,0.158310022329052,0.128353073958789,0.0764354471340676,17.2702519684571,4.92439602365347,5.35732721820929,3.04275977496716,67.3961376284842,9.57862711572984,17.3517096957853,1.27411871942151,5.16388122505761,5.00138591740266,0.829659315184711,0.90154573445429
