Period,P_RMSE_Standard,P_RMSE_Chen,P_RMSE_EKF_LE,P_RMSE_AFEKF,M_RMSE_Standard,M_RMSE_Chen,M_RMSE_EKF_LE,M_RMSE_AFEKF,Pipe1_Standard,Pipe1_Chen,Pipe1_EKF_LE,Pipe1_AFEKF,Pipe5_Standard,Pipe5_Chen,Pipe5_EKF_LE,Pipe5_AFEKF
Full_Period,0.290473753728605,0.112214487387753,0.11170046845503,0.0867644035133971,13.0753244424622,4.01359008017526,4.16161404414324,3.22151131379682,50.1174991638634,4.71008879052909,7.51566765002729,1.54063377421851,3.79569968886852,3.87467357824385,0.935111161533747,1.32266438943509
Normal_0to6h_18to24h,0.106736946751095,0.107307553833368,0.105989644459064,0.0888681355884795,11.0216946590724,3.55152032098408,4.3634048681265,3.07034958361258,43.358989411092,2.18307918096592,8.6450910631249,1.58466799943175,0.899255647241972,3.33991211525374,0.885028044634909,1.33651246250051
Leak_12to18h,0.477970779166971,0.121607346471128,0.122798076938012,0.0841831478830132,16.2932100265489,4.82096545452168,3.69836226596238,3.50406256435422,60.8749066916282,7.5139378789086,4.3186605663763,1.48517563014314,6.42226814154629,4.84045242917821,1.03610169518096,1.31086084869481
