Period,P_RMSE_Standard,P_RMSE_Chen,P_RMSE_EKF_LE,P_RMSE_AFEKF,M_RMSE_Standard,M_RMSE_Chen,M_RMSE_EKF_LE,M_RMSE_AFEKF,Pipe1_Standard,Pipe1_Chen,Pipe1_EKF_LE,Pipe1_AFEKF,Pipe5_Standard,Pipe5_Chen,Pipe5_EKF_LE,Pipe5_AFEKF
Full_Period,0.822583792519634,0.121337439760349,0.103357783237632,0.0786331993354353,13.1948460656259,3.63212608404848,2.76022162540942,2.61210908462852,52.7186135606291,3.95088730923808,3.18957901506934,1.34010262432756,0.937758811037643,3.91505935302934,1.15091712452164,1.98616545102932
Normal_0to6h_18to24h,0.101337984258903,0.102661779403983,0.100097091731701,0.0798767112335448,10.8125843308,2.96541024695873,2.4959214051609,2.35428495037327,43.0343772637032,1.4523489326392,3.13952614142054,1.33954965009633,0.882664037730336,3.4827160380886,0.892980153634063,0.968146045553277
Leak_12to18h,1.41095238812048,0.151233930811222,0.109092433054309,0.0751408150431439,16.8530233860168,4.70475473538566,3.24940722307599,3.08594519077419,67.5050651681037,6.51763003139665,3.28883666744051,1.38764168330593,1.03205313741298,4.70864225083853,1.53375330648849,3.13871580692784
