Period,P_RMSE_Standard,P_RMSE_Chen,P_RMSE_EKF_LE,P_RMSE_AFEKF,M_RMSE_Standard,M_RMSE_Chen,M_RMSE_EKF_LE,M_RMSE_AFEKF,Pipe1_Standard,Pipe1_Chen,Pipe1_EKF_LE,Pipe1_AFEKF,Pipe5_Standard,Pipe5_Chen,Pipe5_EKF_LE,Pipe5_AFEKF
Full_Period,1.07458825499686,0.130671053904304,0.112672639451368,0.084446665166607,14.0281732529288,3.57754371353873,2.67285575822607,2.34609234313674,55.491465386139,5.18030700489762,3.46982043087476,1.31577238616039,1.48962246485497,4.04098499538347,0.89200685995115,0.853401276354559
Normal_0to6h_18to24h,0.103824835145136,0.104480130654251,0.10380954475269,0.0808621639532411,10.8755577305702,2.88056462827433,2.36367862639261,2.22713584786787,43.9094305622952,1.65035978095762,3.21536997192292,1.43687382397674,0.792664766214861,3.31471421641267,0.787184056038734,0.793559266330753
Leak_12to18h,1.8468645569244,0.170985813267327,0.128451232761735,0.0906423443892699,18.6746255717956,4.69452908385074,3.23404148435904,2.61081947706844,72.7760918143979,8.62414989822883,3.89475830988898,1.03092893787216,2.31115752838051,5.20950474776578,1.06337035795675,0.95145362276968
