Period,P_RMSE_Standard,P_RMSE_Chen,P_RMSE_EKF_LE,P_RMSE_AFEKF,M_RMSE_Standard,M_RMSE_Chen,M_RMSE_EKF_LE,M_RMSE_AFEKF,Pipe1_Standard,Pipe1_Chen,Pipe1_EKF_LE,Pipe1_AFEKF,Pipe5_Standard,Pipe5_Chen,Pipe5_EKF_LE,Pipe5_AFEKF
Full_Period,0.123033069385771,0.123158754848405,0.10494131459091,0.0869819642123812,12.7094239701394,4.10112361069226,3.30395397079004,3.04808323176847,49.4458116501613,5.3787729531711,3.32794150456341,1.91523358038329,5.52228305829985,3.82912032015054,1.92258930650893,1.02736164548675
Normal_0to6h_18to24h,0.103285235036078,0.103758084232992,0.103189077507675,0.0864075838747572,10.9273453861537,3.94402550885444,3.61963671195093,3.46727336521128,42.4394463943647,2.7989077239504,3.43120683189365,2.20561565602051,0.873412236615503,3.37444228826021,0.871741798776674,1.1221565515405
Leak_12to18h,0.155317657856931,0.155151771422832,0.109116432696538,0.087686838498922,15.556636967681,4.45595714410926,2.63833998331157,2.06958767325102,60.5354563349666,8.38664492190012,3.06189106045954,1.08312722060128,9.44241870043948,4.679121481375,3.08412157917751,0.822288829392684
