Period,P_RMSE_Standard,P_RMSE_Chen,P_RMSE_EKF_LE,P_RMSE_AFEKF,M_RMSE_Standard,M_RMSE_Chen,M_RMSE_EKF_LE,M_RMSE_AFEKF,Pipe1_Standard,Pipe1_Chen,Pipe1_EKF_LE,Pipe1_AFEKF,Pipe5_Standard,Pipe5_Chen,Pipe5_EKF_LE,Pipe5_AFEKF
Full_Period,0.286635697801812,0.134918204515381,0.107328891380099,0.0734375159250107,13.1645426033026,3.65480912658822,2.68398187810245,2.47296012927928,50.7752601256578,4.48266054141966,2.87295101987636,1.35859895483985,3.92858562316202,3.86717004258495,0.824149517930029,0.996421515447072
Normal_0to6h_18to24h,0.102306311520648,0.103575877051978,0.102178228305889,0.0770483848745741,11.1134093878521,2.84993411453737,2.33813003568098,2.20969886155436,44.5538812819066,1.22453370347479,3.00877682595685,1.13762255952594,0.869620688247673,3.34254067692735,0.873197952579275,1.04050181227709
Leak_12to18h,0.472908987468367,0.18158739135467,0.117197635333545,0.067843388644067,16.3891505347045,4.92436291413945,3.31634185236195,2.98893666914693,60.7675837696823,7.53492208124458,2.54110477798205,1.70448100844635,6.6619221835595,4.786483371782,0.716232440543881,0.913576308810492
