Period,P_RMSE_Standard,P_RMSE_Chen,P_RMSE_EKF_LE,P_RMSE_AFEKF,M_RMSE_Standard,M_RMSE_Chen,M_RMSE_EKF_LE,M_RMSE_AFEKF,Pipe1_Standard,Pipe1_Chen,Pipe1_EKF_LE,Pipe1_AFEKF,Pipe5_Standard,Pipe5_Chen,Pipe5_EKF_LE,Pipe5_AFEKF
Full_Period,14.2376503396609,0.0630909680414623,0.0548142443494223,0.0551039206336947,111.676325994369,2.82789718165277,2.4634717280031,2.41967883614823,402.039503931639,1.91630087122369,2.00136558072058,1.00620412360154,35.1000556743054,2.28308125491684,0.810059569161675,0.777702013141848
Normal_0to6h_18to24h,0.0511483705531418,0.0511576701476635,0.0513573315256865,0.0519417293155326,89.7025961583885,2.30088593927708,2.33296761545778,2.30267757232568,326.253963211057,1.38942896280334,2.16505728393161,1.07549195539397,4.24653557261255,0.484894120264553,0.497820214064011,0.504065699219703
Leak_12to18h,30.0623158919458,0.0935777420181989,0.0654946184807856,0.0645145928847702,177.364236672827,3.86642065147603,2.42350431354865,2.30472381350553,633.483165466918,3.2115550417006,1.8803741227325,0.888085488737763,73.7465458506773,4.73776049125051,1.44592096575879,1.35561272224134
