Period,P_RMSE_Standard,P_RMSE_Chen,P_RMSE_EKF_LE,P_RMSE_AFEKF,M_RMSE_Standard,M_RMSE_Chen,M_RMSE_EKF_LE,M_RMSE_AFEKF,Pipe1_Standard,Pipe1_Chen,Pipe1_EKF_LE,Pipe1_AFEKF,Pipe5_Standard,Pipe5_Chen,Pipe5_EKF_LE,Pipe5_AFEKF
Full_Period,14.9955093334313,0.0645011793405663,0.06141603801077,0.0552943425254666,136.200902172173,3.11128906842454,2.79280173797958,2.73776567104933,479.24046822372,2.08145840116341,2.53998920471062,1.37806272678817,47.2665286483253,2.3139000505419,0.763975333185411,0.702039798958023
Normal_0to6h_18to24h,0.0542489550572031,0.0542572040592939,0.0541746400899405,0.0547072827586237,91.6557408794882,2.70381664447577,2.72956200856812,2.71044563974875,333.30036402978,1.66167099094097,2.37303652210737,1.38229671726838,8.81734652606907,0.585869562411115,0.593960253771949,0.611459855888146
Leak_12to18h,31.6625122402074,0.0937357172983322,0.0842697328121027,0.0606872676702664,239.792986623592,4.36926476933643,3.20105372060585,3.03301812541365,831.073850436832,3.25232883561568,3.36826874419607,1.48162762246444,98.6261595235133,4.77370567446905,1.11393710737986,0.847286361414407
