Period,P_RMSE_Standard,P_RMSE_Chen,P_RMSE_EKF_LE,P_RMSE_AFEKF,M_RMSE_Standard,M_RMSE_Chen,M_RMSE_EKF_LE,M_RMSE_AFEKF,Pipe1_Standard,Pipe1_Chen,Pipe1_EKF_LE,Pipe1_AFEKF,Pipe5_Standard,Pipe5_Chen,Pipe5_EKF_LE,Pipe5_AFEKF
Full_Period,12.4216114416344,0.0647242850807883,0.0529555132629148,0.0507700065672074,144.628311945939,2.37636286331053,1.81650040388185,1.71569716881344,545.54333141772,2.76992162352725,2.09483001998362,0.94449419710153,66.2446977661481,2.31698150754303,0.718841786928547,0.733748615738834
Normal_0to6h_18to24h,0.0513274904286482,0.0513314573947753,0.0516763740550531,0.051913472856802,94.4990540667997,1.55177350511095,1.62008516272309,1.52866097525479,338.594801936862,1.32815025290484,2.07447179067374,0.92535073302334,4.95663852821494,0.396383746527383,0.44336541093013,0.428761192097053
Leak_12to18h,26.2277724570139,0.098972657301478,0.0591833879264856,0.0488618314571109,257.809749960108,4.18824022271578,2.51681859166425,2.37685105346493,991.432611067961,5.34418983904658,2.53596478622897,1.10013210678719,139.609758345096,4.84124725706599,1.0823214729555,1.19020100883154
