Period,P_RMSE_Standard,P_RMSE_Chen,P_RMSE_EKF_LE,P_RMSE_AFEKF,M_RMSE_Standard,M_RMSE_Chen,M_RMSE_EKF_LE,M_RMSE_AFEKF,Pipe1_Standard,Pipe1_Chen,Pipe1_EKF_LE,Pipe1_AFEKF,Pipe5_Standard,Pipe5_Chen,Pipe5_EKF_LE,Pipe5_AFEKF
Full_Period,8.85180571438773,0.0620386793571489,0.0547999996855815,0.0541496944507594,127.877695655167,2.72658038714707,2.33093027541871,2.29061533568638,481.822874735673,1.79294303301483,1.97435453405758,1.17696092347347,25.1449888506731,2.26463854471975,0.84049621278639,0.844254798836251
Normal_0to6h_18to24h,0.0541697718169706,0.0541673672681285,0.0545052708070051,0.0546991963582617,83.754322505593,2.30769076653595,2.34159933776899,2.3105351230125,301.659776012901,1.27462211191531,1.9034523124413,1.17163166430791,7.12503331763257,0.434626106770303,0.442228401430849,0.441900066523874
Leak_12to18h,18.6901003691182,0.0816911969786116,0.0536149758362057,0.0493440552371719,227.726379204776,3.87496061374525,2.36270779102127,2.28044195180632,872.937860587027,3.02222482364826,2.47914726252705,1.31211149410396,51.6370346239662,4.71691274911936,1.52226150370087,1.53726884243881
