Period,P_RMSE_Standard,P_RMSE_Chen,P_RMSE_EKF_LE,P_RMSE_AFEKF,M_RMSE_Standard,M_RMSE_Chen,M_RMSE_EKF_LE,M_RMSE_AFEKF,Pipe1_Standard,Pipe1_Chen,Pipe1_EKF_LE,Pipe1_AFEKF,Pipe5_Standard,Pipe5_Chen,Pipe5_EKF_LE,Pipe5_AFEKF
Full_Period,5.99571340833878,0.069416074797428,0.0532868537299323,0.0516352220526386,124.090513143191,3.05651023475139,2.57316514385374,2.49866795766477,481.012272879261,2.96166923546951,2.18603417777794,1.22695947506686,52.7765983574509,2.38205374439794,0.816003598940447,0.735191558016619
Normal_0to6h_18to24h,0.0488498725204245,0.0488532972569804,0.0487350890901162,0.0492853084527329,86.5197230525111,2.29338259175563,2.3404638584397,2.28403612305295,312.961865045101,1.47077709852523,2.12995514862394,1.31024326453151,7.1192975338115,0.42287357090116,0.430329637943497,0.439560496070097
Leak_12to18h,12.6594737124523,0.11398245832396,0.0653408529297937,0.0574294196124684,214.913865863562,4.40151192728703,2.55363900311447,2.36402043342395,858.895205443726,5.64163212242161,2.62968573622854,0.868263148790146,110.7516827833,4.96751783057325,1.5064166709431,1.28770692797235
