Period,P_RMSE_Standard,P_RMSE_Chen,P_RMSE_EKF_LE,P_RMSE_AFEKF,M_RMSE_Standard,M_RMSE_Chen,M_RMSE_EKF_LE,M_RMSE_AFEKF,Pipe1_Standard,Pipe1_Chen,Pipe1_EKF_LE,Pipe1_AFEKF,Pipe5_Standard,Pipe5_Chen,Pipe5_EKF_LE,Pipe5_AFEKF
Full_Period,13.123443373516,0.0667066764690627,0.057152720923428,0.0555220703724123,138.376207975793,2.74720065094035,2.34964845825536,2.30237002700878,486.294888969818,1.72988945729283,1.94287152521282,1.05565039787294,22.2251420267827,2.3791240596704,0.997390421273978,0.864328460422773
Normal_0to6h_18to24h,0.0521505550022034,0.0521437384953896,0.0523377036358656,0.0528592880062999,89.6649330667294,2.33153344002994,2.35128718733446,2.3409998632474,319.80207288111,1.19197420391958,1.81708299791456,1.06246301739573,3.23006188109497,0.439259503137659,0.439401183725681,0.446445141809603
Leak_12to18h,27.7096827264088,0.104555523244675,0.0746294892413874,0.067362807137494,247.48287956809,4.06114442629877,2.66824904886943,2.50782588018181,864.57947479048,2.8680651213374,2.44628249447588,0.783681805549041,46.5919832400299,4.96083694934827,1.93420829599685,1.60975356700175
