Period,P_RMSE_Standard,P_RMSE_Chen,P_RMSE_EKF_LE,P_RMSE_AFEKF,M_RMSE_Standard,M_RMSE_Chen,M_RMSE_EKF_LE,M_RMSE_AFEKF,Pipe1_Standard,Pipe1_Chen,Pipe1_EKF_LE,Pipe1_AFEKF,Pipe5_Standard,Pipe5_Chen,Pipe5_EKF_LE,Pipe5_AFEKF
Full_Period,14.0478515665208,0.0647295921209568,0.0554131641878635,0.054136287026806,131.297967651769,2.63998474204249,2.18484493555816,2.1490059494689,423.374664169329,2.40230712574284,1.97817111024816,1.04996091941092,84.3977853476797,2.23299799801756,0.678295562137395,0.655952530321637
Normal_0to6h_18to24h,0.053200041824353,0.0532089706630293,0.0531851156490478,0.0539339156842736,88.542347339887,1.85909957197312,1.87921992006473,1.87387483833464,316.642794479644,1.26189530333172,1.88394591351263,1.11505791360497,4.07837293468024,0.437543923678623,0.483856807154821,0.45792826813944
Leak_12to18h,29.6615553759846,0.0976118832304671,0.0671814774478712,0.0602648568275224,230.945946275612,4.2497845102292,2.83166975999745,2.71774397534107,705.939643648783,4.55803888441603,2.57040698906392,1.0056402543153,178.063592184828,4.64871589399913,1.02871806754117,1.06175668462444
