Period,P_RMSE_Standard,P_RMSE_Chen,P_RMSE_EKF_LE,P_RMSE_AFEKF,M_RMSE_Standard,M_RMSE_Chen,M_RMSE_EKF_LE,M_RMSE_AFEKF,Pipe1_Standard,Pipe1_Chen,Pipe1_EKF_LE,Pipe1_AFEKF,Pipe5_Standard,Pipe5_Chen,Pipe5_EKF_LE,Pipe5_AFEKF
Full_Period,7.36112675209156,0.0677667053402752,0.0586204226338908,0.0569882169243999,112.202132161708,2.86186867897507,2.47835817659588,2.41193414779856,396.318911885211,2.42049223941318,2.10795749351688,1.15132262840574,22.6566711031669,2.38889500542344,0.934478423163242,0.836754388235421
Normal_0to6h_18to24h,0.0563817109407156,0.0563838478795083,0.0564083814243177,0.0569168863198162,95.9530099617732,2.47600622473726,2.52212296446941,2.45728855510801,341.970941466417,1.48723327181877,2.16412414151885,1.14025976145554,8.34137524791331,0.499636962439391,0.501745435039976,0.504591941365684
Leak_12to18h,15.5424884917026,0.0967310266937471,0.0649376947370434,0.0564204099276956,168.834577264091,4.1018896667281,2.64106835129929,2.54824434673462,591.12753771268,4.376068579842,2.32194340761353,1.28438783013241,45.6045727826533,4.96402889539694,1.74719842194204,1.50367441045979
