Period,P_RMSE_Standard,P_RMSE_Chen,P_RMSE_EKF_LE,P_RMSE_AFEKF,M_RMSE_Standard,M_RMSE_Chen,M_RMSE_EKF_LE,M_RMSE_AFEKF,Pipe1_Standard,Pipe1_Chen,Pipe1_EKF_LE,Pipe1_AFEKF,Pipe5_Standard,Pipe5_Chen,Pipe5_EKF_LE,Pipe5_AFEKF
Full_Period,14.2161823032927,0.0664059618632469,0.0589938746316358,0.0563467371104298,103.070274988439,2.56304306667579,2.13922392767218,2.05987131328855,369.521444983283,2.30455512866164,2.21617000901104,1.20436016839447,23.7362343748584,2.38318830234771,0.859732101272695,0.771184495802782
Normal_0to6h_18to24h,0.0545648912375903,0.0545384333990523,0.0545910421528011,0.0551145278592746,84.8118682637021,1.9034675519434,1.96199907447706,1.88946440910749,304.533256114293,1.49096097578051,2.22045620317156,1.25365023320618,7.35895776624255,0.444295759070211,0.446830719361505,0.454858253475376
Leak_12to18h,30.0169723138294,0.0992964130200453,0.0752972701372391,0.0641506519544543,160.570612689858,4.17935885246959,2.80991874470485,2.69133355087615,574.931528006783,4.08470208644823,2.60833041785684,1.20204217954631,48.4700248674587,4.96781064956185,1.61468674594301,1.37777595000794
