Period,P_RMSE_Standard,P_RMSE_Chen,P_RMSE_EKF_LE,P_RMSE_AFEKF,M_RMSE_Standard,M_RMSE_Chen,M_RMSE_EKF_LE,M_RMSE_AFEKF,Pipe1_Standard,Pipe1_Chen,Pipe1_EKF_LE,Pipe1_AFEKF,Pipe5_Standard,Pipe5_Chen,Pipe5_EKF_LE,Pipe5_AFEKF
Full_Period,20.4806589035056,0.0683839151361564,0.0570440062686499,0.0547135623090664,158.197798915917,2.72713801641172,2.28342630510768,2.20195663221461,579.132844699861,2.78811898285805,2.33677673042031,1.13803124649703,41.3898414878494,2.26634306741198,0.690721516072817,0.69086739101992
Normal_0to6h_18to24h,0.0529664973975156,0.0529463508444477,0.0543811573931346,0.0554003369480613,89.7324904240911,1.87684057764164,1.94768685881643,1.84838937970107,323.74701704059,1.49816244522246,2.26289714792688,1.13627290940938,8.74880580633037,0.393823917319047,0.386443956728946,0.395606450483242
Leak_12to18h,43.2443191922732,0.104987815456305,0.0661143902358061,0.0531176769535645,295.660316671776,4.08528579270553,2.44110470899411,2.33687030209041,1086.67601569383,5.22830485737232,2.85791545774079,1.0311363055885,86.0693334897976,4.73102216082031,1.23765944795952,1.23700608776391
