Period,P_RMSE_Standard,P_RMSE_Chen,P_RMSE_EKF_LE,P_RMSE_AFEKF,M_RMSE_Standard,M_RMSE_Chen,M_RMSE_EKF_LE,M_RMSE_AFEKF,Pipe1_Standard,Pipe1_Chen,Pipe1_EKF_LE,Pipe1_AFEKF,Pipe5_Standard,Pipe5_Chen,Pipe5_EKF_LE,Pipe5_AFEKF
Full_Period,15.4343789186801,0.0643788248790563,0.0567895363496649,0.0553534291439652,116.233879904726,2.69131209352577,2.29065380073405,2.23730965966141,404.047291189123,2.07500712645046,2.26217281025449,1.14014057830604,14.486262313405,2.28596892973647,0.934358158134546,0.948914857390812
Normal_0to6h_18to24h,0.0517980146415236,0.0517996144570855,0.0536913792619173,0.0543220812404057,95.3871521100917,1.64604359172457,1.69517819713289,1.63923526407956,342.822199414953,1.43480369917737,2.17195323426702,1.09412992259277,6.29367967626588,0.498277549041472,0.498059863637981,0.50815190005142
Leak_12to18h,32.5891918185139,0.0972041523405376,0.068846617369199,0.0618421139262682,181.470983913879,4.28160885000231,2.99794741451721,2.90621710271439,612.584704036972,3.50000679966694,2.82426390217859,1.22208263962789,28.5761231902998,4.74204954461259,1.71930514375854,1.7462011264585
