Period,P_RMSE_Standard,P_RMSE_Chen,P_RMSE_EKF_LE,P_RMSE_AFEKF,M_RMSE_Standard,M_RMSE_Chen,M_RMSE_EKF_LE,M_RMSE_AFEKF,Pipe1_Standard,Pipe1_Chen,Pipe1_EKF_LE,Pipe1_AFEKF,Pipe5_Standard,Pipe5_Chen,Pipe5_EKF_LE,Pipe5_AFEKF
Full_Period,5.02503365251791,0.0646346231629239,0.0571498938355889,0.0562246265864885,116.608243039975,3.25169654312239,2.8811819686896,2.86478881917733,439.066463946947,2.57391177398693,2.14605101154384,1.28126707220753,11.3346844819365,2.35449990250111,1.10957202129943,1.05372419387032
Normal_0to6h_18to24h,0.0532445607972405,0.0532537781988543,0.053724330545632,0.054159733494959,89.1767935769459,2.58279485511271,2.60023581256486,2.5926499678364,315.492996913579,1.23432734871866,1.86518896786723,0.986103239896394,7.76993374600734,0.548855514307828,0.557284357782867,0.56247781789822
Leak_12to18h,10.6097391107933,0.0890768547972467,0.0618823559628077,0.0554843627795179,191.720991921848,4.41599363353096,3.0046273602818,2.94254256309345,748.909403507925,4.80739238692742,2.85973812962023,1.38929961556306,19.7877153808623,4.86987098901315,2.10621656950853,1.96746193864943
