Period,P_RMSE_Standard,P_RMSE_Chen,P_RMSE_EKF_LE,P_RMSE_AFEKF,M_RMSE_Standard,M_RMSE_Chen,M_RMSE_EKF_LE,M_RMSE_AFEKF,Pipe1_Standard,Pipe1_Chen,Pipe1_EKF_LE,Pipe1_AFEKF,Pipe5_Standard,Pipe5_Chen,Pipe5_EKF_LE,Pipe5_AFEKF
Full_Period,21.8824223649518,0.0637313130048951,0.054622593229172,0.0545412918733544,116.295120109656,2.61395819429387,2.22678326192881,2.15088364861721,375.338331001156,1.84214209954744,1.98364381186822,1.13226503476995,24.1703967339728,2.36491760313133,0.775815169535317,0.732145359492841
Normal_0to6h_18to24h,0.0525220807999542,0.0525191630655978,0.0523091692067041,0.052960972919489,85.5233217008555,2.11653864474349,2.15790913590004,2.11215404476539,308.695569044563,1.26623329146127,1.93749100729965,1.11219366147234,4.6239737065283,0.427791741679582,0.477852684371472,0.497307186259063
Leak_12to18h,46.2041198698216,0.09295295372958,0.0628101083353292,0.0604977957171401,195.835348295968,3.77568870946195,2.30670760489365,2.09979760433901,584.983697544115,3.18777652890088,2.47818641308202,1.36303360394638,50.4014728603063,4.93185860184215,1.27057218716676,1.08950691377546
