Period,P_RMSE_Standard,P_RMSE_Chen,P_RMSE_EKF_LE,P_RMSE_AFEKF,M_RMSE_Standard,M_RMSE_Chen,M_RMSE_EKF_LE,M_RMSE_AFEKF,Pipe1_Standard,Pipe1_Chen,Pipe1_EKF_LE,Pipe1_AFEKF,Pipe5_Standard,Pipe5_Chen,Pipe5_EKF_LE,Pipe5_AFEKF
Full_Period,16.8116335882038,0.0637608155903855,0.0561129252312067,0.054551308623129,123.711973622052,2.74393304003499,2.30223533492149,2.26718809743617,415.652386944838,1.93622846325906,1.78562494034775,1.11524817744668,36.9829825028547,2.41240221743872,0.94236067337266,0.746982520053987
Normal_0to6h_18to24h,0.0542873492607028,0.054278256936435,0.0542894725781734,0.0548017255047888,87.6085556832664,2.36495478166805,2.38452303275532,2.3753277696327,314.971913419642,1.14152103285755,1.68702069414323,1.18861849186813,6.61768854277857,0.428436187066068,0.43413913116189,0.435970125319706
Leak_12to18h,35.4972201665393,0.0862753903222523,0.0585904436843306,0.0497824156103188,212.615246624285,3.83061637697394,2.0996651809831,1.94858342745853,687.480915146924,3.49291320244086,2.27457753059673,0.897138993963265,77.2417525845308,5.03093944218392,1.77748870485251,1.19889607334764
