Period,P_RMSE_Standard,P_RMSE_Chen,P_RMSE_EKF_LE,P_RMSE_AFEKF,M_RMSE_Standard,M_RMSE_Chen,M_RMSE_EKF_LE,M_RMSE_AFEKF,Pipe1_Standard,Pipe1_Chen,Pipe1_EKF_LE,Pipe1_AFEKF,Pipe5_Standard,Pipe5_Chen,Pipe5_EKF_LE,Pipe5_AFEKF
Full_Period,10.2246930040853,0.0697210461435567,0.0553950188536974,0.0552711295030725,111.966708339157,2.68634519017621,2.08112265222235,2.01255644800338,381.041015608278,3.22259929023241,2.09928499290954,1.27286702549359,22.8596119173213,2.46839034753119,0.995593368367846,0.997449979889518
Normal_0to6h_18to24h,0.0515378597566514,0.0515296600926571,0.05179732371989,0.0523256173870485,85.5741149601673,1.74361432936622,1.785487615955,1.73927140789776,306.333146064207,1.25631103507673,1.8523695089877,1.15393285326787,7.84024881400007,0.552915197509753,0.5467036501629,0.560077134590097
Leak_12to18h,21.5889855245398,0.111097785005813,0.065761755372014,0.0639673717310728,184.1748424808,4.48763714243354,2.61372951768339,2.46664813430503,604.80944860579,6.35998447637485,2.90297265713488,1.51225071850128,46.3174443572135,5.11827667828958,1.85932106354059,1.85388074141185
