Period,P_RMSE_Standard,P_RMSE_Chen,P_RMSE_EKF_LE,P_RMSE_AFEKF,M_RMSE_Standard,M_RMSE_Chen,M_RMSE_EKF_LE,M_RMSE_AFEKF,Pipe1_Standard,Pipe1_Chen,Pipe1_EKF_LE,Pipe1_AFEKF,Pipe5_Standard,Pipe5_Chen,Pipe5_EKF_LE,Pipe5_AFEKF
Full_Period,11.382472154823,0.0651106522825916,0.0524366482030322,0.0525645615100844,125.209793447166,2.56531518388973,1.93696541712053,1.87820086650447,450.413774980759,3.00896831263954,1.97293847237042,1.19300466308352,18.1669684361653,2.36780790044713,0.841912188082849,0.626209003000357
Normal_0to6h_18to24h,0.0466594253571763,0.0466635296161661,0.0477944858040518,0.0488653466147988,85.2551201615953,1.63258988475908,1.67089692971464,1.63842090682018,308.47757907591,1.32475684083444,2.01772635061121,1.1306967668512,3.73524273636172,0.388077076941376,0.39536086656673,0.398635196527272
Leak_12to18h,24.0336471497405,0.101790980844805,0.0588428167453961,0.0562931927053121,219.290919875948,4.43259023681779,2.58860675618024,2.45167047755508,786.764100034681,5.86067506669576,2.15635505471567,1.42324401262417,37.8085730305541,4.94976630493873,1.61266276404514,1.06702893776868
