Period,P_RMSE_Standard,P_RMSE_Chen,P_RMSE_EKF_LE,P_RMSE_AFEKF,M_RMSE_Standard,M_RMSE_Chen,M_RMSE_EKF_LE,M_RMSE_AFEKF,Pipe1_Standard,Pipe1_Chen,Pipe1_EKF_LE,Pipe1_AFEKF,Pipe5_Standard,Pipe5_Chen,Pipe5_EKF_LE,Pipe5_AFEKF
Full_Period,10.987942389546,0.062658917575006,0.0564453330206967,0.0549512679004429,104.869377887954,3.56199793571298,3.27395066819042,3.21430267141839,317.559231253259,2.4592976657249,2.5485084786576,1.56547020363956,24.4619685662217,2.32702626345753,0.873317927308815,0.732514647292104
Normal_0to6h_18to24h,0.0532598907554345,0.053253689916512,0.0533728786930878,0.0538925920362868,98.6394286288403,3.14840994854635,3.18936356885392,3.13799285163208,355.852975305965,2.02590848428687,2.66820741358084,1.70882802257005,6.03694988897884,0.408805687149211,0.407087437449325,0.423491648655265
Leak_12to18h,23.2005653198927,0.0872349731659199,0.0635124011332431,0.0555355037504442,140.833288791447,4.3937959869938,3.11941737159241,2.99081932639168,264.008068002139,3.71732197114519,2.56223103185533,1.04658389137536,50.5804867345927,4.85018678224271,1.6740194964173,1.31497467544064
