Period,P_RMSE_Standard,P_RMSE_Chen,P_RMSE_EKF_LE,P_RMSE_AFEKF,M_RMSE_Standard,M_RMSE_Chen,M_RMSE_EKF_LE,M_RMSE_AFEKF,Pipe1_Standard,Pipe1_Chen,Pipe1_EKF_LE,Pipe1_AFEKF,Pipe5_Standard,Pipe5_Chen,Pipe5_EKF_LE,Pipe5_AFEKF
Full_Period,7.4630693771519,0.0725071037285875,0.0581853938190972,0.0564422743820058,112.386480185994,3.19474379149863,2.86014050433413,2.77955026813025,365.560496444226,2.59635846195976,2.28099630747954,1.35359325657169,29.1978859896972,2.24872721683789,0.866947518138233,0.700175590401086
Normal_0to6h_18to24h,0.0523826093310799,0.0523789678641572,0.0529681338921288,0.0532664819313096,84.5674632906028,2.34481623043421,2.38928092443132,2.33621094943141,300.59582115901,1.32637686070173,1.97355534501976,1.19283569671183,6.66648080748712,0.378954891759422,0.399051347998727,0.409450250042029
Leak_12to18h,15.757795967459,0.118135481882688,0.0742975331200878,0.0668644832033482,186.677694659101,4.54093370055133,3.30348637468123,3.09831613455806,569.833779349804,4.70737382890867,2.9356682873489,0.958836159132539,60.5580587250466,4.69134838772324,1.58308836481091,1.07607863656377
