Period,P_RMSE_Standard,P_RMSE_Chen,P_RMSE_EKF_LE,P_RMSE_AFEKF,M_RMSE_Standard,M_RMSE_Chen,M_RMSE_EKF_LE,M_RMSE_AFEKF,Pipe1_Standard,Pipe1_Chen,Pipe1_EKF_LE,Pipe1_AFEKF,Pipe5_Standard,Pipe5_Chen,Pipe5_EKF_LE,Pipe5_AFEKF
Full_Period,4.95693502452238,0.0734708445729201,0.0599847108034064,0.0570461396483083,120.402366685415,2.70474631344287,2.17830080294661,2.12551730961282,458.51968422553,2.73480632661487,2.20055192936466,1.34820368316018,12.7784628514491,2.2681904925141,0.757643102990028,0.7265268841641
Normal_0to6h_18to24h,0.054659148211007,0.0546469123166431,0.0546359015667679,0.055134879007347,97.9897318560538,1.98745352567045,2.01994128255493,1.990852049828,352.416929575875,1.43834085122316,2.01268708899724,1.32072907020723,5.7779448641681,0.416157885557684,0.420826075740715,0.4185324624428
Leak_12to18h,10.4659616855031,0.117450953583046,0.076873879277613,0.063841097118907,189.273129734674,4.45155618910138,2.8088842174821,2.69176383380387,751.483483204268,5.14006474522911,2.91924819185775,1.38408741445394,25.0537285748974,4.73145533089791,1.29409117075131,1.24526075183629
