Period,P_RMSE_Standard,P_RMSE_Chen,P_RMSE_EKF_LE,P_RMSE_AFEKF,M_RMSE_Standard,M_RMSE_Chen,M_RMSE_EKF_LE,M_RMSE_AFEKF,Pipe1_Standard,Pipe1_Chen,Pipe1_EKF_LE,Pipe1_AFEKF,Pipe5_Standard,Pipe5_Chen,Pipe5_EKF_LE,Pipe5_AFEKF
Full_Period,5.38134063485699,0.0710253619721972,0.0626965315368253,0.059839444734296,103.919930159574,2.73463251561296,2.31292771272008,2.25655069258946,334.447979257187,2.6478760493587,2.36065683976139,1.34241691147692,18.1973022960537,2.25279375944271,0.838896009334784,0.83016430329046
Normal_0to6h_18to24h,0.0556611739915342,0.0556603448033703,0.0560494219538709,0.0564450088800791,84.6951978333414,1.73380447310224,1.79146255660682,1.72181428038594,307.093001685094,1.58394914567468,2.26597527305914,1.37042381059952,7.26514160267557,0.506925320885744,0.511567988787071,0.507991702962483
Leak_12to18h,11.3620587341894,0.103782570928231,0.0749112043847179,0.0625080694341949,163.162571165904,4.3668829368866,2.99294395264772,2.92174692631063,464.510627971412,4.82975240029974,2.99552202629692,1.38927218255436,36.3024762740753,4.66276675670213,1.47979356707873,1.46289303507528
