Period,P_RMSE_Standard,P_RMSE_Chen,P_RMSE_EKF_LE,P_RMSE_AFEKF,M_RMSE_Standard,M_RMSE_Chen,M_RMSE_EKF_LE,M_RMSE_AFEKF,Pipe1_Standard,Pipe1_Chen,Pipe1_EKF_LE,Pipe1_AFEKF,Pipe5_Standard,Pipe5_Chen,Pipe5_EKF_LE,Pipe5_AFEKF
Full_Period,12.3591749907398,0.0659050421207155,0.0580461405067637,0.0561652215520212,129.660002667422,2.95421630929323,2.58251530773357,2.49771618777467,447.877618976938,2.30159809962599,2.14677315409554,1.06011001887226,66.4609193471659,2.37124934415152,0.620551568369681,0.706547682132515
Normal_0to6h_18to24h,0.0539457528287584,0.0539454673033504,0.0545263014797448,0.0550478776876864,92.9533096501534,2.53188598463939,2.58409439749308,2.52927115453418,331.349783648693,1.28975052411223,1.94293943144632,1.06925459663033,8.35202181901988,0.464784856826893,0.556113966684194,0.490070717791401
Leak_12to18h,26.0959112347273,0.0951498722995057,0.0658809652276132,0.0575890406394853,221.422435137146,4.03702362191478,2.50802484319186,2.28642791461902,751.62358379088,4.2713955734924,2.97126121614146,1.10042986513772,139.582678363864,4.93221062679449,0.688436379225979,1.16899721829767
