Period,P_RMSE_Standard,P_RMSE_Chen,P_RMSE_EKF_LE,P_RMSE_AFEKF,M_RMSE_Standard,M_RMSE_Chen,M_RMSE_EKF_LE,M_RMSE_AFEKF,Pipe1_Standard,Pipe1_Chen,Pipe1_EKF_LE,Pipe1_AFEKF,Pipe5_Standard,Pipe5_Chen,Pipe5_EKF_LE,Pipe5_AFEKF
Full_Period,6.14294843975938,0.0636823856564301,0.0559106726949736,0.0530223333070053,110.654206110582,2.55689482992251,2.1485246466231,2.06571325001218,372.419702228082,2.1867388840424,2.1267763347919,1.07071751630102,18.948147125504,2.20573418105621,0.686571121018361,0.744480789869524
Normal_0to6h_18to24h,0.0511030002260569,0.051102096419732,0.0511527096433603,0.0517318520698484,92.6419379809015,2.03133294494702,2.06956471314426,2.02951166183284,332.135202449894,1.4241037362024,2.11032648351815,1.14565867344207,8.56853944289174,0.432955586959008,0.44091366100562,0.437514590038192
Leak_12to18h,12.970343576745,0.0952248469131413,0.0690082779735532,0.0568716127129131,169.822536978772,3.82930707397399,2.36335836177359,2.13157634317262,536.109419833594,3.8715012089816,2.56302256222444,0.963706133567767,37.1528542333454,4.59009016804998,1.1427905585027,1.33388765618767
