Period,P_RMSE_Standard,P_RMSE_Chen,P_RMSE_EKF_LE,P_RMSE_AFEKF,M_RMSE_Standard,M_RMSE_Chen,M_RMSE_EKF_LE,M_RMSE_AFEKF,Pipe1_Standard,Pipe1_Chen,Pipe1_EKF_LE,Pipe1_AFEKF,Pipe5_Standard,Pipe5_Chen,Pipe5_EKF_LE,Pipe5_AFEKF
Full_Period,12.7432545003103,0.0627479885842103,0.0567352251130966,0.0545301827367456,110.927518898777,2.55605343827024,2.1615171867995,2.07962071326874,409.904911675198,2.15028042268718,2.18058296469338,1.26572711667265,32.3543385492074,2.27584636459707,0.682245269482099,0.647247152616454
Normal_0to6h_18to24h,0.0536626736991077,0.0536452705861197,0.0539733453042587,0.0543546043402922,91.2986022438228,2.03927479361415,2.08763192882486,2.02650759762371,327.803806067134,1.43735986863759,2.09558283005168,1.18441111746236,7.56531751874071,0.423599291637438,0.415612330951202,0.42482825029379
Leak_12to18h,26.9069075790277,0.0894706861229667,0.0682612453437021,0.0592823691490222,172.777427267203,3.94294670089045,2.57790642400278,2.42522841926809,653.246515265338,3.56727410536644,2.59283533506373,1.2834631538338,67.0461236325967,4.7431213502749,1.20207095468916,1.10130454790379
