Period,P_RMSE_Standard,P_RMSE_Chen,P_RMSE_EKF_LE,P_RMSE_AFEKF,M_RMSE_Standard,M_RMSE_Chen,M_RMSE_EKF_LE,M_RMSE_AFEKF,Pipe1_Standard,Pipe1_Chen,Pipe1_EKF_LE,Pipe1_AFEKF,Pipe5_Standard,Pipe5_Chen,Pipe5_EKF_LE,Pipe5_AFEKF
Full_Period,15.8351444142072,0.0605869650349085,0.0521230929966317,0.0505561586420775,139.021396650985,2.7456148549445,2.35865653643358,2.28992497933122,502.893979837574,2.07475561882138,2.08407528131177,0.957134861568751,65.7464500084543,2.26680134357012,0.855863437293843,0.797817245267249
Normal_0to6h_18to24h,0.0489622561526418,0.0489476440222251,0.0490264139290502,0.0495707629281795,94.5171722863887,2.35263899049849,2.38264111858167,2.33690477656824,336.707146055886,1.52042341633663,1.99726945701262,1.02581907861816,6.26674252744131,0.479737192554341,0.48581578804091,0.488910984227768
Leak_12to18h,33.4354155624403,0.0909493451701302,0.0633166472106159,0.0556552148963126,243.648108673247,3.98804795827326,2.57838133151633,2.42498688352633,887.359905636512,3.46065754778256,2.65897079109983,0.766506084317547,138.396801852722,4.70970452967019,1.55790697442751,1.4239238994177
