Period,P_RMSE_Standard,P_RMSE_Chen,P_RMSE_EKF_LE,P_RMSE_AFEKF,M_RMSE_Standard,M_RMSE_Chen,M_RMSE_EKF_LE,M_RMSE_AFEKF,Pipe1_Standard,Pipe1_Chen,Pipe1_EKF_LE,Pipe1_AFEKF,Pipe5_Standard,Pipe5_Chen,Pipe5_EKF_LE,Pipe5_AFEKF
Full_Period,11.3763290012141,0.0653294061053559,0.0581702448659217,0.0548798402390545,109.295889154686,2.88222225250014,2.47965844255099,2.39798096420284,349.955314414878,2.21793925083484,2.26543883232225,1.27823442632906,45.7592931020014,2.45671381272644,0.91355356776321,0.778472546110577
Normal_0to6h_18to24h,0.0535762304611679,0.0535360498195014,0.0540548429675243,0.0543895292673176,86.3735017766726,2.19616984958096,2.25266052104211,2.17968219502096,310.868284577461,1.52295639159364,2.23023229150431,1.26037352168366,7.05068583452822,0.544962390587658,0.547184845919923,0.569481983145864
Leak_12to18h,24.0206441571582,0.0951958413191188,0.0702850631362271,0.0562799513458733,175.711628400222,4.57491297567187,3.23823135721669,3.11249537547884,506.051579824904,3.81472149645688,2.70268644321069,1.3663274784293,95.8442357703539,5.09494277413311,1.64788318864085,1.2474213388109
