Period,P_RMSE_Standard,P_RMSE_Chen,P_RMSE_EKF_LE,P_RMSE_AFEKF,M_RMSE_Standard,M_RMSE_Chen,M_RMSE_EKF_LE,M_RMSE_AFEKF,Pipe1_Standard,Pipe1_Chen,Pipe1_EKF_LE,Pipe1_AFEKF,Pipe5_Standard,Pipe5_Chen,Pipe5_EKF_LE,Pipe5_AFEKF
Full_Period,17.4629673038888,0.0637323402914367,0.0561027730042275,0.0548500942368154,106.743214612333,2.81891821132402,2.44391241555616,2.35938741203631,373.243300482366,1.93339188712444,2.06607584929402,0.979604032650125,35.366197646034,2.29416021271559,0.770037729409321,0.779477997446646
Normal_0to6h_18to24h,0.0527320004590559,0.0527209305613514,0.0534153876746111,0.0539767454765268,91.7489611292624,2.19683358854515,2.26596566004146,2.17176741431412,332.752372071777,1.2745997730558,2.08485872722283,0.975254126293764,4.59321463170335,0.390194572202205,0.414088417486831,0.41566158960687
Leak_12to18h,36.872520302454,0.0938789408722112,0.067002852715037,0.0603718210692838,159.820436496581,4.29211010763733,2.94502457704628,2.84485048365938,537.512637367621,3.32527914236853,2.32961163200105,0.90901314666697,74.2490353999952,4.79121503117925,1.36728145274021,1.39529588466628
