Period,P_RMSE_Standard,P_RMSE_Chen,P_RMSE_EKF_LE,P_RMSE_AFEKF,M_RMSE_Standard,M_RMSE_Chen,M_RMSE_EKF_LE,M_RMSE_AFEKF,Pipe1_Standard,Pipe1_Chen,Pipe1_EKF_LE,Pipe1_AFEKF,Pipe5_Standard,Pipe5_Chen,Pipe5_EKF_LE,Pipe5_AFEKF
Full_Period,10.3510314336828,0.0706560322122803,0.0571829489332751,0.0571066826922327,120.1068261375,2.81802958130368,2.34645059412683,2.27191175416258,437.846922426513,2.65250726113504,2.09991534721226,1.224736174902,60.8430734929538,2.2952319407652,0.891350804038826,0.915560226479516
Normal_0to6h_18to24h,0.0545674814041333,0.0545702576528069,0.0547579592697363,0.0552077253308384,90.1519626557918,2.34019759491433,2.38379485212508,2.32933570830391,323.529912493127,1.53353451487501,2.23520428537742,1.2057384619384,7.54995663484025,0.447259266644401,0.451976088187083,0.451783537329432
Leak_12to18h,21.8557276450821,0.109873890648273,0.0658249325655725,0.0638817527237798,199.82859622993,4.26977767446949,2.59411285227374,2.44125806027997,735.317413822069,4.89180113441229,2.11211200901221,1.44983680362806,127.800890816444,4.77765301272008,1.67744533399793,1.72620520756044
