Period,P_RMSE_Standard,P_RMSE_Chen,P_RMSE_EKF_LE,P_RMSE_AFEKF,M_RMSE_Standard,M_RMSE_Chen,M_RMSE_EKF_LE,M_RMSE_AFEKF,Pipe1_Standard,Pipe1_Chen,Pipe1_EKF_LE,Pipe1_AFEKF,Pipe5_Standard,Pipe5_Chen,Pipe5_EKF_LE,Pipe5_AFEKF
Full_Period,14.8207286650334,0.0687833186837362,0.0584663263353267,0.0560912184584726,138.729195681643,2.70140057130005,2.29531301418491,2.24162756565191,478.668321797147,1.79746351357616,2.01935709556039,1.24036231287498,77.1131341047216,2.2320274341319,0.937721692784911,0.872709641087549
Normal_0to6h_18to24h,0.0546793110882073,0.0546785026275923,0.0552665947029606,0.0557827744065276,85.2612284181703,2.10458417632471,2.14761413777775,2.09851296210035,307.094432662317,1.23997423240882,1.91583989447831,1.07644176134283,4.55037809068124,0.502036704613641,0.505265972565421,0.501750244990382
Leak_12to18h,31.2934518727131,0.102116976220416,0.0668879671956012,0.0550695940552232,252.971269861393,4.24321563604584,2.89802887887323,2.81768358004164,859.410507401534,3.0086305143236,2.49681659862888,1.557522971812,162.631450763327,4.62619990403472,1.74753716044414,1.59677736525971
