Period,P_RMSE_Standard,P_RMSE_Chen,P_RMSE_EKF_LE,P_RMSE_AFEKF,M_RMSE_Standard,M_RMSE_Chen,M_RMSE_EKF_LE,M_RMSE_AFEKF,Pipe1_Standard,Pipe1_Chen,Pipe1_EKF_LE,Pipe1_AFEKF,Pipe5_Standard,Pipe5_Chen,Pipe5_EKF_LE,Pipe5_AFEKF
Full_Period,19.448598218748,0.0667099222970233,0.0566860437179598,0.0539586296562098,156.876079253819,3.05433704366909,2.69018696117645,2.61929891856692,564.710087242086,2.51790520534965,2.2911945806584,1.26411001837648,79.9596086022646,2.21794963704674,0.925502447297443,1.01984602810245
Normal_0to6h_18to24h,0.0493098362155148,0.049311550543547,0.0492884167608843,0.0499671459947254,88.2147131931936,2.33768255231531,2.38421427998506,2.32440313411187,316.162763392829,1.66520639854368,2.40532815219498,1.27503186676526,5.27498459888051,0.454499971875537,0.449355417683668,0.46769244447539
Leak_12to18h,41.0651531162173,0.105390021277036,0.075083107334702,0.0633382232990784,293.885014531811,4.36942609151014,3.01421471017184,2.87017938213839,1059.18576179858,4.45374886681066,2.43710924955227,1.46037261557601,168.585116545171,4.60918770876595,1.75943635785443,1.9663399382051
