Period,P_RMSE_Standard,P_RMSE_Chen,P_RMSE_EKF_LE,P_RMSE_AFEKF,M_RMSE_Standard,M_RMSE_Chen,M_RMSE_EKF_LE,M_RMSE_AFEKF,Pipe1_Standard,Pipe1_Chen,Pipe1_EKF_LE,Pipe1_AFEKF,Pipe5_Standard,Pipe5_Chen,Pipe5_EKF_LE,Pipe5_AFEKF
Full_Period,11.4818377997239,0.067273437490656,0.0581847033518918,0.0562834660109951,145.505445232906,2.97568507546542,2.5573017597323,2.53079647147132,553.824752213896,2.41110755374239,1.87776922530068,1.11888613095262,47.4790036112449,2.24523954649739,0.814636579501375,0.804130673257344
Normal_0to6h_18to24h,0.0553965831044299,0.055393317158194,0.0565505776516966,0.0575439524543801,93.7832577067508,2.50631416487136,2.53334174734896,2.51162858548609,337.404336427768,1.24115098843295,1.83184301316742,1.22818108164219,4.63417503671915,0.428161388708172,0.449834873845013,0.454811507182309
Leak_12to18h,24.2434145531542,0.0981305732259894,0.064790379963364,0.0535348937292287,260.774601323389,4.3373539218559,2.84119092336549,2.79221454279446,1012.88844358076,4.58562148836642,2.32056258049032,0.895250389884064,99.9283600649541,4.67490094712214,1.49201085158011,1.46190290161532
