Period,P_RMSE_Standard,P_RMSE_Chen,P_RMSE_EKF_LE,P_RMSE_AFEKF,M_RMSE_Standard,M_RMSE_Chen,M_RMSE_EKF_LE,M_RMSE_AFEKF,Pipe1_Standard,Pipe1_Chen,Pipe1_EKF_LE,Pipe1_AFEKF,Pipe5_Standard,Pipe5_Chen,Pipe5_EKF_LE,Pipe5_AFEKF
Full_Period,13.1193795253272,0.0710983620045485,0.0642897092821596,0.0604765876430009,109.601409308097,3.21574350405184,2.83517846597552,2.78036258282732,401.898573403924,2.31528545602088,2.06893799021431,1.18855687425679,14.6582045187283,2.38015624575679,0.745470795821368,0.700702208551348
Normal_0to6h_18to24h,0.0610200912745744,0.0609935621156987,0.0611275226108306,0.0608887301907119,92.382245744077,2.50998652992983,2.54792289706179,2.49432762918652,331.427257314436,1.38255938996141,2.03942331451035,1.12480319004553,3.66990935738178,0.523793316374999,0.521630120517587,0.503463912413242
Leak_12to18h,27.7010375184169,0.100018471562363,0.0764539842669063,0.0629943451141984,167.174512616991,4.72213337611452,3.37932178484059,3.30189660071634,624.970301036833,4.10970849054488,2.324152514378,1.15040860050578,30.288121844918,4.93453755676693,1.22997540497307,1.13037831363304
