Period,P_RMSE_Standard,P_RMSE_Chen,P_RMSE_EKF_LE,P_RMSE_AFEKF,M_RMSE_Standard,M_RMSE_Chen,M_RMSE_EKF_LE,M_RMSE_AFEKF,Pipe1_Standard,Pipe1_Chen,Pipe1_EKF_LE,Pipe1_AFEKF,Pipe5_Standard,Pipe5_Chen,Pipe5_EKF_LE,Pipe5_AFEKF
Full_Period,28.2010111488013,0.0846209281209675,0.0569995279563373,0.0562206836094149,170.956787830949,3.08912035813382,2.54914864725985,2.49646659575619,546.2595571176,3.56058593676083,2.05536070454052,1.12466252809308,30.4395550895069,2.33556385798592,1.03668100419267,1.0246180080039
Normal_0to6h_18to24h,0.0541954131366738,0.054188840621319,0.0549351893911201,0.0553330995713357,90.4782491308488,2.3399403327546,2.38102052203338,2.3368050835172,322.551813607007,1.18247367513081,1.810431069113,1.0437981600056,4.52049847953138,0.469557111529499,0.475458493558149,0.480902738632881
Leak_12to18h,59.5456878988738,0.146890690475945,0.0625212448749571,0.0579009350753203,325.173246154468,4.74030210573801,2.87080599360083,2.76924076964762,1009.08129839402,7.20468620523285,2.92034061781155,1.38157864376328,63.7916536751506,4.85395659806257,1.96679430983156,1.92356659048623
