Period,P_RMSE_Standard,P_RMSE_Chen,P_RMSE_EKF_LE,P_RMSE_AFEKF,M_RMSE_Standard,M_RMSE_Chen,M_RMSE_EKF_LE,M_RMSE_AFEKF,Pipe1_Standard,Pipe1_Chen,Pipe1_EKF_LE,Pipe1_AFEKF,Pipe5_Standard,Pipe5_Chen,Pipe5_EKF_LE,Pipe5_AFEKF
Full_Period,10.5033453707352,0.0723627296422864,0.059174957651609,0.0562976496237535,129.88410491135,2.63663493998454,2.11864191197223,2.04242153822653,444.430861270087,2.95598042341843,2.0718076017291,1.04895084618223,65.6546094711715,2.40038333084813,1.03313157698757,0.987805549978769
Normal_0to6h_18to24h,0.0560048126962299,0.0560024548017793,0.0560141826670385,0.0565820603538409,93.377039981802,1.71268911296972,1.77239067093585,1.69368841185734,333.886646877253,1.23399379949652,1.94093294640572,0.961064239892129,8.57162114417674,0.524005357147715,0.529472351477148,0.53345533176024
Leak_12to18h,22.1773376425942,0.114193532782502,0.0736567202080098,0.0608882059517414,221.476038211055,4.48160958420565,2.91510855885569,2.81008476371499,739.028525534333,5.80865277384701,2.70851750562368,1.2599063927227,137.830569064352,4.98447661068257,1.95255199541193,1.84137047320757
