Period,P_RMSE_Standard,P_RMSE_Chen,P_RMSE_EKF_LE,P_RMSE_AFEKF,M_RMSE_Standard,M_RMSE_Chen,M_RMSE_EKF_LE,M_RMSE_AFEKF,Pipe1_Standard,Pipe1_Chen,Pipe1_EKF_LE,Pipe1_AFEKF,Pipe5_Standard,Pipe5_Chen,Pipe5_EKF_LE,Pipe5_AFEKF
Full_Period,11.9411934016595,0.0689061544609031,0.0608526575070831,0.0588923039805338,117.654565227442,2.53720678353806,2.12466114652574,2.01623735650502,402.675785641721,1.94161642960775,2.27891838700983,1.12095533926306,19.7426126949638,2.31101803553252,0.852699640161958,0.803302822332271
Normal_0to6h_18to24h,0.0543253168478556,0.0543154484703786,0.0543220548963792,0.0552079943802185,91.1583241243583,1.67141266353756,1.74173410857342,1.64815748135631,329.206300475747,1.3624795568248,2.11942827625097,1.06645713202337,4.56585526506653,0.498160040340926,0.501162573687415,0.503454385638808
Leak_12to18h,25.21333528703,0.101473761741173,0.075062220491944,0.0655724980412806,191.783388443407,3.97527043848311,2.5506049631658,2.33583508491181,630.696223100221,3.22861881574467,2.98302290590627,1.18983370957786,40.9279443721475,4.79941242757213,1.54839378196096,1.4213587839222
