Period,P_RMSE_Standard,P_RMSE_Chen,P_RMSE_EKF_LE,P_RMSE_AFEKF,M_RMSE_Standard,M_RMSE_Chen,M_RMSE_EKF_LE,M_RMSE_AFEKF,Pipe1_Standard,Pipe1_Chen,Pipe1_EKF_LE,Pipe1_AFEKF,Pipe5_Standard,Pipe5_Chen,Pipe5_EKF_LE,Pipe5_AFEKF
Full_Period,14.72400324101,0.0646411531290625,0.0576222580660003,0.0559313323559215,88.386088113676,2.6359456213132,2.25357510184468,2.1607715562011,277.763206363555,2.265632444293,2.54578501210527,1.51454835161576,18.6614375245388,2.29682837865213,0.702043459327843,0.628625823332717
Normal_0to6h_18to24h,0.0548051437992451,0.0548038038969214,0.0547846761946247,0.0553543586048431,78.5447863279186,2.13360434777552,2.20006159056959,2.11515669983257,279.235394969818,1.79231948733188,2.42938446458548,1.60169629501949,5.19372538638927,0.375317921578909,0.379493961029753,0.397545804655554
Leak_12to18h,31.0892251049057,0.0922209680721006,0.0682934583657709,0.0599807794637173,127.737778848154,3.63684802329238,1.99977213215824,1.80273135892283,331.742416319798,3.52897491642346,3.23004508258643,1.32424737024541,38.3602263889745,4.80053491408797,1.22137352062984,0.973326674400209
