Period,P_RMSE_Standard,P_RMSE_Chen,P_RMSE_EKF_LE,P_RMSE_AFEKF,M_RMSE_Standard,M_RMSE_Chen,M_RMSE_EKF_LE,M_RMSE_AFEKF,Pipe1_Standard,Pipe1_Chen,Pipe1_EKF_LE,Pipe1_AFEKF,Pipe5_Standard,Pipe5_Chen,Pipe5_EKF_LE,Pipe5_AFEKF
Full_Period,11.6443877577171,0.0669611665526025,0.0579932091436756,0.0560897883840777,126.498375211402,2.63535840174078,2.22860335320627,2.17191716697304,454.204780286466,1.8826651650503,2.07918782568007,0.950861969571283,70.2939085031474,2.38072829940524,0.943357453427541,0.898319756579186
Normal_0to6h_18to24h,0.0524060478346406,0.052398365304906,0.0528714859224067,0.0536100663072912,92.5931692248493,1.81329661498471,1.86536312934677,1.79981621653863,332.608614810611,1.08648820931378,1.82120504121159,0.830336264276354,4.28586822820576,0.463136751247191,0.471624726670377,0.472640512439688
Leak_12to18h,24.5866550086879,0.101192055436669,0.0719287219252351,0.0627281030374534,213.585720934981,4.34621579274835,3.08291338695104,3.01938056348088,766.731438716354,3.41097871087758,2.97756911303307,1.22623482329618,148.237950815473,4.95790531551234,1.77647868989554,1.67289375642577
