Period,P_RMSE_Standard,P_RMSE_Chen,P_RMSE_EKF_LE,P_RMSE_AFEKF,M_RMSE_Standard,M_RMSE_Chen,M_RMSE_EKF_LE,M_RMSE_AFEKF,Pipe1_Standard,Pipe1_Chen,Pipe1_EKF_LE,Pipe1_AFEKF,Pipe5_Standard,Pipe5_Chen,Pipe5_EKF_LE,Pipe5_AFEKF
Full_Period,4.66885077029695,0.0762050232857948,0.0588206810944482,0.0574793825796183,134.039014582773,2.60322227173815,2.01502448905241,1.90750484437462,499.388895519809,3.09586230590806,2.40091854335045,1.30654480076871,63.5829302746578,2.31606445174685,1.04380314457936,1.03301199114595
Normal_0to6h_18to24h,0.0512272194819336,0.0512219202991526,0.0518726677299309,0.0525267879292587,103.94212413918,1.61481359125333,1.67568026500072,1.59447244170874,371.576678830289,1.61748532264104,2.31279229208976,1.20656393045685,6.01189705974202,0.531950542662112,0.532671184597491,0.539749464023559
Leak_12to18h,9.85770149188746,0.129051909275736,0.0779653676911379,0.071437428664086,218.372785918123,4.53096987374767,2.79118447020122,2.5893741945638,835.255866152529,5.86969218453256,3.03635736306472,1.67562577806484,133.848990775924,4.79668586803451,1.96853949620961,1.93789757614326
