Period,P_RMSE_Standard,P_RMSE_Chen,P_RMSE_EKF_LE,P_RMSE_AFEKF,M_RMSE_Standard,M_RMSE_Chen,M_RMSE_EKF_LE,M_RMSE_AFEKF,Pipe1_Standard,Pipe1_Chen,Pipe1_EKF_LE,Pipe1_AFEKF,Pipe5_Standard,Pipe5_Chen,Pipe5_EKF_LE,Pipe5_AFEKF
Full_Period,18.3681244970503,0.072586615519412,0.0576470788240871,0.0581503951573793,155.933515416477,2.89877234604634,2.3709703860963,2.32747257889901,596.685412957903,2.87462732146768,1.94717768674393,1.11573244806958,25.7482381643581,2.28408449820107,0.77833920862415,0.806008915394284
Normal_0to6h_18to24h,0.0570660013957584,0.0570474707084619,0.0571209986076177,0.0575659020504216,89.6709864538026,2.21295158640238,2.26322393217217,2.20150681667803,323.876700356452,1.42342947203263,2.16941122261795,1.12758824339891,7.90436364895365,0.512613487875954,0.507273004698635,0.52328804701618
Leak_12to18h,38.7837141880718,0.108353289969472,0.0564365417527496,0.0569032690711028,290.307399069149,4.27989311473771,2.28508088813214,2.26393952530501,1128.10780179872,5.50278295353983,1.53915550806565,1.1475185667888,52.6134756372982,4.73317063336448,1.32528501385062,1.38542827890287
