Period,P_RMSE_Standard,P_RMSE_Chen,P_RMSE_EKF_LE,P_RMSE_AFEKF,M_RMSE_Standard,M_RMSE_Chen,M_RMSE_EKF_LE,M_RMSE_AFEKF,Pipe1_Standard,Pipe1_Chen,Pipe1_EKF_LE,Pipe1_AFEKF,Pipe5_Standard,Pipe5_Chen,Pipe5_EKF_LE,Pipe5_AFEKF
Full_Period,8.65182689344742,0.06452214162191,0.0549409974328125,0.0536595212406476,109.793325713227,2.67463342414047,2.25817370350553,2.18201205464527,355.301727616111,2.19010831977429,2.16664740731124,1.177573485353,46.7924092192553,2.26716519908898,0.786966861189414,0.764462587518218
Normal_0to6h_18to24h,0.0530558649543955,0.0530522802980818,0.0530789161289184,0.0536011499556107,98.657057283988,1.96926891324127,2.00165419795966,1.97167742337142,353.210389142834,1.34002191072369,1.91681464771451,1.22524261346246,4.79322382098295,0.466227461215627,0.464288224981142,0.475074922070726
Leak_12to18h,18.2678726404665,0.0957641313592362,0.0638034118192614,0.0569198819007962,156.655298130568,4.18540684708904,2.81959498289756,2.60683963185032,434.215752469517,3.9182515291607,3.0324543819339,0.976670955542529,98.4505455661788,4.70920824889815,1.3568509915317,1.2871775021598
