Period,P_RMSE_Standard,P_RMSE_Chen,P_RMSE_EKF_LE,P_RMSE_AFEKF,M_RMSE_Standard,M_RMSE_Chen,M_RMSE_EKF_LE,M_RMSE_AFEKF,Pipe1_Standard,Pipe1_Chen,Pipe1_EKF_LE,Pipe1_AFEKF,Pipe5_Standard,Pipe5_Chen,Pipe5_EKF_LE,Pipe5_AFEKF
Full_Period,0.678361511143689,0.0711130571673413,0.0693983707633613,0.0647075013597789,15.0352860220724,3.15550899451725,2.53793186827021,2.60984500278101,50.8726837039974,1.31253720264581,1.65103599188321,1.1173696667767,2.61377886502798,3.78679237432449,1.88812142158654,2.56959081542513
Normal_0to6h_18to24h,0.063186641347716,0.0665722672353159,0.0629262130821793,0.0631853249049258,8.56116494514678,2.82556199792147,2.34454347004901,2.34021281600955,29.6802319183709,1.20468882604278,1.28085097707234,1.19474418685683,1.83695752273511,3.12971637258725,1.49266996841407,1.51304444834411
Leak_12to18h,1.166193673916,0.0803818508876788,0.0814758626091931,0.0685801709975847,22.9308742245645,3.7846840494427,2.94358864593921,3.13144122201968,77.0091897372673,1.50430744962244,2.20611373618344,0.95218149028583,3.70038520526124,4.86785573267548,2.49864209485394,3.8945450279536
