Period,P_RMSE_Standard,P_RMSE_Chen,P_RMSE_EKF_LE,P_RMSE_AFEKF,M_RMSE_Standard,M_RMSE_Chen,M_RMSE_EKF_LE,M_RMSE_AFEKF,Pipe1_Standard,Pipe1_Chen,Pipe1_EKF_LE,Pipe1_AFEKF,Pipe5_Standard,Pipe5_Chen,Pipe5_EKF_LE,Pipe5_AFEKF
Full_Period,0.154061829684245,0.0685245842196054,0.0583693030176169,0.0574483696888684,11.680509270204,3.06308953006476,2.38420605270116,2.38194073671004,32.0337549195639,1.26893809626512,1.56213560317889,1.12672548323261,12.9619206478693,3.81987895673919,1.76178219158407,1.97127278369466
Normal_0to6h_18to24h,0.0578935376600599,0.0628992763240589,0.0579241511699983,0.0580179216298306,8.04960110914155,2.68194772223254,2.12691693283113,2.11239749086397,27.9641886380252,1.14419603968792,1.31438706344983,1.1540852147394,1.52631783129146,3.23229994856272,1.46196545305154,1.41795058205197
Leak_12to18h,0.253209008037805,0.0799411049387429,0.0607056221597815,0.0577970582201862,16.6120913163315,3.70697798570846,2.80856740346903,2.82412817207349,38.5488927027332,1.47916212101629,1.95593715981728,1.06599411240878,22.244066238568,4.81545973722371,2.24324348420476,2.75839448549855
