Period,P_RMSE_Standard,P_RMSE_Chen,P_RMSE_EKF_LE,P_RMSE_AFEKF,M_RMSE_Standard,M_RMSE_Chen,M_RMSE_EKF_LE,M_RMSE_AFEKF,Pipe1_Standard,Pipe1_Chen,Pipe1_EKF_LE,Pipe1_AFEKF,Pipe5_Standard,Pipe5_Chen,Pipe5_EKF_LE,Pipe5_AFEKF
Full_Period,1.20536725887201,0.0699455717781751,0.0608784868398576,0.0607246421556641,11.7075368753332,3.33372683106545,2.7674989259472,2.72854126759281,30.496027136622,1.24921493671097,1.51989963228289,1.28435037794511,19.8801798515741,3.88714375802661,2.55244964485638,2.32324256939469
Normal_0to6h_18to24h,0.0541099730639555,0.0580922587367105,0.0541128397031023,0.0543644548302124,9.55416198434027,2.68140090088461,2.18524116339917,2.14223565209344,32.8767778726823,1.35755865873749,1.65547963120048,1.33574352058368,1.50887015447029,3.17708661287211,1.44726527842623,1.37304439489837
Leak_12to18h,2.07667502751125,0.088806225577511,0.0722500961783676,0.0714835034284617,14.9983254972597,4.35219878791131,3.65173869566912,3.61483190549806,24.5443673305892,0.977579581946632,1.17742035089033,1.1559131073299,34.208981316152,5.03580744957139,3.9110766323765,3.51835455402497
