Period,P_RMSE_Standard,P_RMSE_Chen,P_RMSE_EKF_LE,P_RMSE_AFEKF,M_RMSE_Standard,M_RMSE_Chen,M_RMSE_EKF_LE,M_RMSE_AFEKF,Pipe1_Standard,Pipe1_Chen,Pipe1_EKF_LE,Pipe1_AFEKF,Pipe5_Standard,Pipe5_Chen,Pipe5_EKF_LE,Pipe5_AFEKF
Full_Period,1.21233974925982,0.0700823896367809,0.0607891973501571,0.058124976866711,17.6785438648508,3.32772270435571,2.63893189178115,2.67042725527489,58.842288027153,1.27442421503777,1.62029152019725,1.14370262890915,10.5592638170516,3.90373369701753,1.53920600050075,1.70472305924096
Normal_0to6h_18to24h,0.0547767163000436,0.059869649074117,0.054410543613814,0.0544476963654932,9.57707478137332,3.0633537617994,2.5925798393876,2.57841777850281,32.8225068384608,1.17240822842212,1.52400138907001,1.16690992186627,1.48185714696748,3.32593582025586,1.38286848632606,1.43564275887478
Leak_12to18h,2.08867374965661,0.086906215975283,0.0716340207402076,0.0646988205544924,27.3043947680563,3.79728153111827,2.70335060026394,2.81954144624958,90.2022158489179,1.44296083731127,1.77868350416582,1.08215807817473,18.0880668216129,4.90038530533272,1.83099564571227,2.15807652503958
