Period,P_RMSE_Standard,P_RMSE_Chen,P_RMSE_EKF_LE,P_RMSE_AFEKF,M_RMSE_Standard,M_RMSE_Chen,M_RMSE_EKF_LE,M_RMSE_AFEKF,Pipe1_Standard,Pipe1_Chen,Pipe1_EKF_LE,Pipe1_AFEKF,Pipe5_Standard,Pipe5_Chen,Pipe5_EKF_LE,Pipe5_AFEKF
Full_Period,1.68299158984274,0.0730047536386184,0.0618949646555507,0.0605781862581016,12.3948271422275,3.28961754633244,2.66309733047658,2.59629448510468,39.6668052920204,1.06788274860267,1.52320535333659,1.07449582728767,5.08076451940272,3.72143280139087,1.66954374812958,1.58258370631545
Normal_0to6h_18to24h,0.0566595672571741,0.0614541900120118,0.0564280531119514,0.0569589135219041,8.92433197341785,2.9571608530821,2.50375079563926,2.50714093141019,30.7053514764915,1.06644798739653,1.37170931758759,1.07016151132678,1.61913789940809,3.13524291941734,1.34919602955099,1.45777690878236
Leak_12to18h,2.9004071003675,0.0917618445865468,0.0713788500250013,0.0670385844122673,17.2451521395957,3.86523616701969,2.93158634419572,2.74079998177274,52.8310378234313,1.09414519002267,1.79638892682637,1.11069734687772,8.46173110039646,4.72180774010353,2.17732687885314,1.80983227460706
