Period,P_RMSE_Standard,P_RMSE_Chen,P_RMSE_EKF_LE,P_RMSE_AFEKF,M_RMSE_Standard,M_RMSE_Chen,M_RMSE_EKF_LE,M_RMSE_AFEKF,Pipe1_Standard,Pipe1_Chen,Pipe1_EKF_LE,Pipe1_AFEKF,Pipe5_Standard,Pipe5_Chen,Pipe5_EKF_LE,Pipe5_AFEKF
Full_Period,0.669599511182825,0.0671359104641232,0.0562257250670539,0.0536039351137393,13.3823749041491,3.1738758971085,2.55304786935218,2.38447887705675,32.0742471230622,1.20983808484548,1.43092354256694,1.21012974937383,17.6605274672771,3.85264331840114,2.09978099448723,1.52216708127867
Normal_0to6h_18to24h,0.0517045068492675,0.0566245254208417,0.0517332569013745,0.0516852814732509,8.90544048081793,2.57984772502023,2.02038745290598,2.00314989002614,31.0726475515827,1.04897376557182,1.28466878634287,1.05696940720688,1.79352907785413,3.229163297269,1.49596578167349,1.41308285546635
Leak_12to18h,1.15210284534876,0.0840173154310381,0.0640092782971574,0.0570463675392537,19.3361585640608,4.13111519359574,3.37904890318349,3.01212929288746,33.5663656357599,1.47904612374544,1.67648134204667,1.46487676579832,30.3451317854523,4.92594371278007,2.97629674161016,1.75770694826756
