Period,P_RMSE_Standard,P_RMSE_Chen,P_RMSE_EKF_LE,P_RMSE_AFEKF,M_RMSE_Standard,M_RMSE_Chen,M_RMSE_EKF_LE,M_RMSE_AFEKF,Pipe1_Standard,Pipe1_Chen,Pipe1_EKF_LE,Pipe1_AFEKF,Pipe5_Standard,Pipe5_Chen,Pipe5_EKF_LE,Pipe5_AFEKF
Full_Period,0.740767134743045,0.0663926681615515,0.054866737993512,0.055901207200933,13.6771258651169,3.28051273205805,2.57638803370059,2.63169643153322,41.4651063171744,1.18393379480705,1.46559036873067,1.11896358954516,16.144710241412,3.81920239806207,1.70594787602985,1.97537216274642
Normal_0to6h_18to24h,0.0516185709966687,0.0569774005346214,0.0515104007188583,0.0516288672089691,7.51768679843727,2.81580983803095,2.32878404384876,2.31126368485578,25.2443829699636,1.14101209894255,1.33037794681004,1.14758377605015,1.69848673960235,3.17139817973628,1.45582142160429,1.44455643106095
Leak_12to18h,1.27509740909247,0.0832254918564386,0.0621660656935223,0.0646831005152418,21.0531626572873,4.07456876113352,3.0259684224404,3.18945372374145,61.9335750955567,1.26154711786992,1.69269815228915,1.05266937484545,27.7317072795196,4.89141043763366,2.11961688883096,2.74116518330264
