Period,P_RMSE_Standard,P_RMSE_Chen,P_RMSE_EKF_LE,P_RMSE_AFEKF,M_RMSE_Standard,M_RMSE_Chen,M_RMSE_EKF_LE,M_RMSE_AFEKF,Pipe1_Standard,Pipe1_Chen,Pipe1_EKF_LE,Pipe1_AFEKF,Pipe5_Standard,Pipe5_Chen,Pipe5_EKF_LE,Pipe5_AFEKF
Full_Period,0.267850969638194,0.0705684922058171,0.0594093440025468,0.058909961563587,11.2057649481961,3.13893549771377,2.40829111726222,2.39470735634952,31.8887721495501,1.0526356076619,1.33224250338218,0.978719090464727,8.55251631979819,3.76617440851983,1.40592940193199,1.52156769191738
Normal_0to6h_18to24h,0.0566276725814603,0.0613276167197752,0.0563268938094299,0.0565222593894534,9.93431720531379,2.84273098303571,2.3611428911613,2.33271006225767,34.130929352481,0.9966658974,1.39615397915519,0.977805534898723,1.69544361729119,3.12648274336187,1.29685706446633,1.26294675068197
Leak_12to18h,0.454879602098675,0.0861963165310958,0.0650002905299813,0.0633207309710465,13.2677425533556,3.67848282039435,2.50672649534645,2.52064645053989,26.3196811178669,1.19135774683906,1.22615652789926,1.03207664475977,14.5522796436661,4.83065413577133,1.60996516934837,1.9427253904925
