Period,P_RMSE_Standard,P_RMSE_Chen,P_RMSE_EKF_LE,P_RMSE_AFEKF,M_RMSE_Standard,M_RMSE_Chen,M_RMSE_EKF_LE,M_RMSE_AFEKF,Pipe1_Standard,Pipe1_Chen,Pipe1_EKF_LE,Pipe1_AFEKF,Pipe5_Standard,Pipe5_Chen,Pipe5_EKF_LE,Pipe5_AFEKF
Full_Period,0.635194171934413,0.0697930588072803,0.0579509978061248,0.0583561144224491,11.3170548667241,3.3545676908186,2.67492535073891,2.69922814426351,30.6116803565504,1.32577614846087,1.82130325597707,1.29334227901574,3.60228138013812,3.82944504969877,1.56642586298668,1.74155855982152
Normal_0to6h_18to24h,0.0552401542573515,0.059303330875148,0.0551727613972212,0.0554352341132801,8.39840512945444,2.90824141092718,2.45718060912753,2.42331947977806,29.0148909748236,1.23363017992138,1.73380036299673,1.2373798984855,1.42815167190759,3.21099233203504,1.37303757661913,1.32666231034551
Leak_12to18h,1.09238144825325,0.0878337555566945,0.0638591263175089,0.064490340163118,15.4918082043892,4.13820339270801,3.096126719807,3.2100461369233,33.1886631420251,1.48000410595853,1.96636963991878,1.38900836057693,5.87965080540428,4.86399773962926,1.89395884402944,2.35725205223222
