Period,P_RMSE_Standard,P_RMSE_Chen,P_RMSE_EKF_LE,P_RMSE_AFEKF,M_RMSE_Standard,M_RMSE_Chen,M_RMSE_EKF_LE,M_RMSE_AFEKF,Pipe1_Standard,Pipe1_Chen,Pipe1_EKF_LE,Pipe1_AFEKF,Pipe5_Standard,Pipe5_Chen,Pipe5_EKF_LE,Pipe5_AFEKF
Full_Period,0.379653541197811,0.0736468670086481,0.0607724286162933,0.0609174390090568,9.94014450797362,3.27693016369374,2.56909097720498,2.58602501149316,29.5443451037012,1.24955464158607,1.32889741943101,1.13377753602671,2.77042433263031,3.8025084513564,1.95269230074958,2.12707849574421
Normal_0to6h_18to24h,0.0561110297724513,0.0614183084507381,0.0553079855940065,0.0557294066506732,8.11436715387533,2.42102526532737,1.79884099233154,1.80879351063604,28.6314703874355,1.11084400212805,1.30821259157311,1.12553595555084,1.5326464845499,3.21294102040025,1.49180800921461,1.58013018173399
Leak_12to18h,0.649906268194061,0.0943932137803807,0.0715107606287388,0.0713564489630889,12.7323209101411,4.52733063925014,3.64206710608283,3.66845397368811,30.9004485679984,1.47408750021729,1.35171594261776,1.13510270709985,4.26972410013303,4.79814904088269,2.64389850532999,2.92893145410965
