Period,P_RMSE_Standard,P_RMSE_Chen,P_RMSE_EKF_LE,P_RMSE_AFEKF,M_RMSE_Standard,M_RMSE_Chen,M_RMSE_EKF_LE,M_RMSE_AFEKF,Pipe1_Standard,Pipe1_Chen,Pipe1_EKF_LE,Pipe1_AFEKF,Pipe5_Standard,Pipe5_Chen,Pipe5_EKF_LE,Pipe5_AFEKF
Full_Period,0.926115760495821,0.0742387410812431,0.0663816463087633,0.0620759189116573,13.7925952926606,3.2479253288143,2.68472649076501,2.53583458368642,46.2182378981416,1.16609490965261,1.73180936265334,1.10840308031123,14.4944881175632,3.81876971230737,2.06024260327129,1.69801021944491
Normal_0to6h_18to24h,0.0623941078657283,0.0672696261381451,0.063875541101757,0.0618834626881201,7.69500979493872,2.99793202817777,2.5588898506832,2.51406087464031,25.6511341294813,1.18496007890642,1.62529665181209,1.21203166215776,1.58469959284146,3.18674599189879,1.38884188702101,1.26307791357969
Leak_12to18h,1.59420625734375,0.0861142172270041,0.0704918400216184,0.0618505991319705,21.1434683101828,3.69526323034104,2.89403474744663,2.55271117927948,70.9441918860968,1.11094025825388,1.90551955648617,0.844708590355497,24.8901417131139,4.88509175338667,2.97533059483603,2.33669921968145
