Period,P_RMSE_Standard,P_RMSE_Chen,P_RMSE_EKF_LE,P_RMSE_AFEKF,M_RMSE_Standard,M_RMSE_Chen,M_RMSE_EKF_LE,M_RMSE_AFEKF,Pipe1_Standard,Pipe1_Chen,Pipe1_EKF_LE,Pipe1_AFEKF,Pipe5_Standard,Pipe5_Chen,Pipe5_EKF_LE,Pipe5_AFEKF
Full_Period,0.799478645713608,0.0713432445881686,0.0623327987100575,0.0604834122560247,12.4544000046805,3.15899744082464,2.61527146644739,2.44949419182083,34.4255402505999,1.36360251880447,1.55741648678091,1.26401870564284,18.3830387768313,3.79306774462007,2.64355720940801,1.75040367740779
Normal_0to6h_18to24h,0.0546986817992509,0.0595714359423502,0.054694820120304,0.054678048228244,9.11582246156484,2.69757961492774,2.18098243317753,2.16033919410075,31.5690185777257,1.2014785158815,1.36214238420305,1.2160921254404,1.52255954520203,3.15113221437353,1.33497781337934,1.23403376335743
Leak_12to18h,1.37617916682021,0.0905154679772031,0.0753304443266977,0.0707190730341194,17.1742730649383,3.92955627746887,3.30767481548116,2.93616673814241,39.1058431490286,1.63953406230022,1.88105979444471,1.35402738168492,31.6216853322602,4.86761810673659,4.16567995260906,2.4867345434178
