Period,P_RMSE_Standard,P_RMSE_Chen,P_RMSE_EKF_LE,P_RMSE_AFEKF,M_RMSE_Standard,M_RMSE_Chen,M_RMSE_EKF_LE,M_RMSE_AFEKF,Pipe1_Standard,Pipe1_Chen,Pipe1_EKF_LE,Pipe1_AFEKF,Pipe5_Standard,Pipe5_Chen,Pipe5_EKF_LE,Pipe5_AFEKF
Full_Period,1.35814272446088,0.0624147360719118,0.0532434051926571,0.0531278819507687,11.8120388647398,3.34967659884181,2.6797795975838,2.7171189461828,34.3332482670435,1.26857861625056,1.47796759516949,1.26945828145936,20.4800556608476,3.78766505212818,1.71930435042753,1.72080596153274
Normal_0to6h_18to24h,0.050968903038946,0.0559831852986135,0.050747107045402,0.0510336413214851,9.74804765210565,2.9335482993511,2.46182392294972,2.45916927139419,33.8722055008395,1.06675390509412,1.37809084838034,1.08234111088111,1.62702942773521,3.21079238619311,1.4075583829322,1.48995703743181
Leak_12to18h,2.34036533068554,0.0737516376154379,0.0580444715761968,0.057177358854067,14.9925123844091,4.06032164280409,3.05664412845888,3.15877490169553,34.7699018069941,1.5882047857776,1.64840367053318,1.57229362675852,35.2349100315671,4.78196153865275,2.22336968436154,2.12151327912226
