Period,P_RMSE_Standard,P_RMSE_Chen,P_RMSE_EKF_LE,P_RMSE_AFEKF,M_RMSE_Standard,M_RMSE_Chen,M_RMSE_EKF_LE,M_RMSE_AFEKF,Pipe1_Standard,Pipe1_Chen,Pipe1_EKF_LE,Pipe1_AFEKF,Pipe5_Standard,Pipe5_Chen,Pipe5_EKF_LE,Pipe5_AFEKF
Full_Period,0.807050024634476,0.0700061073016136,0.0626780847800919,0.0599609521258723,13.4144003511404,3.65668511715504,3.1425453351238,3.09606726683735,35.1243501006035,1.31967194717686,1.67612884497417,1.34675940280895,2.71783451169622,3.77032289351438,2.03210477294287,1.84750627277814
Normal_0to6h_18to24h,0.057102342418836,0.0619216482329656,0.0585377121418977,0.0568707660257762,8.89297232146044,3.45256202387722,3.09036165120067,3.04637101153389,29.3305275775364,1.33884379239058,1.66801713051636,1.44394715539709,1.45192125376927,3.13711865831827,1.45507387304588,1.36398696352685
Leak_12to18h,1.38904601526735,0.0837928482050918,0.0699596280008552,0.0654889732756426,19.4143555268716,4.04436444309479,3.23972806927482,3.18911708840444,44.1178264679253,1.27777376125737,1.68534659852842,1.12880970355476,4.22618860482705,4.83043992389893,2.85782222965874,2.55555036376137
