Period,P_RMSE_Standard,P_RMSE_Chen,P_RMSE_EKF_LE,P_RMSE_AFEKF,M_RMSE_Standard,M_RMSE_Chen,M_RMSE_EKF_LE,M_RMSE_AFEKF,Pipe1_Standard,Pipe1_Chen,Pipe1_EKF_LE,Pipe1_AFEKF,Pipe5_Standard,Pipe5_Chen,Pipe5_EKF_LE,Pipe5_AFEKF
Full_Period,0.433982241165202,0.0755496946813159,0.0650672160959521,0.0647242620789334,13.4034483626236,3.36585764528003,2.68850017838769,2.76294587175932,42.6494918341598,1.26095405476168,1.42967136838804,1.12645926721338,4.06977982819133,3.80341521783382,1.65800648954126,1.98703436325818
Normal_0to6h_18to24h,0.0557184292005936,0.0601558646741004,0.0555656372036159,0.0567632753612753,9.02932794768309,2.79322648950555,2.28780093602006,2.35069212270902,31.623284218984,1.16873010929322,1.31241353080959,1.14730802811613,1.62010375078317,3.15876446703206,1.4310763266701,1.77196617727332
Leak_12to18h,0.744074392641939,0.0991500726827937,0.0804349178255129,0.0779558435860281,19.2677777828981,4.31535154146516,3.36845250722966,3.46226412485294,58.3640415180583,1.41514633199284,1.62619266524591,1.07521729905311,6.65091791119564,4.89708004191159,2.07375434023551,2.39435022354623
