Period,P_RMSE_Standard,P_RMSE_Chen,P_RMSE_EKF_LE,P_RMSE_AFEKF,M_RMSE_Standard,M_RMSE_Chen,M_RMSE_EKF_LE,M_RMSE_AFEKF,Pipe1_Standard,Pipe1_Chen,Pipe1_EKF_LE,Pipe1_AFEKF,Pipe5_Standard,Pipe5_Chen,Pipe5_EKF_LE,Pipe5_AFEKF
Full_Period,1.49392098710855,0.0714558160370765,0.067486053774058,0.0610469721220139,18.2374156619937,3.82839122609294,3.25891966279705,3.28937017799183,61.4907040071836,1.55988406380022,2.03551028939862,1.49374855158748,8.58907807429395,3.82376534974611,1.41633864790339,1.73509235228876
Normal_0to6h_18to24h,0.057150664244194,0.0614251521126433,0.0564297884232723,0.0566337808046662,9.25217546004945,3.65729765912426,3.29905009852801,3.28475735893694,30.9009936131339,1.71321413207907,1.87678826629898,1.73134633848972,1.64876774641342,3.15996148915728,1.30653128063407,1.26478436470707
Leak_12to18h,2.57428357774745,0.0879553947292007,0.0849738501305221,0.0686888116880278,28.5937610031336,4.15490622261899,3.16714751994068,3.28786400544976,96.5844938559629,1.17233566043266,2.29886444193184,0.807189272506809,14.6301759170772,4.93440817440627,1.63536688797103,2.42475943377396
