Period,P_RMSE_Standard,P_RMSE_Chen,P_RMSE_EKF_LE,P_RMSE_AFEKF,M_RMSE_Standard,M_RMSE_Chen,M_RMSE_EKF_LE,M_RMSE_AFEKF,Pipe1_Standard,Pipe1_Chen,Pipe1_EKF_LE,Pipe1_AFEKF,Pipe5_Standard,Pipe5_Chen,Pipe5_EKF_LE,Pipe5_AFEKF
Full_Period,0.403651752013399,0.0675845678436326,0.0577828246432592,0.0581336374078271,11.2251049594494,3.01534020756383,2.30537748933047,2.2758247080455,34.852024421953,1.38865197743005,1.60255094756678,1.32267684822431,11.0213918989912,3.83188683663208,2.07812645450734,1.95108126877847
Normal_0to6h_18to24h,0.0561535386824329,0.0601222734481053,0.0561220144785675,0.0562960795086353,10.272842693352,2.64045857780946,2.12865643171867,2.08086254932645,35.728606643877,1.24017788959747,1.64911824337572,1.20320408478084,1.62409625258436,3.22684852148405,1.57943752868707,1.50484828576808
Leak_12to18h,0.691421197000341,0.0806940537565258,0.0609634650349217,0.0616405619417523,12.7885316740651,3.65944722088056,2.61429271784844,2.61372032503731,32.5169540201904,1.68686597006231,1.53706486541024,1.57369451662164,18.8654867419499,4.85711140589607,2.8274125710661,2.62979670960091
