Period,P_RMSE_Standard,P_RMSE_Chen,P_RMSE_EKF_LE,P_RMSE_AFEKF,M_RMSE_Standard,M_RMSE_Chen,M_RMSE_EKF_LE,M_RMSE_AFEKF,Pipe1_Standard,Pipe1_Chen,Pipe1_EKF_LE,Pipe1_AFEKF,Pipe5_Standard,Pipe5_Chen,Pipe5_EKF_LE,Pipe5_AFEKF
Full_Period,2.06038832156367,0.0694441223360605,0.0618321006315691,0.0565762513212701,14.8266622756803,3.6363667624459,3.00435060177771,3.00087191462162,41.3449797409317,1.29666706687728,1.62733422959929,1.16209210360834,18.6999628742284,3.84613443384656,1.56309332337174,1.52983455251778
Normal_0to6h_18to24h,0.0547318816034437,0.059534692555989,0.0537085965162815,0.0540656700775633,8.88952685212132,3.49666136333669,3.11139600050733,3.11131214016748,29.829670362625,1.22174618598111,1.40725121713398,1.24319539453821,1.69966305139776,3.18695413982793,1.41328639883967,1.3901264145268
Leak_12to18h,3.55130678172558,0.0858591126215476,0.0754425122316967,0.061383672624078,22.286770893372,4.05238346164828,2.96655398805957,2.95533076124252,57.4553802261787,1.420010313874,1.97803912073754,0.961770194424012,32.1520062346186,4.9520283618607,1.83861867905623,1.78578797292833
