Period,P_RMSE_Standard,P_RMSE_Chen,P_RMSE_EKF_LE,P_RMSE_AFEKF,M_RMSE_Standard,M_RMSE_Chen,M_RMSE_EKF_LE,M_RMSE_AFEKF,Pipe1_Standard,Pipe1_Chen,Pipe1_EKF_LE,Pipe1_AFEKF,Pipe5_Standard,Pipe5_Chen,Pipe5_EKF_LE,Pipe5_AFEKF
Full_Period,0.367945934509425,0.0702325664385377,0.0605182373896698,0.060613283074644,10.3811379670948,3.62171017641096,3.06488055868682,3.07729381589271,32.7410863135003,1.28569396661533,1.2999931953393,1.1788746900742,8.5872189627059,3.79128522195172,1.66689802753014,1.93125888566291
Normal_0to6h_18to24h,0.0600255095177264,0.0648642118233568,0.0596400175376603,0.0611901225614967,7.89776703902468,3.29398185148571,2.85761227527248,2.90226960587963,26.6858469221849,1.2385573931962,1.29808886153102,1.23411169227791,1.46527651574561,3.21509976457354,1.33603416446939,1.69181899393361
Leak_12to18h,0.628723747790873,0.080100339378714,0.0622237108885066,0.0594864183413098,13.9930004700452,4.21184041428515,3.43966649778135,3.3986492738956,41.9760892860734,1.38799076245015,1.322661423355,1.09085945873206,14.6625698724657,4.77255241484757,2.18475232875489,2.34194488791799
