Period,P_RMSE_Standard,P_RMSE_Chen,P_RMSE_EKF_LE,P_RMSE_AFEKF,M_RMSE_Standard,M_RMSE_Chen,M_RMSE_EKF_LE,M_RMSE_AFEKF,Pipe1_Standard,Pipe1_Chen,Pipe1_EKF_LE,Pipe1_AFEKF,Pipe5_Standard,Pipe5_Chen,Pipe5_EKF_LE,Pipe5_AFEKF
Full_Period,1.24066541533885,0.0717995120325559,0.0607678629288414,0.0642991081198275,12.9281521217576,3.80804711750291,3.22123575015028,3.30293230827674,33.6868718905898,1.1960207864895,1.61371250024693,1.37059536779389,18.4349001463376,3.79845261525297,1.84039438342037,2.37055094518154
Normal_0to6h_18to24h,0.0561459082133303,0.0607796258194446,0.0560518962232182,0.0589665211233793,8.4909605015302,3.31616429788814,2.91806952723979,2.99758819513957,28.6016665814967,1.20116583294343,1.40451471703128,1.22357648624217,1.71075789962072,3.11703774404846,1.48661994504208,2.05125305224064
Leak_12to18h,2.13747909856726,0.0899253913208688,0.0693755157673475,0.074144013657351,18.7811342334103,4.63291096343326,3.73701901666818,3.8269300055064,41.6752219427543,1.18014929657214,1.95841009542752,1.62412323702755,31.6923203577333,4.92167289248114,2.40632131908771,2.93313841832877
