Period,P_RMSE_Standard,P_RMSE_Chen,P_RMSE_EKF_LE,P_RMSE_AFEKF,M_RMSE_Standard,M_RMSE_Chen,M_RMSE_EKF_LE,M_RMSE_AFEKF,Pipe1_Standard,Pipe1_Chen,Pipe1_EKF_LE,Pipe1_AFEKF,Pipe5_Standard,Pipe5_Chen,Pipe5_EKF_LE,Pipe5_AFEKF
Full_Period,0.532931724231538,0.0694394704160904,0.0616612896296724,0.0594111759025062,12.8998239744182,3.19875351370475,2.61522243354571,2.59630660628288,36.0998141496985,1.05871104823011,1.36819638299091,0.945164206308593,16.2687825481976,3.80859155964245,2.15681866951373,1.95440605196001
Normal_0to6h_18to24h,0.0564486512700809,0.0616722190661698,0.0562386686027876,0.056316850656666,9.85724760488141,3.04891268174996,2.59971660517654,2.58984823188899,33.7613982492245,0.924232936782603,1.27412250023609,0.937485448272058,1.4681799639018,3.22249000706751,1.43208571371697,1.44646343074319
Leak_12to18h,0.915343274909442,0.0825783665044142,0.0709966457636939,0.0649180111174905,17.3307931327717,3.48024783502713,2.62719988519639,2.59016503976036,39.9215388607688,1.27630345390933,1.52331814498101,0.949106485347027,27.9742097262071,4.81409105664337,3.14906971298382,2.70957491534455
