Period,P_RMSE_Standard,P_RMSE_Chen,P_RMSE_EKF_LE,P_RMSE_AFEKF,M_RMSE_Standard,M_RMSE_Chen,M_RMSE_EKF_LE,M_RMSE_AFEKF,Pipe1_Standard,Pipe1_Chen,Pipe1_EKF_LE,Pipe1_AFEKF,Pipe5_Standard,Pipe5_Chen,Pipe5_EKF_LE,Pipe5_AFEKF
Full_Period,1.59368057034652,0.0707221892086271,0.0593088750868568,0.057421264434169,14.1173170232885,3.62454404733087,3.03464744994825,2.94691218516183,36.6703471259443,1.43804308637343,1.76330049885285,1.3244339733645,2.62793247589885,3.80150988814028,1.73454969929962,1.40868737714872
Normal_0to6h_18to24h,0.0558380154524927,0.0608027401643698,0.0551689077248803,0.0553995783010532,8.89858282576795,2.99474083821282,2.55989523930053,2.52459754021962,30.125991013202,1.20288204109126,1.5009669089273,1.22012746911633,1.60364160318579,3.13595938744548,1.49871105276946,1.35154270406071
Leak_12to18h,2.74640560550421,0.0872323791800849,0.0666713449132757,0.0611643738996253,20.8385390434634,4.6420360758892,3.81032796380932,3.64830895036026,46.70823271893,1.80900669918668,2.18062153345293,1.50284234041244,3.94387234881219,4.90675598172036,2.14927319717695,1.53773354115862
