Period,P_RMSE_Standard,P_RMSE_Chen,P_RMSE_EKF_LE,P_RMSE_AFEKF,M_RMSE_Standard,M_RMSE_Chen,M_RMSE_EKF_LE,M_RMSE_AFEKF,Pipe1_Standard,Pipe1_Chen,Pipe1_EKF_LE,Pipe1_AFEKF,Pipe5_Standard,Pipe5_Chen,Pipe5_EKF_LE,Pipe5_AFEKF
Full_Period,0.518893128677539,0.0723489674582273,0.0634179588191341,0.0617903156967436,13.1544551262598,3.75628904152544,3.23314432374781,3.10509288339129,37.5472153535449,1.0930887139178,1.45403348512318,1.08368940739913,3.69392443951655,3.84036912410483,2.1929943392452,1.73871387159618
Normal_0to6h_18to24h,0.0603665792695455,0.0652154112972418,0.0601297933617967,0.0610536793507571,8.5522001290111,3.09177417383583,2.65368459658851,2.65319156462175,29.0777381677254,1.10213910580417,1.41330737143751,1.09149282043253,1.4606642979149,3.18643463394302,1.30775553129126,1.50338590719441
Leak_12to18h,0.890601320077874,0.0852655608731566,0.070124643134353,0.0638794793775705,19.2000672956628,4.86284727984114,4.19402886641582,3.89875065856814,49.9918958040616,1.05924220949436,1.51299281319525,1.05270712510534,6.03521143477428,4.93647202551719,3.31579193529492,2.15168172548468
