Period,P_RMSE_Standard,P_RMSE_Chen,P_RMSE_EKF_LE,P_RMSE_AFEKF,M_RMSE_Standard,M_RMSE_Chen,M_RMSE_EKF_LE,M_RMSE_AFEKF,Pipe1_Standard,Pipe1_Chen,Pipe1_EKF_LE,Pipe1_AFEKF,Pipe5_Standard,Pipe5_Chen,Pipe5_EKF_LE,Pipe5_AFEKF
Full_Period,1.64194370153615,0.0644894250018763,0.0554364064925367,0.0536413782171308,12.11114345395,3.04755619220614,2.42035298559934,2.33911897275182,34.2785615662199,1.22797761373949,1.27005113884391,0.927240079446335,3.95089744976797,3.76636320999075,2.0751259477255,1.60211225496226
Normal_0to6h_18to24h,0.0508949459176711,0.0558573718291136,0.0508011082672915,0.0509827763445388,9.32311147662265,2.72465047566771,2.23055217443018,2.18777929473364,32.3048643446212,1.01321996152429,1.39203598878179,0.982081422932088,1.74686709793564,3.16279420697787,1.40292304327128,1.27707441231849
Leak_12to18h,2.82983665049077,0.0792569071364676,0.0638384685844889,0.0587410251486799,16.1965907438519,3.62732581798783,2.76903739493777,2.6256100618147,37.4861999161165,1.55907128026943,0.960523972450558,0.793868066499298,6.35496726533543,4.77672702624132,2.99088649366441,2.10313100513052
