Period,P_RMSE_Standard,P_RMSE_Chen,P_RMSE_EKF_LE,P_RMSE_AFEKF,M_RMSE_Standard,M_RMSE_Chen,M_RMSE_EKF_LE,M_RMSE_AFEKF,Pipe1_Standard,Pipe1_Chen,Pipe1_EKF_LE,Pipe1_AFEKF,Pipe5_Standard,Pipe5_Chen,Pipe5_EKF_LE,Pipe5_AFEKF
Full_Period,0.578241037739192,0.0722032413426928,0.0588886517496853,0.0587140498856489,12.9876657035382,3.01647319129999,2.20990055373192,2.20161604387876,36.3696213439576,1.15952788785914,1.47801936100566,1.18261776281387,11.7585082537591,3.79400668817322,1.68370148540201,1.81063184566059
Normal_0to6h_18to24h,0.0582075939976593,0.0631405884085192,0.0579242674954398,0.0580129340204785,9.532283524715,2.80923013292279,2.31746877109489,2.3001038217288,33.0339186376769,1.09674102981251,1.33369610814859,1.12171700924597,1.76188224203859,3.17077395022518,1.43447454479228,1.39918628600956
Leak_12to18h,0.993505785607385,0.0870829970879655,0.060206463829104,0.0595462418969038,17.8797715676531,3.39731703420286,1.95730698342143,1.97019239857273,41.8213528627596,1.26131963582904,1.71333437407643,1.28082560179617,20.1245276520509,4.86215345246767,2.13309552619619,2.46426178519569
