Period,P_RMSE_Standard,P_RMSE_Chen,P_RMSE_EKF_LE,P_RMSE_AFEKF,M_RMSE_Standard,M_RMSE_Chen,M_RMSE_EKF_LE,M_RMSE_AFEKF,Pipe1_Standard,Pipe1_Chen,Pipe1_EKF_LE,Pipe1_AFEKF,Pipe5_Standard,Pipe5_Chen,Pipe5_EKF_LE,Pipe5_AFEKF
Full_Period,1.50305005323997,0.0691452448156071,0.0590393611079253,0.0574274064406838,13.9445832094673,3.5973231931818,3.0665302260818,2.98339586327949,36.2296621713223,1.56613826287292,1.79440241243346,1.4009083650829,12.2063726196066,3.76387499200604,1.96157111247203,1.74660812466514
Normal_0to6h_18to24h,0.0533050219530086,0.0582023461981323,0.0533566335200311,0.0534078374068215,8.63514421947067,3.12025011951619,2.68845238870193,2.6817308960391,29.4859806311584,1.54758820499525,1.77307015386169,1.54056388431305,1.57085183171507,3.11554847153006,1.3624359321521,1.38634813808178
Leak_12to18h,2.59021666120838,0.0874650047532298,0.0697094767932143,0.0654712105066466,20.7277391105132,4.47420683592197,3.78192369698617,3.58939638589312,46.5022563764937,1.58139860509258,1.81224547567461,1.04310711861364,20.93246567393,4.85842264601203,2.82032014133988,2.33678283405325
