Period,P_RMSE_Standard,P_RMSE_Chen,P_RMSE_EKF_LE,P_RMSE_AFEKF,M_RMSE_Standard,M_RMSE_Chen,M_RMSE_EKF_LE,M_RMSE_AFEKF,Pipe1_Standard,Pipe1_Chen,Pipe1_EKF_LE,Pipe1_AFEKF,Pipe5_Standard,Pipe5_Chen,Pipe5_EKF_LE,Pipe5_AFEKF
Full_Period,1.39617054609033,0.0686531107116593,0.0633761753020193,0.0580251248964821,12.8556654690348,3.1881588453085,2.6873915942149,2.49951903105615,34.8021305345596,1.26538340932485,1.75736985708158,1.17059449728489,18.2386552025876,3.87011233041057,2.60184682897172,1.67115808000834
Normal_0to6h_18to24h,0.0526472141913577,0.0577838216389201,0.0526767216189369,0.0527994067914667,8.30462911925568,2.70412928844957,2.15371787373471,2.13532664840903,29.1082968468665,1.1752487853653,1.32332497033643,1.19616740678979,1.5465638685256,3.26622784425351,1.42015552722721,1.28125744071498
Leak_12to18h,2.40588581495555,0.0865979000359005,0.0805621607256787,0.0672920305242683,18.7990879455014,3.99009578011478,3.50906881000791,3.09301574976027,43.6539492437608,1.51669348885756,2.45159739785165,1.24364069873031,31.3698275507704,4.90369795365201,4.02884994224838,2.2626491805198
