Period,P_RMSE_Standard,P_RMSE_Chen,P_RMSE_EKF_LE,P_RMSE_AFEKF,M_RMSE_Standard,M_RMSE_Chen,M_RMSE_EKF_LE,M_RMSE_AFEKF,Pipe1_Standard,Pipe1_Chen,Pipe1_EKF_LE,Pipe1_AFEKF,Pipe5_Standard,Pipe5_Chen,Pipe5_EKF_LE,Pipe5_AFEKF
Full_Period,1.45454592568687,0.06907192624743,0.0611579245238498,0.0579054815092592,13.4197774960844,3.17265195339785,2.46219022813473,2.42369768844698,42.6856584865616,1.32608459874507,1.74320966768085,1.34003237020465,3.29711077141383,3.81533253113193,1.6996492208458,1.53943245606844
Normal_0to6h_18to24h,0.0562383233210829,0.0611251819278287,0.0559205280573905,0.0560062451658727,8.3486026774995,2.91190713921309,2.43601182778133,2.42035493145917,28.2319748208174,1.29829638322115,1.41404514107836,1.31890076198886,1.74192741838728,3.19798266512361,1.42360130225393,1.30629957494648
Leak_12to18h,2.50641573638446,0.0828882392173182,0.0704528073759682,0.0615883731933787,19.9024392434747,3.66120619099776,2.52770049162122,2.44574106433823,61.8192584011965,1.40239795376127,2.27084773689485,1.40943424799884,5.13392836559859,4.8540331574177,2.15298792308131,1.92746074248779
