Period,P_RMSE_Standard,P_RMSE_Chen,P_RMSE_EKF_LE,P_RMSE_AFEKF,M_RMSE_Standard,M_RMSE_Chen,M_RMSE_EKF_LE,M_RMSE_AFEKF,Pipe1_Standard,Pipe1_Chen,Pipe1_EKF_LE,Pipe1_AFEKF,Pipe5_Standard,Pipe5_Chen,Pipe5_EKF_LE,Pipe5_AFEKF
Full_Period,1.24979568168825,0.0710768375166883,0.0610120166153398,0.0635693171659626,11.0779372312014,3.29862102548192,2.61222003305603,2.69493675667149,29.2713744914939,1.18180383100919,1.34523838883368,0.989281089840437,6.81384946067484,3.77076090117242,1.71796175756518,2.17023194118375
Normal_0to6h_18to24h,0.0589780174133312,0.0641667503656029,0.0589689566111284,0.0612012545481861,7.74431648690812,2.71338359763924,2.21421280278118,2.27387636992225,25.9880428871059,1.04298241348147,1.30205951662665,1.02925724464539,1.62256741457391,3.1659960394918,1.54700286111891,1.89665357968059
Leak_12to18h,2.15307356922669,0.0832415411327446,0.0648914228920772,0.0681409541635204,15.6482037182689,4.22808810114611,3.24613292381928,3.36670908176322,34.5815553752648,1.40655826870885,1.41030583274541,0.888879879933321,11.5284201383197,4.79889368110502,2.03661129721187,2.65703965353303
