Period,P_RMSE_Standard,P_RMSE_Chen,P_RMSE_EKF_LE,P_RMSE_AFEKF,M_RMSE_Standard,M_RMSE_Chen,M_RMSE_EKF_LE,M_RMSE_AFEKF,Pipe1_Standard,Pipe1_Chen,Pipe1_EKF_LE,Pipe1_AFEKF,Pipe5_Standard,Pipe5_Chen,Pipe5_EKF_LE,Pipe5_AFEKF
Full_Period,0.772149235842793,0.0659220081021867,0.0553274789758947,0.0551197042303844,16.1198196977784,3.82700821715141,3.2460705932935,3.25194617737999,54.7360994324713,1.41420098697585,1.71445284513886,1.28289239326081,3.95961635659623,3.80433270762853,1.63194573180475,1.72468873987727
Normal_0to6h_18to24h,0.0501594168395897,0.0548625969140112,0.0501261752220092,0.0500927560711193,8.79227640030386,3.52744524094205,3.15948356995827,3.13927028797232,29.3032894418232,1.45348701216275,1.77789617074499,1.41853404681434,1.5823555674599,3.18499596857584,1.31245939251854,1.36882530869856
Leak_12to18h,1.32937967461216,0.0847008709315167,0.0652154184524744,0.0648459452528528,24.8825094239547,4.50305943665276,3.57577231153544,3.62619035525543,84.7793213788039,1.31121586537633,1.55392172341705,0.931441351343846,6.45659518202758,4.84275725482445,2.12812470391081,2.27098943981619
