Period,P_RMSE_Standard,P_RMSE_Chen,P_RMSE_EKF_LE,P_RMSE_AFEKF,M_RMSE_Standard,M_RMSE_Chen,M_RMSE_EKF_LE,M_RMSE_AFEKF,Pipe1_Standard,Pipe1_Chen,Pipe1_EKF_LE,Pipe1_AFEKF,Pipe5_Standard,Pipe5_Chen,Pipe5_EKF_LE,Pipe5_AFEKF
Full_Period,1.36198023928072,0.072274035204173,0.0627671642320091,0.0627962560344923,11.2216108503963,3.82264994806529,3.29637160498464,3.29820635367749,31.1985447199851,1.50680419580269,1.64198100785974,1.34322696615177,6.79707105585531,3.73512312634426,1.61649614022213,1.55071964984311
Normal_0to6h_18to24h,0.059778307171901,0.0636418741699849,0.0595904923798768,0.0595789341278333,8.69249916445687,3.55236623457435,3.19215633697366,3.20763571590086,29.8329952073922,1.3936856485552,1.52717058886809,1.38889964160888,1.53214313039185,3.05989318596127,1.33948090168205,1.42450587016072
Leak_12to18h,2.34657157118055,0.0870811916368384,0.0685766255365851,0.0686640916776207,14.9398408452013,4.29176278021433,3.45754005793483,3.43368760923263,33.3615927020052,1.69290428838712,1.83031901124001,1.22719356047551,11.5202223878691,4.83291143629786,2.05858055636676,1.76956758966803
