Period,P_RMSE_Standard,P_RMSE_Chen,P_RMSE_EKF_LE,P_RMSE_AFEKF,M_RMSE_Standard,M_RMSE_Chen,M_RMSE_EKF_LE,M_RMSE_AFEKF,Pipe1_Standard,Pipe1_Chen,Pipe1_EKF_LE,Pipe1_AFEKF,Pipe5_Standard,Pipe5_Chen,Pipe5_EKF_LE,Pipe5_AFEKF
Full_Period,0.282681471600348,0.0630784828374454,0.0529853597916839,0.0531118391195291,10.2169089937719,2.94193583404296,2.12705310553999,2.10821082840502,29.8299086348907,1.15294488982524,1.28686152224918,1.10440402764917,2.5026424821992,3.7703980047129,1.50683827775342,1.40705597453544
Normal_0to6h_18to24h,0.051999495238588,0.0571139695380984,0.0515691481020369,0.0518200439105298,8.34445460003874,2.62189394865172,2.09192837793135,2.08189867580112,29.5672630250736,1.06816394005921,1.24586679992691,1.07520638112703,1.51852160784808,3.12009058074411,1.36015787708494,1.29098183740697
Leak_12to18h,0.48180232010822,0.0731945275666319,0.0553055115458915,0.0552306212767484,13.0796960976964,3.50417589478616,2.18543994818278,2.14916119633501,29.938415534582,1.2919484732403,1.34883518513268,1.14659360671271,3.76650102977973,4.8658350814062,1.79099041097919,1.64047819992431
