Period,P_RMSE_Standard,P_RMSE_Chen,P_RMSE_EKF_LE,P_RMSE_AFEKF,M_RMSE_Standard,M_RMSE_Chen,M_RMSE_EKF_LE,M_RMSE_AFEKF,Pipe1_Standard,Pipe1_Chen,Pipe1_EKF_LE,Pipe1_AFEKF,Pipe5_Standard,Pipe5_Chen,Pipe5_EKF_LE,Pipe5_AFEKF
Full_Period,0.212453219425378,0.0640665632826902,0.054532230482941,0.0541182169542487,13.8593072108963,3.23495401883557,2.66614288514748,2.58130127529475,43.2128529308246,1.00773269849622,1.23797426211972,0.994832242547832,13.8836231938362,3.77919943000766,2.36809396207691,1.84874045326763
Normal_0to6h_18to24h,0.0515013587994141,0.0565026932895224,0.0513541459948014,0.0513256687348904,9.39627198736031,2.92903941891818,2.46177996385573,2.44248179740488,32.1773631076803,0.981403416119069,1.24050576349419,1.01933018273761,1.57832727335369,3.20760421762441,1.37666865522893,1.30714069074847
Leak_12to18h,0.359023127956516,0.0767173223014138,0.0600684118250797,0.0589895375812387,19.8713055810122,3.83413315192779,3.09047106808457,2.90098588659133,58.9865724673371,1.04522694570676,1.21553011179834,0.929285381264001,23.8353003990421,4.77050173042081,3.61341498671295,2.6248359194817
