Period,P_RMSE_Standard,P_RMSE_Chen,P_RMSE_EKF_LE,P_RMSE_AFEKF,M_RMSE_Standard,M_RMSE_Chen,M_RMSE_EKF_LE,M_RMSE_AFEKF,Pipe1_Standard,Pipe1_Chen,Pipe1_EKF_LE,Pipe1_AFEKF,Pipe5_Standard,Pipe5_Chen,Pipe5_EKF_LE,Pipe5_AFEKF
Full_Period,0.704166210041249,0.0729581165302808,0.0615767687401642,0.0635247107965894,12.8839045823396,3.28982014361885,2.64003192132532,2.75211390616412,34.8051996252118,1.30015111262193,1.62748416715602,1.33365229664404,1.95888194061272,3.77950271646385,1.87211301689292,2.43012175708525
Normal_0to6h_18to24h,0.0582856705017342,0.0626376320632325,0.0580843494419722,0.060569252738704,7.98269257531067,2.89085403419531,2.41802215908585,2.47481035759797,26.8622985427242,1.10868326925562,1.3861933254993,1.08239795578576,1.45968886465094,3.14104456081277,1.36304321003882,1.77862026195639
Leak_12to18h,1.21124242636215,0.0902597452790548,0.0681295308391237,0.0691360728448361,19.1311213849636,3.96841919512552,3.01514826301426,3.21401216681638,46.4477076507658,1.60199966942442,2.00737591131877,1.71562603392601,2.71808447766404,4.86678939846107,2.63251451588963,3.38424659580008
