Period,P_RMSE_Standard,P_RMSE_Chen,P_RMSE_EKF_LE,P_RMSE_AFEKF,M_RMSE_Standard,M_RMSE_Chen,M_RMSE_EKF_LE,M_RMSE_AFEKF,Pipe1_Standard,Pipe1_Chen,Pipe1_EKF_LE,Pipe1_AFEKF,Pipe5_Standard,Pipe5_Chen,Pipe5_EKF_LE,Pipe5_AFEKF
Full_Period,1.51197831271968,0.0691076321220669,0.0600611867140482,0.0585936548954326,11.5948392016223,3.04789626675107,2.47455481733235,2.37578264781967,37.6204477786026,1.05914158554473,1.1852066023884,1.05022935367244,2.70755738907221,3.80116357306529,2.36002015899269,2.1525748300605
Normal_0to6h_18to24h,0.0552149018115761,0.0600261373881272,0.0552099129131721,0.0552489577211126,10.3662257796931,2.56036063675916,1.99031654165367,1.98939134465885,36.6124877743359,1.09248063708906,1.31256426270115,1.10821747522104,1.54473430246585,3.17629304163931,1.43099398940968,1.43616038482239
Leak_12to18h,2.60554779633277,0.085095291767455,0.0698259265939701,0.0659370821708825,13.593934587642,3.8515138978258,3.22517460449588,2.99671090868351,39.0608567451377,1.03924759661773,0.920789596245724,0.971393637061934,4.14143290534618,4.85177947839822,3.54917837505488,3.12609978347761
