Period,P_RMSE_Standard,P_RMSE_Chen,P_RMSE_EKF_LE,P_RMSE_AFEKF,M_RMSE_Standard,M_RMSE_Chen,M_RMSE_EKF_LE,M_RMSE_AFEKF,Pipe1_Standard,Pipe1_Chen,Pipe1_EKF_LE,Pipe1_AFEKF,Pipe5_Standard,Pipe5_Chen,Pipe5_EKF_LE,Pipe5_AFEKF
Full_Period,1.27958415157474,0.0678478771378686,0.0610233082790104,0.0593867198709353,13.1512081630434,3.23989054121448,2.76295489015962,2.6714219574962,34.4841511290115,1.22189545370689,1.61272011468462,1.18534945519726,10.0990830526646,3.82792819725671,2.35293831655232,2.08096873115778
Normal_0to6h_18to24h,0.0566381759931165,0.0608541996687044,0.0566672824196671,0.0569308703058791,8.17375018700245,2.98926665582487,2.55616366271403,2.5333975384826,27.5429327366361,1.12471231100955,1.31642783204155,1.14168220471721,1.73853824008752,3.18031232639537,1.52888480641874,1.45157940006885
Leak_12to18h,2.20461481527411,0.0809328046200156,0.0697207304744142,0.0648617832025195,19.5160889615085,3.73496252995857,3.17239751793137,2.96947104351449,44.9134542666593,1.38281337826892,2.06676667542686,1.25548798677439,17.2393867841875,4.89472121725201,3.44679794783431,2.95716542283315
