Period,P_RMSE_Standard,P_RMSE_Chen,P_RMSE_EKF_LE,P_RMSE_AFEKF,M_RMSE_Standard,M_RMSE_Chen,M_RMSE_EKF_LE,M_RMSE_AFEKF,Pipe1_Standard,Pipe1_Chen,Pipe1_EKF_LE,Pipe1_AFEKF,Pipe5_Standard,Pipe5_Chen,Pipe5_EKF_LE,Pipe5_AFEKF
Full_Period,0.447532240233824,0.0732689671367328,0.0639553005598367,0.069096005703621,13.6591756211024,3.469425313959,2.90812095864926,3.11488490948308,44.8806684314969,1.35746978027063,1.6916380330273,1.41041489356024,9.74528508231045,3.77935593016359,2.10629370655273,2.97755482694651
Normal_0to6h_18to24h,0.0578195987646262,0.0621574347948221,0.0572403182302684,0.0619940095460578,8.88650520659219,2.64408815007303,2.13748725678452,2.27991607040329,31.2062205052283,1.20013845787586,1.29876379125482,1.16077405803975,1.51868227843948,3.13686304191379,1.380314249105,2.09390916604988
Leak_12to18h,0.767242872661401,0.0912703877448423,0.0752558539224761,0.0812359232604734,19.9227683463426,4.72301836866605,4.03842459823935,4.3395221745272,63.554906247467,1.61225865695476,2.26778996899088,1.79798957041793,16.6677132381292,4.85476898949379,3.08413620619101,4.23638458994009
