Period,P_RMSE_Standard,P_RMSE_Chen,P_RMSE_EKF_LE,P_RMSE_AFEKF,M_RMSE_Standard,M_RMSE_Chen,M_RMSE_EKF_LE,M_RMSE_AFEKF,Pipe1_Standard,Pipe1_Chen,Pipe1_EKF_LE,Pipe1_AFEKF,Pipe5_Standard,Pipe5_Chen,Pipe5_EKF_LE,Pipe5_AFEKF
Full_Period,0.6176479155536,0.0674967095880449,0.0573623784341938,0.0584762007697134,11.9371334756894,3.46876058400826,2.78437434857097,2.87884129525082,29.0254830479368,1.18581519556335,1.23793587962752,1.1279611981326,16.1928901391246,3.84477063409009,1.59423660594115,2.00079606606719
Normal_0to6h_18to24h,0.0556978635795387,0.0606081831869724,0.0554167155474433,0.0557541743475125,8.50733966920381,3.09727996704425,2.66054741650261,2.648651619698,28.8063551617522,1.07301925607983,1.23539509048891,1.09375111012955,1.63864431520213,3.19884432574866,1.39749404039687,1.37367700459766
Leak_12to18h,1.06196153946095,0.0795658857980552,0.0611405037547858,0.0635970545194206,16.7045762074263,4.12852844995051,3.02349642414696,3.29508449252692,29.0589652086506,1.3709367422396,1.22665993261242,1.17943426949488,27.8241007856431,4.93535817205772,1.95477622556732,2.88143299599231
