Period,P_RMSE_Standard,P_RMSE_Chen,P_RMSE_EKF_LE,P_RMSE_AFEKF,M_RMSE_Standard,M_RMSE_Chen,M_RMSE_EKF_LE,M_RMSE_AFEKF,Pipe1_Standard,Pipe1_Chen,Pipe1_EKF_LE,Pipe1_AFEKF,Pipe5_Standard,Pipe5_Chen,Pipe5_EKF_LE,Pipe5_AFEKF
Full_Period,0.416872612417886,0.0702570732407196,0.0603436110776639,0.0592660417631525,12.9296644639697,3.14461526304657,2.5276358288883,2.4640293722317,34.7733504602186,1.24056761049084,1.41545456701259,1.15413105344879,9.58644771697033,3.79579459617347,2.02697900689199,1.96460947660069
Normal_0to6h_18to24h,0.0578629161265959,0.0626189899799668,0.0578460118566208,0.0579656367934053,8.88822951125774,2.82913206826601,2.3263115910779,2.32197362725148,31.6791883957126,1.27866679465175,1.37039849316701,1.28806152921176,1.56906302970394,3.17525010628424,1.41449306297446,1.3459669459593
Leak_12to18h,0.714053257278701,0.0832188447686542,0.0646241148938288,0.0613434105135382,18.4099682682147,3.69236307080964,2.8649707541213,2.70199865491161,39.8350444907603,1.14570263340646,1.48410928609202,0.80317067887675,16.3806698538469,4.83759757942831,2.88241270921829,2.81790044365874
