Period,P_RMSE_Standard,P_RMSE_Chen,P_RMSE_EKF_LE,P_RMSE_AFEKF,M_RMSE_Standard,M_RMSE_Chen,M_RMSE_EKF_LE,M_RMSE_AFEKF,Pipe1_Standard,Pipe1_Chen,Pipe1_EKF_LE,Pipe1_AFEKF,Pipe5_Standard,Pipe5_Chen,Pipe5_EKF_LE,Pipe5_AFEKF
Full_Period,1.91441736031932,0.0701448175109665,0.0618231675174612,0.0592810767112612,13.9668046661277,3.39553474079253,2.70747582819938,2.69067774951027,34.4193638730488,1.56322705714059,1.65350047380296,1.44835389946306,8.32423061861488,3.69519145077165,1.46017745782625,1.49560483572432
Normal_0to6h_18to24h,0.0588129111134811,0.0634672222442253,0.058164265995649,0.0585297499802472,8.52758682549635,2.85964647376082,2.39701556042199,2.37628150498389,29.4243784782005,1.58807600481321,1.8390905425892,1.58104897065945,1.63501338208678,3.06786591480882,1.4028814451654,1.39277442723755
Leak_12to18h,3.29944154476556,0.0815324618411757,0.0682141631402817,0.0604632170814005,20.8449862240546,4.27554891202838,3.23128238812989,3.22020728687162,42.3040628836448,1.5104806073557,1.19021383841982,1.13497698714551,14.168877248056,4.74472713867783,1.5793874663523,1.6936297499815
