Period,P_RMSE_Standard,P_RMSE_Chen,P_RMSE_EKF_LE,P_RMSE_AFEKF,M_RMSE_Standard,M_RMSE_Chen,M_RMSE_EKF_LE,M_RMSE_AFEKF,Pipe1_Standard,Pipe1_Chen,Pipe1_EKF_LE,Pipe1_AFEKF,Pipe5_Standard,Pipe5_Chen,Pipe5_EKF_LE,Pipe5_AFEKF
Full_Period,1.62209408715273,0.0750420735229765,0.0644171547353023,0.0638866934064326,14.7219930104148,3.1912924996039,2.57335920797712,2.55971532240075,41.4192954400582,1.19345320313267,1.50338796907737,1.16846765869264,19.7023666402992,3.87496274595698,2.2298813611714,2.07009140364254
Normal_0to6h_18to24h,0.0598768981529528,0.0646742870426224,0.0597734261389686,0.0599638477848327,9.22743438572051,2.59795369366619,2.04994895408367,2.03413922617224,32.2352629579145,1.0735254119928,1.40596687928402,1.08543169112289,1.50606902390809,3.23080681593605,1.46307757008771,1.50129506097955
Leak_12to18h,2.79524232040249,0.0921895468744423,0.0725180896165717,0.0707903488865442,21.7717120237668,4.1336413931827,3.37425503372198,3.36301612828508,54.9618017590988,1.38885400340809,1.66357150634908,1.30603465163378,33.9019605646313,4.94946604758165,3.25736294867191,2.89000247202573
