Period,P_RMSE_Standard,P_RMSE_Chen,P_RMSE_EKF_LE,P_RMSE_AFEKF,M_RMSE_Standard,M_RMSE_Chen,M_RMSE_EKF_LE,M_RMSE_AFEKF,Pipe1_Standard,Pipe1_Chen,Pipe1_EKF_LE,Pipe1_AFEKF,Pipe5_Standard,Pipe5_Chen,Pipe5_EKF_LE,Pipe5_AFEKF
Full_Period,1.044316913339,0.0704844248855039,0.0597768706999748,0.0588258667188966,11.0870282855728,3.19818935779957,2.58437513811796,2.49879947440908,30.8308426806582,1.13620122273897,1.30166997035517,1.14417545095435,9.38312998275843,3.82035761100077,1.87515542127458,1.57659226982816
Normal_0to6h_18to24h,0.0577418613552614,0.0627924030357374,0.0572726216828318,0.0572307998249608,9.03111197240152,2.77507574575473,2.24503586006944,2.24515396619532,31.6911125464971,1.0813553886774,1.29119563093399,1.12106496156225,1.39336997541568,3.12976110170508,1.22474464828151,1.15429424532239
Leak_12to18h,1.79857488420864,0.0834571304142949,0.0640195910989438,0.0614298251730526,14.2241344675721,3.91045265691715,3.14104266430265,2.92745596257035,28.575704678524,1.22490556237616,1.30657094202071,1.17559581345815,16.0576877749368,4.9414787690818,2.73584262179239,2.17899821671924
