Period,P_RMSE_Standard,P_RMSE_Chen,P_RMSE_EKF_LE,P_RMSE_AFEKF,M_RMSE_Standard,M_RMSE_Chen,M_RMSE_EKF_LE,M_RMSE_AFEKF,Pipe1_Standard,Pipe1_Chen,Pipe1_EKF_LE,Pipe1_AFEKF,Pipe5_Standard,Pipe5_Chen,Pipe5_EKF_LE,Pipe5_AFEKF
Full_Period,1.56711608583427,0.0724605776962246,0.0601887425916929,0.058315212633136,11.5883611068329,3.22264382427607,2.52037220826374,2.4543465416676,33.1291165559866,1.15005927531861,1.56541764896777,1.16807606617104,3.71182581970258,3.83304282605852,1.50153599306893,1.26692491660119
Normal_0to6h_18to24h,0.0562691723462307,0.0609213969411894,0.0560770706998762,0.0559300500595757,10.1633802526752,2.8211174054189,2.33575332784377,2.30745827804066,35.5685821474049,1.20000977212354,1.62918208971877,1.20623519396169,1.61909120805415,3.21739622159387,1.43392545775189,1.33817431656384
Leak_12to18h,2.70067996262865,0.0945000204598045,0.0715337358851861,0.0668834447543471,13.891315112382,3.94632816720042,2.89641900739963,2.77043635831956,27.0533802846835,1.02637162244289,1.40725442014629,1.07226586691969,5.98240728827986,4.86510224386549,1.62699605809944,1.10929559677423
