Period,P_RMSE_Standard,P_RMSE_Chen,P_RMSE_EKF_LE,P_RMSE_AFEKF,M_RMSE_Standard,M_RMSE_Chen,M_RMSE_EKF_LE,M_RMSE_AFEKF,Pipe1_Standard,Pipe1_Chen,Pipe1_EKF_LE,Pipe1_AFEKF,Pipe5_Standard,Pipe5_Chen,Pipe5_EKF_LE,Pipe5_AFEKF
Full_Period,11.0693286951515,0.413458701930524,0.101248793575381,0.085166529617723,135.259087596796,21.3388435763152,2.32200868918043,2.30881607082511,539.755825074498,60.6440608369171,1.5067888838945,1.5249101265798,15.817420259417,3.73804388513959,0.844761255174731,0.821388909403395
Normal_0to6h_18to24h,0.101151490939966,0.101075687569674,0.101147594270059,0.0870821639132679,109.072066468034,2.21637104336457,2.17092141529989,2.15902371486905,447.130865212667,2.89453392312917,1.63858232366827,1.64072736957379,1.35453788892216,0.78752526001086,0.817874212746958,0.796364470169869
Leak_12to18h,23.3718697233087,0.852472170558742,0.101230346784852,0.083476123169643,214.173954346834,44.8418647633455,2.28679715034592,2.28340658191991,836.119380592758,127.948024391869,1.07344016605102,1.19675932006474,33.3125687549047,7.7643215844057,0.986672475103259,0.958123852729162
