Period,P_RMSE_Standard,P_RMSE_Chen,P_RMSE_EKF_LE,P_RMSE_AFEKF,M_RMSE_Standard,M_RMSE_Chen,M_RMSE_EKF_LE,M_RMSE_AFEKF,Pipe1_Standard,Pipe1_Chen,Pipe1_EKF_LE,Pipe1_AFEKF,Pipe5_Standard,Pipe5_Chen,Pipe5_EKF_LE,Pipe5_AFEKF
Full_Period,14.3015271211232,1.58253512066902,0.104490259805167,0.0806854385450754,141.855294975116,34.4914980016954,2.51637834169086,2.4690896564666,578.809847992524,114.950084715945,1.58049697061645,1.4060271879966,28.6816165326618,8.31494338382177,0.768154845979668,0.73458170578423
Normal_0to6h_18to24h,0.106225837015826,0.10625225587015,0.106276354946688,0.0871412738896798,111.801752709534,2.78762772827846,2.7293168816642,2.67724304948958,457.216464782962,3.50083961805754,1.73103573527032,1.55200505796192,0.743109608311944,0.580941476911051,0.65881546361217,0.595600949031164
Leak_12to18h,30.1967048574296,3.33588103540501,0.1016435959388,0.0677799062262563,228.503995047309,72.6572813759468,2.03635432668871,2.007227875823,930.856354632873,242.638302938533,1.34475794051932,1.12479502137739,60.5431920726716,17.5242616654124,0.937100527817977,0.993547805715234
