Period,P_RMSE_Standard,P_RMSE_Chen,P_RMSE_EKF_LE,P_RMSE_AFEKF,M_RMSE_Standard,M_RMSE_Chen,M_RMSE_EKF_LE,M_RMSE_AFEKF,Pipe1_Standard,Pipe1_Chen,Pipe1_EKF_LE,Pipe1_AFEKF,Pipe5_Standard,Pipe5_Chen,Pipe5_EKF_LE,Pipe5_AFEKF
Full_Period,5.3104356307878,1.10048751930019,0.101525944107833,0.0860500311549353,137.72652069953,24.7921314231453,2.33429880450753,2.31912306150548,552.078704726297,74.4744396578282,1.57211594321486,1.55325221759831,14.966144613399,4.50716474485876,0.959061024464684,0.937559399001432
Normal_0to6h_18to24h,0.10292946872979,0.102993992369114,0.102882318766129,0.0905041393214007,110.687833006393,2.32735396225937,2.24121502109465,2.23182041026182,454.42234316469,3.05798028783327,1.45000898100149,1.4543464279407,1.57232920110945,0.893375860853208,0.924218516016133,0.894236968214108
Leak_12to18h,11.2112607702285,2.31607291516189,0.100550254052869,0.078146816548035,218.658131062931,52.1758569861273,2.76955445288778,2.7423157612695,859.860251857157,157.160680809161,1.98668651676587,1.9229244484658,31.4777584346658,9.38199671948929,1.08775172539378,1.09078091381534
