Period,P_RMSE_Standard,P_RMSE_Chen,P_RMSE_EKF_LE,P_RMSE_AFEKF,M_RMSE_Standard,M_RMSE_Chen,M_RMSE_EKF_LE,M_RMSE_AFEKF,Pipe1_Standard,Pipe1_Chen,Pipe1_EKF_LE,Pipe1_AFEKF,Pipe5_Standard,Pipe5_Chen,Pipe5_EKF_LE,Pipe5_AFEKF
Full_Period,1.1742605623162,0.957656753043721,0.105655823174552,0.0799825870183891,131.305753390176,23.2112323597897,2.79159626287499,2.75421612415948,534.846305333325,75.4831979721555,1.62262987727109,1.53396976733756,1.24991155985644,5.02518824800217,0.806928490664981,0.766501355866183
Normal_0to6h_18to24h,0.105529494935634,0.105469337126372,0.105472632846265,0.0845376253537148,112.19564516063,2.84929800465613,2.77134824328887,2.73615846737906,459.544722524273,3.34380664512759,1.66669748641138,1.59098978269472,0.900039761477616,0.786790220722503,0.805321117669824,0.761893347080984
Leak_12to18h,2.47142008403628,2.01246242829074,0.100886234294219,0.0737980516440572,197.737135889277,48.7315442153357,2.87459772740252,2.84641074653997,801.129485695522,159.274789121875,1.5934220493955,1.5107142872958,2.09147890824133,10.517021692533,0.892541555742985,0.867502991792312
