Period,P_RMSE_Standard,P_RMSE_Chen,P_RMSE_EKF_LE,P_RMSE_AFEKF,M_RMSE_Standard,M_RMSE_Chen,M_RMSE_EKF_LE,M_RMSE_AFEKF,Pipe1_Standard,Pipe1_Chen,Pipe1_EKF_LE,Pipe1_AFEKF,Pipe5_Standard,Pipe5_Chen,Pipe5_EKF_LE,Pipe5_AFEKF
Full_Period,10.7663859322431,1.25605227712393,0.0996379585681707,0.0782824152511432,121.24778064737,22.1131999928483,2.46970525722841,2.45451871336251,480.559192668932,75.2585510638925,1.49061675031505,1.45939967901269,2.03058535202445,4.85882331629063,0.739205775332209,0.753291823713381
Normal_0to6h_18to24h,0.101559420607661,0.101537859583461,0.101431919721417,0.0826759373918624,109.636881777344,2.36966240788414,2.29174706034382,2.27545621501308,449.884026559567,3.12546869715978,1.6159445987095,1.5691080819734,1.26937749880134,0.550203987853865,0.559451009401243,0.539224218842412
Leak_12to18h,22.7322033707011,2.64567847349993,0.0969828701488665,0.0709837989614056,171.689268980431,46.4696469041717,2.70435592634282,2.70096549162035,649.928329270184,158.811491456293,1.03824028167101,1.11087666212705,3.59954979781608,10.2043999534122,0.954460879827221,1.07152607261983
