Period,P_RMSE_Standard,P_RMSE_Chen,P_RMSE_EKF_LE,P_RMSE_AFEKF,M_RMSE_Standard,M_RMSE_Chen,M_RMSE_EKF_LE,M_RMSE_AFEKF,Pipe1_Standard,Pipe1_Chen,Pipe1_EKF_LE,Pipe1_AFEKF,Pipe5_Standard,Pipe5_Chen,Pipe5_EKF_LE,Pipe5_AFEKF
Full_Period,11.1950100681844,1.03149216609063,0.104178852759599,0.0798480124148748,132.216985037371,34.2221368603876,2.59307697309348,2.53785603591654,528.481969005972,122.717048095784,1.53247255772507,1.36144888832935,20.7682784898837,3.48030873416078,0.913766905792914,0.870037776070181
Normal_0to6h_18to24h,0.10374130673376,0.103949733048843,0.103689341622428,0.0838104496655715,109.058178782473,2.41743626802524,2.39257502975513,2.34642149925912,446.829766100439,2.56403435799447,1.47557253265347,1.37914892300354,1.4970944177242,0.783649398537982,0.787843236696937,0.720715593080403
Leak_12to18h,23.637214224761,2.16938061505103,0.105834111278262,0.0770101286144989,205.547172565389,72.0972396062256,2.42998356002804,2.37355405377293,803.8718429424,259.074037059139,1.50415562656946,1.22592936559136,43.7690746836186,7.21323515035185,1.15497247563899,1.17834107882259
