Period,P_RMSE_Standard,P_RMSE_Chen,P_RMSE_EKF_LE,P_RMSE_AFEKF,M_RMSE_Standard,M_RMSE_Chen,M_RMSE_EKF_LE,M_RMSE_AFEKF,Pipe1_Standard,Pipe1_Chen,Pipe1_EKF_LE,Pipe1_AFEKF,Pipe5_Standard,Pipe5_Chen,Pipe5_EKF_LE,Pipe5_AFEKF
Full_Period,6.87764799654731,1.69623399334035,0.105434170911328,0.0788905849625573,149.926197337272,30.7853201045964,2.82389681285946,2.75943650615295,606.509175885928,102.993124020059,1.55915851211932,1.3390326157472,27.3299217808515,7.22418263494838,0.772916075858581,0.722535432469549
Normal_0to6h_18to24h,0.102637832055725,0.102333673842301,0.102480732317719,0.0805514602317569,108.808543813536,2.98801716308518,2.94907396084793,2.86911164790052,445.534723764179,3.11162333491805,1.64559643827553,1.38054225712201,1.29514979972643,0.73618803784043,0.748505588749054,0.6688250408167
Leak_12to18h,14.5206892697772,3.57636813708791,0.108672699373154,0.07666887245315,254.34911968444,64.7789981832158,2.64755988636906,2.63743502404713,1022.01190768024,217.399026789084,1.28015513297616,1.16325089298793,57.6597589686128,15.1965004325326,0.786338538279515,0.857373880599806
