Period,P_RMSE_Standard,P_RMSE_Chen,P_RMSE_EKF_LE,P_RMSE_AFEKF,M_RMSE_Standard,M_RMSE_Chen,M_RMSE_EKF_LE,M_RMSE_AFEKF,Pipe1_Standard,Pipe1_Chen,Pipe1_EKF_LE,Pipe1_AFEKF,Pipe5_Standard,Pipe5_Chen,Pipe5_EKF_LE,Pipe5_AFEKF
Full_Period,11.7316439936813,1.18495063231103,0.103779684888889,0.0813307751495063,133.081012763422,46.0882076533323,2.86633318216388,2.84888972962746,544.564688772072,167.020462153637,1.82423464240554,1.80632211291498,43.2453062820534,4.40073477611803,0.935319159852893,0.939897316094573
Normal_0to6h_18to24h,0.105997876095301,0.105795714808728,0.105997465641873,0.0871431028842636,110.566647894136,3.3114186587162,3.27228763995206,3.25191083179179,453.577346824999,2.99942224791375,2.06773020134113,2.07626881993576,1.52609114494789,0.930440963672135,0.968778476073521,0.946774626551458
Leak_12to18h,24.7703198627439,2.49443509718013,0.0989478839262515,0.0700287249946838,205.630348994988,97.1421557709506,1.93247011859069,1.93225073552149,839.59764217751,352.620535161631,1.25193299721998,1.11959586741813,91.2709502018943,9.14321638380934,0.823128682931299,0.943849530566983
