Period,P_RMSE_Standard,P_RMSE_Chen,P_RMSE_EKF_LE,P_RMSE_AFEKF,M_RMSE_Standard,M_RMSE_Chen,M_RMSE_EKF_LE,M_RMSE_AFEKF,Pipe1_Standard,Pipe1_Chen,Pipe1_EKF_LE,Pipe1_AFEKF,Pipe5_Standard,Pipe5_Chen,Pipe5_EKF_LE,Pipe5_AFEKF
Full_Period,7.37378865562222,1.37528357688312,0.106318901184237,0.0839965435662399,130.52056742199,49.7374002391428,2.28945396441918,2.26211529750318,513.36953681397,176.499686971393,1.61361145900397,1.5623389072219,28.8121500503699,9.72471946597859,0.932992034929773,0.902240019260422
Normal_0to6h_18to24h,0.104273335555609,0.104231010854497,0.104270358998064,0.0871971367986189,111.975742261375,2.01760016276406,1.89075110242262,1.86481776090744,458.542624721197,3.2960263067542,1.50332383917861,1.45001716405005,1.53574029116551,0.756978258714402,0.805359330331435,0.765578023248133
Leak_12to18h,15.5683643114388,2.89747404943164,0.11165279826241,0.0807071297963876,195.776028358439,104.935654405206,2.48018845891709,2.46809102682186,737.699753199926,372.63032272412,1.91873676303854,1.92305966919535,60.7738813215879,20.4896977686929,1.19646262137084,1.21355751475046
