Period,P_RMSE_Standard,P_RMSE_Chen,P_RMSE_EKF_LE,P_RMSE_AFEKF,M_RMSE_Standard,M_RMSE_Chen,M_RMSE_EKF_LE,M_RMSE_AFEKF,Pipe1_Standard,Pipe1_Chen,Pipe1_EKF_LE,Pipe1_AFEKF,Pipe5_Standard,Pipe5_Chen,Pipe5_EKF_LE,Pipe5_AFEKF
Full_Period,3.72943292883092,1.78540067407098,0.101181530420648,0.0809495690688303,123.460088241808,30.9573588992933,2.86384065584114,2.82248510125238,489.561026260711,94.3299939959742,1.45808716003219,1.39589392771291,43.1125265656112,4.44901205025715,0.888224322311263,0.837615642167339
Normal_0to6h_18to24h,0.10089109004606,0.100911940392789,0.100509909631939,0.0850688165029415,112.533268491147,3.24665050285958,3.1957446676472,3.15164526747796,459.941121341765,2.94936083526994,1.71459474259495,1.61391324889801,0.906427904277693,0.78423245150314,0.830125594601939,0.801264116254299
Leak_12to18h,7.87232514170401,3.76526500111649,0.0994585662851416,0.076034989185325,173.098909900055,65.1141041764554,2.17181094300619,2.13551456332892,658.703951641747,199.109687685742,0.563302912049229,0.712194465046716,91.0148619619781,9.28994569797925,0.985881247673299,0.885567130656772
