Period,P_RMSE_Standard,P_RMSE_Chen,P_RMSE_EKF_LE,P_RMSE_AFEKF,M_RMSE_Standard,M_RMSE_Chen,M_RMSE_EKF_LE,M_RMSE_AFEKF,Pipe1_Standard,Pipe1_Chen,Pipe1_EKF_LE,Pipe1_AFEKF,Pipe5_Standard,Pipe5_Chen,Pipe5_EKF_LE,Pipe5_AFEKF
Full_Period,4.50491311152952,1.60105952811338,0.103265839380912,0.0804767738978639,137.178787927751,26.1223838405087,2.44271068237548,2.41998780509028,551.389167913369,84.9998026532678,1.52198826722651,1.39938370922798,15.7545343375404,6.74689145563716,0.833475567753673,0.831635908009736
Normal_0to6h_18to24h,0.103208743664001,0.103221641576995,0.103193433552631,0.0840872883354512,111.878128085289,2.3920465649831,2.29967887135762,2.27546188263023,457.859361297257,3.37644251906253,1.50407327608844,1.40539832109691,0.847214698941741,0.694956640642314,0.713040890352567,0.693744264862949
Leak_12to18h,9.51008886126023,3.37523077009857,0.104171673721762,0.0750881181955763,215.279533968788,54.9877358996411,3.02626685258836,3.01092516929616,852.38501853129,179.376971363517,1.48392570593197,1.21421252359089,33.2308035984598,14.1912998030179,1.19209136753501,1.22930141436002
