Period,P_RMSE_Standard,P_RMSE_Chen,P_RMSE_EKF_LE,P_RMSE_AFEKF,M_RMSE_Standard,M_RMSE_Chen,M_RMSE_EKF_LE,M_RMSE_AFEKF,Pipe1_Standard,Pipe1_Chen,Pipe1_EKF_LE,Pipe1_AFEKF,Pipe5_Standard,Pipe5_Chen,Pipe5_EKF_LE,Pipe5_AFEKF
Full_Period,27.4504586491082,1.49169765941497,0.105832160001788,0.0845325078105651,131.067105572029,24.6509729545075,2.5502027521643,2.51041981213965,532.300723125205,76.4610295948497,1.82551984330924,1.7829465327171,31.7868127019072,4.05827763895029,0.901032750894034,0.881952143457063
Normal_0to6h_18to24h,0.105939041153074,0.10601288678356,0.105938862882672,0.0869915336183482,110.092362135911,2.66660506481276,2.62190538636599,2.58817177965863,450.910975278621,3.02247661584651,1.8841327903681,1.8578692764098,1.64078387878666,0.964115116945993,0.958608022341919,0.911124007715944
Leak_12to18h,57.9606673476654,3.14363572868845,0.106391122878625,0.087127017956899,200.555600570011,51.8067624602637,2.01071820659932,1.97539001866934,808.256019205601,161.355406338012,1.36224436697736,1.44214275263582,67.0543046299465,8.39453665968332,0.721313420080767,0.835800094951208
