Period,P_RMSE_Standard,P_RMSE_Chen,P_RMSE_EKF_LE,P_RMSE_AFEKF,M_RMSE_Standard,M_RMSE_Chen,M_RMSE_EKF_LE,M_RMSE_AFEKF,Pipe1_Standard,Pipe1_Chen,Pipe1_EKF_LE,Pipe1_AFEKF,Pipe5_Standard,Pipe5_Chen,Pipe5_EKF_LE,Pipe5_AFEKF
Full_Period,1.37068723631675,1.4936698672085,0.105297351436783,0.0778775412075925,131.530824914871,27.7828741924719,2.64201866039587,2.55782992425894,540.178847932751,68.1494189357176,1.77282568491598,1.40122428486221,1.5515689294606,3.22040255096871,0.857781035693033,0.799584882487216
Normal_0to6h_18to24h,0.105798910132087,0.105841120282994,0.105796030077265,0.0822617137836293,108.996149194524,2.06192472668582,2.00080281376968,1.93325485150157,447.458188510487,3.1560164393461,1.62282738472032,1.33419120527693,1.34783493890064,0.561442636188474,0.63032032780485,0.552054757572198
Leak_12to18h,2.88761743862044,3.14789335783468,0.107331763279044,0.0733205851429898,203.67745526158,58.5062990069878,3.65166358893885,3.56119074829938,836.810938832322,143.786541560957,1.9633827427579,1.52775441954153,2.23198488190375,6.71443948966416,1.33697168055944,1.32548615870028
