Period,P_RMSE_Standard,P_RMSE_Chen,P_RMSE_EKF_LE,P_RMSE_AFEKF,M_RMSE_Standard,M_RMSE_Chen,M_RMSE_EKF_LE,M_RMSE_AFEKF,Pipe1_Standard,Pipe1_Chen,Pipe1_EKF_LE,Pipe1_AFEKF,Pipe5_Standard,Pipe5_Chen,Pipe5_EKF_LE,Pipe5_AFEKF
Full_Period,6.45235518727766,0.547715971600349,0.105325555133043,0.079384843272449,116.228246138936,16.5156262664519,2.30496206735471,2.24997755951555,462.33377803875,44.195786713922,1.49014007457135,1.33885936649166,18.5466504103731,3.00556699365539,0.926619541636347,0.864202224981128
Normal_0to6h_18to24h,0.106358091122921,0.106239140108449,0.106338986357862,0.0827650919627475,109.356343128775,2.21735907586069,2.14362668350021,2.08835859922065,448.036559352222,3.26323402418845,1.50137082888615,1.35097361815658,1.48522572887245,0.919167980417293,0.912387338557854,0.694238045667278
Leak_12to18h,13.6225863203369,1.14001579429521,0.105139415107991,0.0832075727400619,156.044064097016,34.6407138787662,2.90597043286981,2.87411759501022,592.257373696568,93.1422928778054,1.49028745495794,1.40150444737146,39.0700315527952,6.13890990565378,0.920025446434496,1.30170079110922
