Period,P_RMSE_Standard,P_RMSE_Chen,P_RMSE_EKF_LE,P_RMSE_AFEKF,M_RMSE_Standard,M_RMSE_Chen,M_RMSE_EKF_LE,M_RMSE_AFEKF,Pipe1_Standard,Pipe1_Chen,Pipe1_EKF_LE,Pipe1_AFEKF,Pipe5_Standard,Pipe5_Chen,Pipe5_EKF_LE,Pipe5_AFEKF
Full_Period,4.97079126969676,1.09259158304178,0.103171917770442,0.0851383014921788,125.091372135749,24.1764386182383,2.37382693596359,2.36122676310054,507.107568548118,75.0119080577662,1.39980008504586,1.35353977868009,2.44388866278204,4.79732668460957,0.905661409535632,0.882989083658037
Normal_0to6h_18to24h,0.103536941390131,0.103401810732491,0.103541943963055,0.0871160576605024,110.488434474425,2.57449913927873,2.48552742425375,2.46958253451885,453.127752577978,3.28775315399486,1.50587668808124,1.43841172041256,0.940673935522118,0.827822845205227,0.899376606838676,0.863102834728934
Leak_12to18h,10.4939389260176,2.29883550575958,0.101463074935262,0.0857576598733206,182.039013294817,50.8353374205825,2.12918738970408,2.13619649983921,728.369231365717,158.282126041546,1.21876715089929,1.25552075442598,4.87028801820001,10.0200842433544,0.986719515270266,1.00568262127148
