Period,P_RMSE_Standard,P_RMSE_Chen,P_RMSE_EKF_LE,P_RMSE_AFEKF,M_RMSE_Standard,M_RMSE_Chen,M_RMSE_EKF_LE,M_RMSE_AFEKF,Pipe1_Standard,Pipe1_Chen,Pipe1_EKF_LE,Pipe1_AFEKF,Pipe5_Standard,Pipe5_Chen,Pipe5_EKF_LE,Pipe5_AFEKF
Full_Period,19.3559241869389,1.10949028310768,0.105562429426178,0.0760397411533125,128.524899914164,24.7974439414132,2.48952376231763,2.43866843345502,522.436604629349,73.7356330106618,1.66505766101535,1.5881647804938,45.6896442717612,3.14469339286713,0.81427645422778,0.828501098943382
Normal_0to6h_18to24h,0.105042704270077,0.105040938138827,0.105010596851766,0.0815586350000359,110.839360024075,2.21939788945647,2.1604301292406,2.13029555835738,454.157447652917,2.90231392230348,1.66204135313501,1.68332383005884,0.754091345652802,0.695369443320131,0.691668580789718,0.597033855571084
Leak_12to18h,40.869105074571,2.33453477074003,0.104102390391281,0.0682803814597678,191.803313085571,52.2098081430738,3.54729957619226,3.47287928956369,773.356140963652,155.608878494135,1.79722838708451,1.50628920067186,96.4610833019639,6.52234137665721,0.99845623588116,1.33956414007339
