Period,P_RMSE_Standard,P_RMSE_Chen,P_RMSE_EKF_LE,P_RMSE_AFEKF,M_RMSE_Standard,M_RMSE_Chen,M_RMSE_EKF_LE,M_RMSE_AFEKF,Pipe1_Standard,Pipe1_Chen,Pipe1_EKF_LE,Pipe1_AFEKF,Pipe5_Standard,Pipe5_Chen,Pipe5_EKF_LE,Pipe5_AFEKF
Full_Period,19.5203720011665,1.11891801382605,0.104379110628422,0.0749906363239298,130.565896328517,24.7086416914487,2.58346892018778,2.54896077841879,509.705215313458,67.2045498613846,1.4800673233383,1.39261969738756,29.3134013245071,3.23791089112277,0.722664335576407,0.7056158066099
Normal_0to6h_18to24h,0.103011737293023,0.10296408463279,0.103013588564364,0.077267347944912,109.967577433062,2.72702759054713,2.68664007222305,2.65619598115431,451.231941407294,3.07639357203735,1.50079089922316,1.40957167948031,0.721762603716533,0.694733361698495,0.701772909464241,0.655103545566115
Leak_12to18h,41.216361593559,2.35481022023243,0.108464040252661,0.0716863452955782,199.300998319113,51.9204157903902,2.08953464723613,2.07171529792114,739.892750989114,141.798471694496,1.65375486140978,1.52065807459059,61.8797032153015,6.72148097644458,0.759685999867548,0.857840523710526
