Period,P_RMSE_Standard,P_RMSE_Chen,P_RMSE_EKF_LE,P_RMSE_AFEKF,M_RMSE_Standard,M_RMSE_Chen,M_RMSE_EKF_LE,M_RMSE_AFEKF,Pipe1_Standard,Pipe1_Chen,Pipe1_EKF_LE,Pipe1_AFEKF,Pipe5_Standard,Pipe5_Chen,Pipe5_EKF_LE,Pipe5_AFEKF
Full_Period,2.43609292255256,1.32130247169559,0.105677472543429,0.0819443899329615,135.587244585222,37.4048412318699,2.45050578356023,2.40137030456836,561.591558821813,137.084911055124,1.29500416745255,1.16082614165993,43.2415764927889,4.63650167234738,0.85060215400397,0.803882327513506
Normal_0to6h_18to24h,0.106099752137246,0.106144204694603,0.106076490619462,0.0879144940176191,110.156558109584,2.429572048669,2.33285864345441,2.28684492416712,452.663795555607,3.44414532963072,1.32512557572248,1.16774671589059,1.31977295108635,0.70637715571373,0.737003681914868,0.679113850813887
Leak_12to18h,5.14001298076016,2.78293277004856,0.106522052949459,0.0682227556785925,213.430100546231,78.8400970055185,2.16998202092202,2.12153898277707,889.59356445607,289.388964873279,0.803208518872109,0.85466610736251,91.2728102068898,9.70603875403501,1.15571025759552,1.10121120085593
