Period,P_RMSE_Standard,P_RMSE_Chen,P_RMSE_EKF_LE,P_RMSE_AFEKF,M_RMSE_Standard,M_RMSE_Chen,M_RMSE_EKF_LE,M_RMSE_AFEKF,Pipe1_Standard,Pipe1_Chen,Pipe1_EKF_LE,Pipe1_AFEKF,Pipe5_Standard,Pipe5_Chen,Pipe5_EKF_LE,Pipe5_AFEKF
Full_Period,9.38720421525806,1.40004237028031,0.104267847467077,0.077356102615441,131.872720304425,41.146050398526,3.17798386138818,3.09226517655356,520.338635469399,145.264711968407,2.00933195596813,1.66644565381836,43.2109762600318,7.02070843673787,0.85916362547102,0.856672883428621
Normal_0to6h_18to24h,0.102893377621909,0.102874522108118,0.102687265780581,0.0800939347588913,110.400398554556,2.95775979556114,2.89181387182377,2.79804910090706,452.537235202312,3.42713338229365,1.91883917948346,1.61034521381217,1.42124474159819,0.724304475894749,0.783060707419896,0.670763555174445
Leak_12to18h,19.8199363784232,2.95008533776305,0.109140821865929,0.0763292301503198,202.387260070351,86.6926250485403,3.6082302387933,3.54797636184601,769.890726355227,306.66153895795,2.13226941595197,1.65003901028961,91.2042214612837,14.7635570959611,1.08161652220118,1.33206179625303
