Period,P_RMSE_Standard,P_RMSE_Chen,P_RMSE_EKF_LE,P_RMSE_AFEKF,M_RMSE_Standard,M_RMSE_Chen,M_RMSE_EKF_LE,M_RMSE_AFEKF,Pipe1_Standard,Pipe1_Chen,Pipe1_EKF_LE,Pipe1_AFEKF,Pipe5_Standard,Pipe5_Chen,Pipe5_EKF_LE,Pipe5_AFEKF
Full_Period,5.79060479479762,0.79316565667904,0.108028696239696,0.0853953760388997,123.020271771593,18.6800539486103,2.31950399621615,2.2943317083158,495.385243157233,46.6563622044154,1.52405022751503,1.4220236456463,2.09430697333887,2.94048880096945,0.970524296903186,0.93901536948047
Normal_0to6h_18to24h,0.107830144682451,0.107902224580618,0.107693419738153,0.089253500930837,109.375260420427,2.30446930003544,2.22269311865284,2.19841822955133,448.990356045776,3.50133938231318,1.65856237168159,1.53004538794524,1.50955196623799,0.839776454455682,0.915751801614426,0.873343345169185
Leak_12to18h,12.225100801437,1.66284689763059,0.111232869764807,0.0838561510132217,177.707195186386,39.2066687477849,2.34379553964786,2.33232711453041,699.518688224467,98.3244116425452,1.16877662340679,1.1819850116545,3.51384269423207,6.02875701554105,1.14183320842808,1.13856418361227
