Period,P_RMSE_Standard,P_RMSE_Chen,P_RMSE_EKF_LE,P_RMSE_AFEKF,M_RMSE_Standard,M_RMSE_Chen,M_RMSE_EKF_LE,M_RMSE_AFEKF,Pipe1_Standard,Pipe1_Chen,Pipe1_EKF_LE,Pipe1_AFEKF,Pipe5_Standard,Pipe5_Chen,Pipe5_EKF_LE,Pipe5_AFEKF
Full_Period,1.89851209919819,1.17776896644655,0.10319450550323,0.0793105401884457,129.260808218809,21.5980692270386,2.81617643320511,2.77890521545787,525.009822390392,59.4574796906897,1.9789767331458,1.84499360423002,41.9523680711718,3.82473213621874,0.907320132014446,0.839919626864948
Normal_0to6h_18to24h,0.102449390154097,0.102395403651062,0.102196101170907,0.0818299478091097,109.846144142256,2.99190410968055,2.92745284055902,2.88716036832671,450.51276268783,3.58182874105879,2.10900854664175,1.96696281905662,1.42134035689366,0.789966770673568,0.820199701861617,0.769015787374417
Leak_12to18h,4.00407285769553,2.47947280322468,0.104166472520894,0.0803247022122438,195.680895600402,45.286725302055,2.78696612981767,2.7724230112886,787.392845439097,125.383506918434,1.65880365413064,1.54924452683454,88.5441774771695,7.95146300344398,1.05888060271234,0.982203248202707
