Period,P_RMSE_Standard,P_RMSE_Chen,P_RMSE_EKF_LE,P_RMSE_AFEKF,M_RMSE_Standard,M_RMSE_Chen,M_RMSE_EKF_LE,M_RMSE_AFEKF,Pipe1_Standard,Pipe1_Chen,Pipe1_EKF_LE,Pipe1_AFEKF,Pipe5_Standard,Pipe5_Chen,Pipe5_EKF_LE,Pipe5_AFEKF
Full_Period,2.18956425750695,1.16364933713301,0.104035274937592,0.0817177623203938,135.685354289946,24.8899335472981,2.20928614527959,2.1769127451851,552.702829884619,59.6215437097209,1.38848580290018,1.27822384258814,19.4347281691906,2.86560322976539,0.864729864012581,0.808288780704854
Normal_0to6h_18to24h,0.105318656967002,0.105402886757426,0.105316293594505,0.0879104720578706,111.229793479465,2.2434059712423,2.13856546748524,2.11644523509071,455.916915763796,3.28079978879454,1.34076020400454,1.26527155536978,0.803318121866397,0.729109861721826,0.752878778026218,0.725805977806209
Leak_12to18h,4.61915638445287,2.44952341618547,0.103718774478979,0.0715822740508528,212.04284930873,52.3913618571387,2.48888066620747,2.43329550122869,859.273820368841,125.757869366774,1.36839128326629,1.15322585590346,41.0102705144219,5.90607954173986,1.20711431986298,1.08922269323345
