Period,P_RMSE_Standard,P_RMSE_Chen,P_RMSE_EKF_LE,P_RMSE_AFEKF,M_RMSE_Standard,M_RMSE_Chen,M_RMSE_EKF_LE,M_RMSE_AFEKF,Pipe1_Standard,Pipe1_Chen,Pipe1_EKF_LE,Pipe1_AFEKF,Pipe5_Standard,Pipe5_Chen,Pipe5_EKF_LE,Pipe5_AFEKF
Full_Period,8.07940313125966,1.48091988540567,0.107351089818924,0.0840921516113711,134.175681442076,25.8273963657037,2.28364017026165,2.26579788206378,534.420415030374,79.2711632412545,1.58782391181594,1.53957986306401,43.4695926286604,5.3005261521717,0.766933783711776,0.743995281719713
Normal_0to6h_18to24h,0.108691488578902,0.108682176637509,0.108692328866027,0.0867736556544459,110.00314141811,2.46735012303343,2.3954495560942,2.37681176981447,450.828342195547,3.02141980569525,1.49849798435933,1.47050862178223,1.52556235699965,0.749420596042446,0.808808796909007,0.774974657243647
Leak_12to18h,17.0582889538403,3.12058315893062,0.105168273119168,0.0839790478669552,209.664736853666,54.3436981451864,1.87858842108714,1.88052878107202,814.604910815634,167.288636621119,1.07365255060251,1.0407454261462,91.7462602117766,11.1126649304167,0.722368168525783,0.73031445262253
