Period,P_RMSE_Standard,P_RMSE_Chen,P_RMSE_EKF_LE,P_RMSE_AFEKF,M_RMSE_Standard,M_RMSE_Chen,M_RMSE_EKF_LE,M_RMSE_AFEKF,Pipe1_Standard,Pipe1_Chen,Pipe1_EKF_LE,Pipe1_AFEKF,Pipe5_Standard,Pipe5_Chen,Pipe5_EKF_LE,Pipe5_AFEKF
Full_Period,0.582939346903475,1.63163044069407,0.104321486201018,0.0799983344541821,137.488583996712,29.0531247507827,2.68009148249465,2.63316055129805,572.877286262596,93.3163812244839,1.92338374043127,1.73003818381853,1.59785526318921,5.16301158909019,0.782542993336229,0.80424817277067
Normal_0to6h_18to24h,0.105975034981239,0.106059435833565,0.105973765864601,0.0849385412789318,109.425995185332,2.69842873305301,2.60389463785297,2.54462037261468,448.96737950424,3.66472077512162,2.05596932305873,1.85270896269046,1.41195004242884,0.740230847245735,0.754421995751452,0.72170362966351
Leak_12to18h,1.21520258484625,3.43962688719205,0.101078654681399,0.0736811187949368,219.890053754806,61.15282182563,3.01593408659008,3.01057459714252,926.529343128147,196.932039239914,1.53048145380277,1.39446814885879,2.2650696821987,10.8198473568974,0.861209029231338,1.0362811489117
