Period,P_RMSE_Standard,P_RMSE_Chen,P_RMSE_EKF_LE,P_RMSE_AFEKF,M_RMSE_Standard,M_RMSE_Chen,M_RMSE_EKF_LE,M_RMSE_AFEKF,Pipe1_Standard,Pipe1_Chen,Pipe1_EKF_LE,Pipe1_AFEKF,Pipe5_Standard,Pipe5_Chen,Pipe5_EKF_LE,Pipe5_AFEKF
Full_Period,9.5808940182256,1.41352279188938,0.106445357920212,0.0887744671951316,143.134802772306,30.7861922424269,2.46622346181239,2.45238960523812,568.850124579531,93.561959575148,1.46926481267086,1.40352306567842,27.5963556007132,6.11915995363529,1.00162494779199,1.02685007535448
Normal_0to6h_18to24h,0.108084862315685,0.108278687504197,0.108085835420059,0.0947341464410013,110.113725321385,2.31855147453435,2.23873009539069,2.220718312144,452.082064128485,3.11450949260368,1.51948190201456,1.47989898275916,1.5434421682035,0.923599474491863,0.969449903417773,0.948492968669362
Leak_12to18h,20.2288412322515,2.97800987920484,0.101896327364651,0.0758124680789585,234.442347071977,64.8647355652631,3.15664534187124,3.15419964235541,910.790116205622,197.475347854253,1.32572679411133,1.16920947400008,58.2057231089114,12.8175543887805,1.18847607626479,1.33463342790143
