Period,P_RMSE_Standard,P_RMSE_Chen,P_RMSE_EKF_LE,P_RMSE_AFEKF,M_RMSE_Standard,M_RMSE_Chen,M_RMSE_EKF_LE,M_RMSE_AFEKF,Pipe1_Standard,Pipe1_Chen,Pipe1_EKF_LE,Pipe1_AFEKF,Pipe5_Standard,Pipe5_Chen,Pipe5_EKF_LE,Pipe5_AFEKF
Full_Period,9.74595166979983,0.9008615645847,0.103976712668612,0.0785042668309722,130.932074122708,19.8272639810204,2.01348170932942,1.98490747311861,519.218204270514,60.754945732681,1.32796769850551,1.22778426794789,13.905205059428,4.74848781356001,0.898993561732388,0.860765240341117
Normal_0to6h_18to24h,0.10535796058116,0.105219159628208,0.105257931525712,0.083675256292508,111.93783349374,2.09943760765714,1.96683595490149,1.93803941477838,459.161558887073,3.35543469252294,1.3990394258481,1.27993407929635,1.43540400583747,0.790989469407554,0.797492867900562,0.76751416609988
Leak_12to18h,20.5774252442426,1.89222652568167,0.101288859434135,0.0710355486358834,197.072850052431,41.6859698170098,2.06799273693279,2.04427925845496,754.600614125594,128.149811475084,0.978117212671983,0.943272109471333,29.2486307208635,9.92491368825829,1.14894754521486,1.09828171056174
