Period,P_RMSE_Standard,P_RMSE_Chen,P_RMSE_EKF_LE,P_RMSE_AFEKF,M_RMSE_Standard,M_RMSE_Chen,M_RMSE_EKF_LE,M_RMSE_AFEKF,Pipe1_Standard,Pipe1_Chen,Pipe1_EKF_LE,Pipe1_AFEKF,Pipe5_Standard,Pipe5_Chen,Pipe5_EKF_LE,Pipe5_AFEKF
Full_Period,13.0269605239026,1.87647711513252,0.103504677873809,0.0786691672136621,133.80000550092,32.5903490815026,2.58441435386212,2.53622275232055,528.795303596516,97.3290071111399,1.30073182139661,1.22549586354043,15.5769964712892,7.59516528833868,0.932976848930491,0.888917765465433
Normal_0to6h_18to24h,0.103618803845678,0.103089062634153,0.103532569820382,0.0845427605757369,110.999119387562,2.71963411170523,2.64925874942132,2.59712202012814,454.902916680229,2.83414485392168,1.08600712981081,1.03207827331559,0.906167415507761,0.818717654824537,0.846447464606748,0.76228236334899
Leak_12to18h,27.5054411887117,3.95758723765378,0.102394801959108,0.0698127299250249,207.005492330147,68.6441649199764,2.71230128176947,2.66971067852139,791.105363774801,205.445648050901,1.60697401903721,1.50604829012355,32.8478410921543,15.9710574074391,1.17888381341572,1.22758072763883
