Period,P_RMSE_Standard,P_RMSE_Chen,P_RMSE_EKF_LE,P_RMSE_AFEKF,M_RMSE_Standard,M_RMSE_Chen,M_RMSE_EKF_LE,M_RMSE_AFEKF,Pipe1_Standard,Pipe1_Chen,Pipe1_EKF_LE,Pipe1_AFEKF,Pipe5_Standard,Pipe5_Chen,Pipe5_EKF_LE,Pipe5_AFEKF
Full_Period,7.50174798715195,1.72420274625067,0.101578574896575,0.0736699689203755,127.227160641817,26.6795123335258,2.81744747163418,2.689921662841,506.411547911465,68.978201852517,1.6518775614095,1.18894043388311,27.0052299670242,3.18430548451117,0.923432634354252,0.966667395113199
Normal_0to6h_18to24h,0.100792585505434,0.100629720090503,0.100793092325907,0.0776845910872182,108.489914409666,2.55731324327906,2.48401504902551,2.34648637955045,445.142521915521,3.2731800315512,1.63021844652441,1.23752955033116,1.34771899610479,0.796344718645817,0.836537175836632,0.707643224480417
Leak_12to18h,15.8386568522483,3.63594364404449,0.104366519129632,0.0752251100350801,191.974677633188,56.1452017330035,3.92581933075215,3.833952662144,740.873973423912,145.531661746167,1.6139957114474,1.08072633683554,56.9687870167035,6.57338380674153,1.10131742003661,1.61119318118545
