Period,P_RMSE_Standard,P_RMSE_Chen,P_RMSE_EKF_LE,P_RMSE_AFEKF,M_RMSE_Standard,M_RMSE_Chen,M_RMSE_EKF_LE,M_RMSE_AFEKF,Pipe1_Standard,Pipe1_Chen,Pipe1_EKF_LE,Pipe1_AFEKF,Pipe5_Standard,Pipe5_Chen,Pipe5_EKF_LE,Pipe5_AFEKF
Full_Period,2.32480371843022,1.3425500687752,0.103083157474717,0.0731905355020383,135.707149015775,21.273604093242,2.80519767929782,2.76284244549987,559.425763429972,72.7418974387338,1.68594298261377,1.54533378050778,3.4506002776244,5.60180332907111,0.795020260859516,0.777650144400603
Normal_0to6h_18to24h,0.103464610304597,0.10334531555752,0.103468290959876,0.0783929882538059,109.425675811834,3.01180662742718,2.92763274695198,2.88392588260124,449.27933781244,3.64126459412997,1.94272441425312,1.77954928923319,1.39652131609081,0.688369896220699,0.714560051355668,0.675144527280638
Leak_12to18h,4.90500328111319,2.82843193534466,0.102087314661847,0.0656810577143171,214.902207885612,44.5959277384438,2.7711651382511,2.73345476276529,888.657095012988,153.462205047766,1.0505494329609,0.946982114489392,6.83640391265717,11.7616604935737,0.888141933989172,1.00461918033039
