Period,P_RMSE_Standard,P_RMSE_Chen,P_RMSE_EKF_LE,P_RMSE_AFEKF,M_RMSE_Standard,M_RMSE_Chen,M_RMSE_EKF_LE,M_RMSE_AFEKF,Pipe1_Standard,Pipe1_Chen,Pipe1_EKF_LE,Pipe1_AFEKF,Pipe5_Standard,Pipe5_Chen,Pipe5_EKF_LE,Pipe5_AFEKF
Full_Period,11.7209333498683,0.789532059862627,0.101656524626008,0.0760368860795024,125.283475040208,17.0789661409285,2.24167944356792,2.21618402205393,495.015327710477,39.9374636131847,1.19345117646545,1.11026289840548,28.4638466270192,5.76844964881467,0.87383369720218,0.847247677606915
Normal_0to6h_18to24h,0.104309143816184,0.104208600581181,0.104193805648154,0.0841447359944719,111.58733376699,2.38293931967121,2.27669351222501,2.25678877953339,457.460535940038,3.24932363067062,1.25772168927942,1.17344954935195,0.94518139557269,0.781061100589383,0.820377589840808,0.787844377477442
Leak_12to18h,24.7477348861041,1.65598468062505,0.0972165984777004,0.0584191643749955,180.609103865052,35.7945289753993,1.98125755696946,1.94953540272084,681.659856707615,84.1374943723634,1.1886704544162,1.10689366331221,60.0731076458282,12.0988747814565,0.863010413194366,0.89536081538524
