Period,P_RMSE_Standard,P_RMSE_Chen,P_RMSE_EKF_LE,P_RMSE_AFEKF,M_RMSE_Standard,M_RMSE_Chen,M_RMSE_EKF_LE,M_RMSE_AFEKF,Pipe1_Standard,Pipe1_Chen,Pipe1_EKF_LE,Pipe1_AFEKF,Pipe5_Standard,Pipe5_Chen,Pipe5_EKF_LE,Pipe5_AFEKF
Full_Period,7.54172066562193,2.28885976184548,0.103429107188889,0.0762402657399438,127.88826713866,31.0917447421843,2.85836838266037,2.79975692010231,508.050161383421,98.7289873930451,1.5450326925244,1.30857857750979,13.970202399965,8.25809828288933,0.840058703080063,0.777296695833696
Normal_0to6h_18to24h,0.103592470351693,0.103581037836833,0.103588872809651,0.0832451474731336,111.432817690747,2.89212657379015,2.8042944209529,2.74246965412244,456.874410230912,3.18831775659921,1.4139352172958,1.1843473979982,0.860721563630881,0.851319240695094,0.881530129610014,0.797804727239392
Leak_12to18h,15.9230120529488,4.82914797329634,0.104545592614365,0.0625885382945911,188.847616864744,65.4423420872862,3.19541575168781,3.15861218658548,724.264385264299,208.389725004931,1.9144277121188,1.67522739480705,29.4551083638197,17.3693716465398,0.719983665484664,0.76059075024557
