Period,P_RMSE_Standard,P_RMSE_Chen,P_RMSE_EKF_LE,P_RMSE_AFEKF,M_RMSE_Standard,M_RMSE_Chen,M_RMSE_EKF_LE,M_RMSE_AFEKF,Pipe1_Standard,Pipe1_Chen,Pipe1_EKF_LE,Pipe1_AFEKF,Pipe5_Standard,Pipe5_Chen,Pipe5_EKF_LE,Pipe5_AFEKF
Full_Period,8.81803551471939,0.857229533227984,0.102927182532785,0.0807942074244623,138.581926613953,27.67729303176,2.14595116539953,2.12099921556384,556.462974256672,78.212828894005,1.52659287509892,1.44946116730357,43.6599139016444,3.95904379238682,0.734774378062663,0.737395275838083
Normal_0to6h_18to24h,0.103014779237423,0.103020396811356,0.102912897037702,0.0861267849989633,111.091486939339,2.34393119603403,2.24757098832236,2.21719792568208,454.306450974782,3.22667917269069,1.72487994699688,1.60488627326605,1.16796602894889,0.724237513009206,0.746651182643272,0.70744936840573
Leak_12to18h,18.6180791325247,1.80003405568927,0.100943162140197,0.0699059278888345,220.445720109867,58.2828118337532,1.89152957454968,1.88552338118298,872.550329519888,165.048471165474,1.0168846147753,1.09507641408671,92.1631240221636,8.25781690943477,0.663972394133386,0.822424924123389
