Period,P_RMSE_Standard,P_RMSE_Chen,P_RMSE_EKF_LE,P_RMSE_AFEKF,M_RMSE_Standard,M_RMSE_Chen,M_RMSE_EKF_LE,M_RMSE_AFEKF,Pipe1_Standard,Pipe1_Chen,Pipe1_EKF_LE,Pipe1_AFEKF,Pipe5_Standard,Pipe5_Chen,Pipe5_EKF_LE,Pipe5_AFEKF
Full_Period,10.0257343530108,0.730961518896787,0.103642398735145,0.0796835168516072,128.103789170725,22.0709583201284,2.77229313744684,2.73600632256416,506.564396456261,58.6654488692103,1.15256167596233,1.05837695396405,42.3231260781959,2.79050535589978,0.777723595120013,0.750565593404782
Normal_0to6h_18to24h,0.103161753177056,0.10339852211796,0.103162715103478,0.083457818406027,111.556657774271,3.01483828383664,2.92742760929003,2.8836806964504,457.324615499948,3.12867183847984,1.1494097310664,1.0585720816629,0.792276507700858,0.674764206114498,0.743123739767302,0.698311985716347
Leak_12to18h,21.1682226911501,1.53134141535637,0.10301170030654,0.0742333596393687,189.279943465215,46.2842735027856,2.50503017829043,2.48903887861695,718.75170006474,123.750469582607,1.28909631331677,1.15672784304492,89.3521717518597,5.76327504588763,0.859306231695916,0.89975633427001
