Period,P_RMSE_Standard,P_RMSE_Chen,P_RMSE_EKF_LE,P_RMSE_AFEKF,M_RMSE_Standard,M_RMSE_Chen,M_RMSE_EKF_LE,M_RMSE_AFEKF,Pipe1_Standard,Pipe1_Chen,Pipe1_EKF_LE,Pipe1_AFEKF,Pipe5_Standard,Pipe5_Chen,Pipe5_EKF_LE,Pipe5_AFEKF
Full_Period,4.65443007433597,1.54702105219466,0.104956877603228,0.0761142718799349,133.007934700735,30.4364978840234,2.36429374992038,2.33721257032445,542.142650142185,96.5720674320862,1.42457460070393,1.3849164166679,1.24446144792059,6.07271292427403,0.805193520685267,0.76626696077165
Normal_0to6h_18to24h,0.104733435533786,0.104528946665502,0.104732845393897,0.0789334647528868,112.364976022488,2.3063019935486,2.21916408961996,2.19576550933004,460.049144614571,3.05557867667439,1.31037810005222,1.2954413364235,0.798132798085381,0.647583421318688,0.762321600066507,0.70031332737617
Leak_12to18h,9.82581520814348,3.26088065071034,0.108004129640941,0.0745009185621798,202.462696354803,64.1150686430449,2.46603030748538,2.43533674761497,821.857882197443,203.836720345298,1.60925859083827,1.47361973828634,2.15169045648375,12.766155067694,0.884095055846848,0.926995846931322
