Period,P_RMSE_Standard,P_RMSE_Chen,P_RMSE_EKF_LE,P_RMSE_AFEKF,M_RMSE_Standard,M_RMSE_Chen,M_RMSE_EKF_LE,M_RMSE_AFEKF,Pipe1_Standard,Pipe1_Chen,Pipe1_EKF_LE,Pipe1_AFEKF,Pipe5_Standard,Pipe5_Chen,Pipe5_EKF_LE,Pipe5_AFEKF
Full_Period,6.28733424359858,2.95753918683172,0.103189587663567,0.076710399208681,118.34791149242,26.5281816541284,2.94910545435401,2.89175351862829,471.789161044936,56.1296903084461,1.58557250842776,1.43866217406372,27.2395976361137,4.34775519714083,0.815657939437694,0.814506740736265
Normal_0to6h_18to24h,0.101037557742996,0.10095996422354,0.101031836540068,0.080889548287815,109.063165721084,2.95135460078359,2.89710144639311,2.8406131557268,448.051757565199,3.03874883837156,1.40072632268592,1.29835823548584,1.49414393620659,0.676221499607302,0.727878856471041,0.674555540345603
Leak_12to18h,13.2741816589741,6.24204262103123,0.104456828351661,0.0663677312652394,163.572202222235,55.7489279756012,3.05782719952156,2.99455751743839,624.584345759156,118.395116869894,1.9696098546394,1.67792095835325,57.4529512340767,9.09566423694441,0.920474320916803,1.07872529647624
