Period,P_RMSE_Standard,P_RMSE_Chen,P_RMSE_EKF_LE,P_RMSE_AFEKF,M_RMSE_Standard,M_RMSE_Chen,M_RMSE_EKF_LE,M_RMSE_AFEKF,Pipe1_Standard,Pipe1_Chen,Pipe1_EKF_LE,Pipe1_AFEKF,Pipe5_Standard,Pipe5_Chen,Pipe5_EKF_LE,Pipe5_AFEKF
Full_Period,16.7717165856765,1.6513670868774,0.105387903697484,0.0815238800229433,127.502813657319,31.2750692458267,2.32727646805653,2.29245926452193,502.051151660776,89.358394511163,1.60960322689034,1.55695869210074,44.3747672904634,6.08968277165105,0.800681831843817,0.779304829651272
Normal_0to6h_18to24h,0.105056760623687,0.105493152995385,0.104886168514373,0.0868811483178386,110.868203348779,2.21234059880273,2.12553523301474,2.09087327857749,453.906201816981,3.19553914672504,1.62133225064911,1.55917818616495,0.752621737027385,0.669052278559241,0.715486960162018,0.666980763710283
Leak_12to18h,35.4125433918475,3.48148300528649,0.106028802404668,0.0688991328878299,188.677139291113,65.8915113680013,2.43930238160147,2.4048471003163,711.092846931044,188.592062465548,1.55326950185714,1.5485828143216,93.6844085121351,12.8008969697454,0.895713696412902,0.985978066486754
