Period,P_RMSE_Standard,P_RMSE_Chen,P_RMSE_EKF_LE,P_RMSE_AFEKF,M_RMSE_Standard,M_RMSE_Chen,M_RMSE_EKF_LE,M_RMSE_AFEKF,Pipe1_Standard,Pipe1_Chen,Pipe1_EKF_LE,Pipe1_AFEKF,Pipe5_Standard,Pipe5_Chen,Pipe5_EKF_LE,Pipe5_AFEKF
Full_Period,4.94115656997853,1.37244601293907,0.103910174296705,0.0771701905240759,133.029834903532,26.3856353976942,2.02848536915729,1.99457763608759,533.016187506185,77.01316363507,1.34013992133749,1.30623104331225,17.4019436543702,4.18803652258116,0.867999757890961,0.838059651970205
Normal_0to6h_18to24h,0.10321643836673,0.103323297163307,0.103048963024505,0.0819851906477276,111.739355349464,2.06836155040169,1.97265136753763,1.94584615263938,457.804232332194,2.92329256655456,1.41534998052044,1.35803993985423,0.821112102056706,0.73984737117768,0.749530961873596,0.719204005542778
Leak_12to18h,10.4313994087849,2.89170602377533,0.1098606183629,0.0713639255865711,203.567748384897,55.5814523288619,2.16952164714659,2.12082453498256,798.677369186383,162.53084888477,1.13657962184044,1.20358414436063,36.7128588656429,8.74080851028286,1.19216344228303,1.17232721422656
