Period,P_RMSE_Standard,P_RMSE_Chen,P_RMSE_EKF_LE,P_RMSE_AFEKF,M_RMSE_Standard,M_RMSE_Chen,M_RMSE_EKF_LE,M_RMSE_AFEKF,Pipe1_Standard,Pipe1_Chen,Pipe1_EKF_LE,Pipe1_AFEKF,Pipe5_Standard,Pipe5_Chen,Pipe5_EKF_LE,Pipe5_AFEKF
Full_Period,11.4962095226238,1.17426095697578,0.103343991716383,0.0797886809361755,135.854378180964,35.3873795872658,2.30497053249283,2.27149976980232,552.568728186453,129.958559409415,1.52485433494987,1.47182330910851,45.4610761993898,6.71594644839907,0.869875197544953,0.819248517239034
Normal_0to6h_18to24h,0.102554562324339,0.102439556881825,0.102554889721514,0.083143328108023,111.083226654776,2.4185386714703,2.32473121072014,2.30066877078701,456.24651604698,3.42773580663671,1.63484920578491,1.56443386963804,0.863089725704022,0.676271495087059,0.737815696306211,0.705793281432849
Leak_12to18h,24.2732225310248,2.47225620745541,0.104791773678419,0.0726027015423212,212.747245331923,74.5725311265708,1.57746016957573,1.50137524452322,858.364253388521,274.338998588942,1.21121069876193,1.22738003426058,95.9747285130891,14.1289261598649,1.11462530768817,0.991105238283371
