Period,P_RMSE_Standard,P_RMSE_Chen,P_RMSE_EKF_LE,P_RMSE_AFEKF,M_RMSE_Standard,M_RMSE_Chen,M_RMSE_EKF_LE,M_RMSE_AFEKF,Pipe1_Standard,Pipe1_Chen,Pipe1_EKF_LE,Pipe1_AFEKF,Pipe5_Standard,Pipe5_Chen,Pipe5_EKF_LE,Pipe5_AFEKF
Full_Period,2.92541157075513,1.4699114440693,0.10459260692753,0.0793725972529883,138.000900461396,26.6961700858471,2.60802559403345,2.54923068400086,557.75193277014,75.5330172567646,1.38168002401993,1.20549075726266,18.2439591018519,3.3113893200144,0.846945251233688,0.821515716805449
Normal_0to6h_18to24h,0.104056023636087,0.104015047608321,0.103895081555185,0.0847271190172775,110.078530828259,2.67172582414284,2.58233025041193,2.52559873824317,451.931002104211,3.27374539704985,1.46121973501803,1.26729800540539,1.4633554266362,0.760047581545842,0.77819946808438,0.715971134764333
Leak_12to18h,6.17384865488042,3.09771007349455,0.103513740645884,0.0743606934085958,220.3456009673,56.1632887364415,2.95652780657508,2.89684648191791,879.889262497758,159.383163130708,1.26349543545661,1.12030649064327,38.4302739682449,6.85914645589553,0.874116095194251,1.05824685705892
