Period,P_RMSE_Standard,P_RMSE_Chen,P_RMSE_EKF_LE,P_RMSE_AFEKF,M_RMSE_Standard,M_RMSE_Chen,M_RMSE_EKF_LE,M_RMSE_AFEKF,Pipe1_Standard,Pipe1_Chen,Pipe1_EKF_LE,Pipe1_AFEKF,Pipe5_Standard,Pipe5_Chen,Pipe5_EKF_LE,Pipe5_AFEKF
Full_Period,2.16752717092992,2.92086632341945,0.103393187515717,0.0745822989870629,143.883200967519,39.3696277176251,2.31299836155838,2.2657600051566,594.291319976129,124.472710403122,1.57639856617173,1.46560591672513,42.0570094324843,8.63268174443373,0.953238275131555,0.924297342704596
Normal_0to6h_18to24h,0.102005488383968,0.101834918978993,0.102004396832378,0.0814350561507785,111.143398771027,2.00096341601422,1.89076698930508,1.85436120201775,455.410660480705,3.0919510123489,1.27516698584174,1.22385393841255,1.4620251122305,0.894527653308926,0.921872053145122,0.828748271701265
Leak_12to18h,4.57268664640527,6.16447416305301,0.105353622302777,0.0596253204914531,235.026757859881,83.046956453576,3.34320946361589,3.28592328496256,975.913163676631,262.76589000517,2.33625612845084,2.14217003139861,88.7635668175417,18.1495228295819,1.00954494177163,1.18891998421198
