Period,P_RMSE_Standard,P_RMSE_Chen,P_RMSE_EKF_LE,P_RMSE_AFEKF,M_RMSE_Standard,M_RMSE_Chen,M_RMSE_EKF_LE,M_RMSE_AFEKF,Pipe1_Standard,Pipe1_Chen,Pipe1_EKF_LE,Pipe1_AFEKF,Pipe5_Standard,Pipe5_Chen,Pipe5_EKF_LE,Pipe5_AFEKF
Full_Period,4.71397678320294,1.09833718010993,0.104350495919837,0.0791615122448407,124.645348325061,20.4205248043669,2.36584762967397,2.32918563129525,496.583673929279,50.5168789819675,1.65481846673998,1.59152365364557,14.715076527763,3.5237566704391,0.881051642927792,0.899901615415504
Normal_0to6h_18to24h,0.106244262888303,0.106158046829666,0.106171907698133,0.0856279070450056,110.465473932186,2.28047327472216,2.21965335335888,2.18270970507464,453.650743449865,3.0755394309951,1.79738458085578,1.73810880094613,1.45124497349165,0.674070175285435,0.705669827139209,0.667713583571305
Leak_12to18h,9.9515085170715,2.31079057465542,0.0995596202790256,0.0686475993727301,180.712931912467,42.9181112725732,2.91032462687501,2.88586755094198,694.266600370084,106.527376887515,1.17227635452565,1.15228514315346,30.9643026711523,7.34181033908531,1.30141148159621,1.44345703620514
