Period,P_RMSE_Standard,P_RMSE_Chen,P_RMSE_EKF_LE,P_RMSE_AFEKF,M_RMSE_Standard,M_RMSE_Chen,M_RMSE_EKF_LE,M_RMSE_AFEKF,Pipe1_Standard,Pipe1_Chen,Pipe1_EKF_LE,Pipe1_AFEKF,Pipe5_Standard,Pipe5_Chen,Pipe5_EKF_LE,Pipe5_AFEKF
Full_Period,8.61390130428345,1.71936130769215,0.104536766168491,0.07368662446751,140.774814957134,28.0103298793141,2.78178698312228,2.71817386461484,571.875369643994,89.0752278288574,1.99385484914962,1.81792090889472,27.2928999822295,4.48155028068296,0.962399660557436,0.86311447112361
Normal_0to6h_18to24h,0.103436819733853,0.103631134650303,0.103431227103754,0.0746857784679813,109.988052564167,2.65824485075961,2.58997572715622,2.52275834228969,450.580147913502,3.35215978424209,2.03890118300753,1.85587240297975,0.76900809022472,0.621662004694109,0.709430078071909,0.563801576266894
Leak_12to18h,18.1870200331261,3.62524992892244,0.106436992735575,0.068395470131552,228.153813788207,58.9100198131548,2.72320644045758,2.69703447724234,921.406374482239,187.983421758281,1.61932983888643,1.50970356415732,57.6012210413309,9.37866010545961,1.12443141608108,1.31054866849742
