Period,P_RMSE_Standard,P_RMSE_Chen,P_RMSE_EKF_LE,P_RMSE_AFEKF,M_RMSE_Standard,M_RMSE_Chen,M_RMSE_EKF_LE,M_RMSE_AFEKF,Pipe1_Standard,Pipe1_Chen,Pipe1_EKF_LE,Pipe1_AFEKF,Pipe5_Standard,Pipe5_Chen,Pipe5_EKF_LE,Pipe5_AFEKF
Full_Period,3.69748801774846,1.19693506703241,0.10495475564371,0.082795822106599,126.84654461031,28.0088680139865,3.0959107680632,3.05806376662996,522.221223313685,85.7681338697101,2.03416743759721,1.88861675104623,6.75779944467129,3.62092253313441,0.851649606566937,0.837684399179461
Normal_0to6h_18to24h,0.101810632257921,0.101806507250723,0.101804474593989,0.084383160734787,110.473565668754,3.13493498112407,3.10351405079342,3.06071089146115,453.544205173671,3.76863264076698,2.17832420454164,2.01131285929472,1.50349549151797,0.698306295752071,0.758647556481256,0.718848235694214
Leak_12to18h,7.80480542132154,2.52010037076988,0.111199835271852,0.0840067243398431,187.393418833507,58.8534492901847,2.92700279968808,2.91133166877679,773.787070804072,180.978509315974,1.81094739908655,1.72000080524242,14.0088899847213,7.53863282609294,0.966793094541837,1.03367938583307
