Period,P_RMSE_Standard,P_RMSE_Chen,P_RMSE_EKF_LE,P_RMSE_AFEKF,M_RMSE_Standard,M_RMSE_Chen,M_RMSE_EKF_LE,M_RMSE_AFEKF,Pipe1_Standard,Pipe1_Chen,Pipe1_EKF_LE,Pipe1_AFEKF,Pipe5_Standard,Pipe5_Chen,Pipe5_EKF_LE,Pipe5_AFEKF
Full_Period,9.99284448413689,0.510111179600608,0.104929605726143,0.0786809937735822,126.43669500596,17.8957302956188,2.82657757847435,2.73300788832204,508.97529861613,46.1601173335648,1.78829126370054,1.49991115681894,15.7837654824813,4.83667060568927,0.867337283316155,0.717189835835992
Normal_0to6h_18to24h,0.105439341821019,0.105210343933051,0.105438257968486,0.0816152857608356,111.428142013414,2.33491102096124,2.2946904795282,2.18019140161553,457.197827394286,3.79064055439384,1.76701267819168,1.42837456581326,1.35836306831215,0.625706477207955,0.700929934958696,0.516667592194874
Leak_12to18h,21.0987549506861,1.05932121894069,0.104986318736971,0.0797893527823319,184.446889940727,37.543509138123,4.14600263684093,4.0917629242731,726.544729039927,97.2419787554363,2.08193270256417,1.92170863208378,33.2362669488845,10.1515330954793,1.17160103013236,1.13645790857505
