Period,P_RMSE_Standard,P_RMSE_Chen,P_RMSE_EKF_LE,P_RMSE_AFEKF,M_RMSE_Standard,M_RMSE_Chen,M_RMSE_EKF_LE,M_RMSE_AFEKF,Pipe1_Standard,Pipe1_Chen,Pipe1_EKF_LE,Pipe1_AFEKF,Pipe5_Standard,Pipe5_Chen,Pipe5_EKF_LE,Pipe5_AFEKF
Full_Period,1.54538078000655,2.13641420036459,0.102856217950941,0.0763143286287184,134.790654510693,29.7392423333891,2.96739265810133,2.91149338161357,541.061608228157,88.3192243565212,1.85340057161139,1.56693170598573,27.2041481028408,4.74467679191193,0.834831109244567,0.805245048574135
Normal_0to6h_18to24h,0.104037205300533,0.103981470174823,0.103966551842043,0.0779227862441746,112.407196434996,2.76022993500762,2.69903049122806,2.6498509877015,460.188227818737,3.24471104225059,1.63992114386287,1.42713339743215,0.927101915099304,0.787877428460476,0.833850923547799,0.693925807036297
Leak_12to18h,3.2574114479119,4.50703801311206,0.102659378724993,0.0829574247826633,207.587477481994,62.587281443889,3.84404938253253,3.78751518620597,818.441236993871,186.396661373296,2.49999123238769,2.08205659954669,57.4166607658469,9.91726171167848,0.897740881438215,1.16903783502824
