Period,P_RMSE_Standard,P_RMSE_Chen,P_RMSE_EKF_LE,P_RMSE_AFEKF,M_RMSE_Standard,M_RMSE_Chen,M_RMSE_EKF_LE,M_RMSE_AFEKF,Pipe1_Standard,Pipe1_Chen,Pipe1_EKF_LE,Pipe1_AFEKF,Pipe5_Standard,Pipe5_Chen,Pipe5_EKF_LE,Pipe5_AFEKF
Full_Period,1.52323582152024,1.65415710304797,0.104403848600947,0.0772666737840784,134.949069191261,32.3674458326589,2.42697707579743,2.36443705238153,552.286424354243,106.200310264893,1.26397451468681,1.15085744677703,1.78788990350227,4.96488072298969,0.909269188684371,0.836148034638824
Normal_0to6h_18to24h,0.104760576018059,0.10487747479569,0.10459116915061,0.082764210820919,109.861435732995,2.45480118873147,2.38936798193589,2.3360008088551,450.971307178916,2.94080311248497,1.33821668953647,1.22123663323455,1.29642223225949,0.859546564405453,0.885875852023152,0.81559836434969
Leak_12to18h,3.21037728837859,3.48740264524926,0.103859788850666,0.0710567305337382,212.087541424402,68.1929533711257,2.65225246791791,2.56900131434136,865.884694906001,224.180541673567,1.12619565662151,1.01522641973786,2.96724768784723,10.3709021625941,0.961071281225126,0.916320122859672
