Period,P_RMSE_Standard,P_RMSE_Chen,P_RMSE_EKF_LE,P_RMSE_AFEKF,M_RMSE_Standard,M_RMSE_Chen,M_RMSE_EKF_LE,M_RMSE_AFEKF,Pipe1_Standard,Pipe1_Chen,Pipe1_EKF_LE,Pipe1_AFEKF,Pipe5_Standard,Pipe5_Chen,Pipe5_EKF_LE,Pipe5_AFEKF
Full_Period,12.1531762589174,0.353002942739831,0.105543166887886,0.0788186604725315,128.081147374605,15.3293299478659,2.60515262859166,2.51202378676845,519.515349790575,42.7192325161427,2.01875195100407,1.69720563633645,2.07070587848466,2.78043046866528,0.888521334630166,0.802261514283665
Normal_0to6h_18to24h,0.104654702652374,0.104796165573288,0.104649667904848,0.0821402630846558,112.50913379468,2.47856661855772,2.4159891556097,2.32904791777325,460.809337803359,3.5498860653619,1.99663134914144,1.70064312531215,0.772905025478775,0.649821957791623,0.68572301955016,0.601010975528869
Leak_12to18h,25.6604085798701,0.71936669920586,0.108494615634211,0.0796219411436881,187.499953053737,31.9820092512054,2.43233201325126,2.3885826234561,752.494170916856,89.9819281252274,1.485060645656,1.45506981848401,4.10126664029593,5.75596452450395,1.26776640263996,1.24301835775699
