Case,Pipe1_Standard,Pipe1_Chen,Pipe1_EKF_LE,Pipe1_AFEKF,Pipe5_Standard,Pipe5_Chen,Pipe5_EKF_LE,Pipe5_AFEKF
Case1_Clean,1.88704960868891,1.88658914817483,1.88543793185902,1.87366945986591,0.724548325226922,0.723910834049279,0.725530025251574,0.716408816863117
Case2_10dB,16.6553200649938,1.97261782286404,2.26294746774914,1.5943573264214,2.13712149947304,0.760032475516816,0.85087375536691,0.755113253071882
Case2_20dB,55.8703841954445,4.25552418220815,5.54163899151248,1.59495673368103,2.94213129020612,0.760399636630571,1.0181135656324,0.752736945246769
Case3_Outlier_Leak,52.4541480248302,5.35860378205569,3.87177911184037,1.41885760835283,3.09975160032314,4.04115698214563,0.741595232808218,1.71468750823302
Case4_Pure_Leak,1.83353838154266,1.8407824912469,1.83914173473099,1.70372718913509,0.806730245065545,3.62877528124562,0.863148459589776,0.937270855452532
