Case,Pipe1_Standard,Pipe1_Chen,Pipe1_EKF_LE,Pipe1_AFEKF,Pipe5_Standard,Pipe5_Chen,Pipe5_EKF_LE,Pipe5_AFEKF
Case1_Clean,1.69069239521791,1.69072859880069,1.69087088308192,1.68246580594523,0.788902903056077,0.78983811399878,0.789051846565633,0.784385444696907
Case2_10dB,16.556892265305,1.92425976028372,2.04400874228473,1.82654288173357,1.16563773717358,0.795791075090409,0.880494507977041,0.778098200003137
Case2_20dB,50.5869684409749,4.31586212799506,3.31076093500674,1.8272580824595,4.03605074578924,0.796121295497306,1.71150956288551,0.778067130804844
Case3_Outlier_Leak,51.7428943960524,4.39589599719675,7.04508447094693,1.40202994611107,5.75363923063561,3.83654075800327,1.9620830572952,1.00246341540427
Case4_Pure_Leak,1.34543975698038,1.35010277003352,1.3193145616087,1.27935362612712,0.803621557219407,3.78334587607979,0.820572025203056,0.805947103681205
