Case,Pipe1_Standard,Pipe1_Chen,Pipe1_EKF_LE,Pipe1_AFEKF,Pipe5_Standard,Pipe5_Chen,Pipe5_EKF_LE,Pipe5_AFEKF
Case1_Clean,1.62324591237829,1.62238320279231,1.62280147635423,1.58981364869196,0.83001868814108,0.831576036331329,0.831214330119361,0.818765219457584
Case2_10dB,15.7117097841012,1.83112189897221,1.75852813849072,1.53761032102107,1.04648549948643,0.871494807174052,0.865833169477322,0.849907218699677
Case2_20dB,49.2544186586776,4.16372705216888,3.76421284906207,1.53740100376743,8.42313690254246,0.871713674789288,1.97503650236488,0.850100292219442
Case3_Outlier_Leak,54.3974142444018,5.79991232960945,4.60333361994894,1.76078273657937,1.0005436086224,4.07000095595633,1.26088174550112,1.06001649609703
Case4_Pure_Leak,1.42417142015574,1.44052904436671,1.42935779783542,1.37295765020586,0.926576203039945,3.76383230650888,0.940107741640506,0.920301574151064
