Case,Pipe1_Standard,Pipe1_Chen,Pipe1_EKF_LE,Pipe1_AFEKF,Pipe5_Standard,Pipe5_Chen,Pipe5_EKF_LE,Pipe5_AFEKF
Case1_Clean,1.36759216307796,1.36753718583558,1.36742406731138,1.36597236004136,0.800373171862054,0.801235517948759,0.800363613953501,0.798766409186181
Case2_10dB,16.7906275784691,1.92854498965807,1.52191153043148,1.35360197084325,2.18856294875804,0.829294640117071,0.949946189629582,0.817200411084196
Case2_20dB,51.0616864437517,5.71390327135104,3.5890588161584,1.35520333158956,6.52929297330031,0.829770700920922,1.22689599568342,0.816478896022311
Case3_Outlier_Leak,49.8886041559303,5.17695251161725,3.80675402873275,1.2614050212599,2.13713351440498,3.98622380906466,1.99268482626831,0.847521714214865
Case4_Pure_Leak,1.50090663959256,1.4947564921427,1.50109762123219,1.40956881573318,0.859397169119449,3.78754674857148,1.18104008812618,1.07318572507524
