Case,Pipe1_Standard,Pipe1_Chen,Pipe1_EKF_LE,Pipe1_AFEKF,Pipe5_Standard,Pipe5_Chen,Pipe5_EKF_LE,Pipe5_AFEKF
Case1_Clean,1.43089254175095,1.43102171548221,1.43245694352963,1.42544669549091,0.841329282695088,0.842081185620524,0.806808419827527,0.821109478445886
Case2_10dB,17.1113646503894,1.92536954269581,1.58583673597376,1.31616007730633,3.47330745161404,0.866704016207431,1.11847239992465,0.843886711007132
Case2_20dB,49.9857186228977,4.84840824730063,3.44509862788516,1.31621964030333,6.58138047565509,0.862622330939138,1.31687304513477,0.843646857991598
Case3_Outlier_Leak,52.721891361727,4.32556600330029,4.98041146824483,1.54637537328134,6.49040036170453,3.87917302543566,1.66318856969969,0.912257894736501
Case4_Pure_Leak,1.37540090737394,1.37291397063661,1.38192579101336,1.25570431206285,0.913363455502384,3.8345119973705,1.88723057192269,1.81746115705169
