Case,Pipe1_Standard,Pipe1_Chen,Pipe1_EKF_LE,Pipe1_AFEKF,Pipe5_Standard,Pipe5_Chen,Pipe5_EKF_LE,Pipe5_AFEKF
Case1_Clean,1.3590313889475,1.35929499689731,1.3579929395696,1.35376665307594,0.87556371821949,0.874117517672414,0.826777120700992,0.860148889756257
Case2_10dB,15.7071662818053,1.84585723771814,1.71288880977725,1.4585282616891,2.7193894026349,0.814181901197597,0.952801732620787,0.797715802816708
Case2_20dB,54.9061808768134,5.81507847988734,3.55604955183145,1.46523365845976,5.7736140969747,0.805786252633528,2.09551677566957,0.786786773494365
Case3_Outlier_Leak,57.1304659187841,4.4987824607057,9.48773164011723,1.3216588571353,7.93161719666663,3.91974095847808,1.98080600710164,0.838351921750205
Case4_Pure_Leak,1.51463632092316,1.52345158492825,1.51355627368122,1.41460842576445,0.781482475340456,3.72638575221427,0.805980444457329,0.927552312648743
