Case,Pipe1_Standard,Pipe1_Chen,Pipe1_EKF_LE,Pipe1_AFEKF,Pipe5_Standard,Pipe5_Chen,Pipe5_EKF_LE,Pipe5_AFEKF
Case1_Clean,1.66921599949146,1.66903452240395,1.68802840103767,1.65339481327817,0.783204912128852,0.783708294296129,0.783128763683719,0.779056541313835
Case2_10dB,16.5270695763466,1.97334659743755,1.95499914137827,1.75884152541365,1.16498275840706,0.823623553166556,0.802850056003905,0.799196848378946
Case2_20dB,52.9503628750826,5.83249643134426,3.33583071572017,1.75855988110724,6.34891436700788,0.817906062925182,1.18840194625094,0.799646209837738
Case3_Outlier_Leak,51.9821256912533,4.54435098426816,3.36532862244152,1.33698658144247,7.9815224686742,3.94530628682321,1.92793811840187,1.01906128410491
Case4_Pure_Leak,1.49073128613014,1.49872032532529,1.49224772482715,1.44426028544896,0.768497638849292,3.68888760056662,0.778358167638041,0.777380335175648
