Case,Pipe1_Standard,Pipe1_Chen,Pipe1_EKF_LE,Pipe1_AFEKF,Pipe5_Standard,Pipe5_Chen,Pipe5_EKF_LE,Pipe5_AFEKF
Case1_Clean,1.51118211798573,1.50993309748466,1.51082583387515,1.5188155362921,0.897553819758935,0.898072087407977,0.89748737675034,0.902755615842362
Case2_10dB,16.8714157840067,2.12154548444106,1.91131417811269,1.61084044195346,2.97855052093742,0.834848262723489,1.06662011966472,0.828855473851725
Case2_20dB,52.0679770897538,5.33344821933919,3.55426028776947,1.61165478520511,2.6692536252006,0.817116988619453,0.843472917796824,0.831177091708253
Case3_Outlier_Leak,50.6987344508515,4.79532784126143,3.22255464383042,1.58835167287158,3.66778643874333,3.6648167412453,1.39838346782727,1.24457442489531
Case4_Pure_Leak,1.43581371566875,1.43393548838098,1.44348235659736,1.43109635374979,0.82637371918999,3.71624885620208,1.62622124271545,1.40112968983022
