Case,Pipe1_Standard,Pipe1_Chen,Pipe1_EKF_LE,Pipe1_AFEKF,Pipe5_Standard,Pipe5_Chen,Pipe5_EKF_LE,Pipe5_AFEKF
Case1_Clean,1.57676499434528,1.57673005858838,1.57437679698967,1.57289674849199,0.852815898001781,0.852127392914247,0.853587381440052,0.842880058613459
Case2_10dB,16.7520835548949,2.00711999971372,1.863009465093,1.49197911959939,2.93447359586687,0.883861725996868,1.0711212336351,0.871144635400796
Case2_20dB,51.365059023555,4.6970007768751,2.88299629672355,1.48612002665468,6.05405366262613,0.883367896392885,0.890336786219434,0.859888965345465
Case3_Outlier_Leak,53.829817459068,5.29102732301292,6.77904269442239,1.58025921645063,1.35341129098678,3.88309398382535,1.11164838986341,1.10525497656426
Case4_Pure_Leak,1.76236748041472,1.75752915643108,1.72814546492193,1.68823053029324,0.918673703136582,3.60002648679051,1.05086373369295,0.942063638003222
