Case,Pipe1_Standard,Pipe1_Chen,Pipe1_EKF_LE,Pipe1_AFEKF,Pipe5_Standard,Pipe5_Chen,Pipe5_EKF_LE,Pipe5_AFEKF
Case1_Clean,1.53920452555566,1.53919237807588,1.53950208883463,1.53819953557969,0.753106002557604,0.753829986225522,0.753096888580475,0.748222659252887
Case2_10dB,15.2958730631536,1.72218790605304,1.57720043397479,1.4414961952886,1.1631771906481,0.755495797836785,0.778654827257789,0.733577087007626
Case2_20dB,53.7272989579477,4.31169594528929,3.77496431464631,1.44112846955773,6.10184754140116,0.75662637587732,0.79244365414232,0.73356316102427
Case3_Outlier_Leak,52.4818750554603,4.87687654510332,3.18469142728896,1.29471682966171,3.19954323290191,4.00915730704579,0.889572317195337,1.14621713772116
Case4_Pure_Leak,2.09358925427561,2.09376558093906,2.10507641730655,1.99580373493336,0.854229835923511,3.76676254406151,0.860857401681369,0.946347151883843
