Case,Pipe1_Standard,Pipe1_Chen,Pipe1_EKF_LE,Pipe1_AFEKF,Pipe5_Standard,Pipe5_Chen,Pipe5_EKF_LE,Pipe5_AFEKF
Case1_Clean,1.43663890714515,1.43666695248515,1.4369271520227,1.43290018468216,0.785203108956524,0.785450293699943,0.785195623233059,0.780288853202111
Case2_10dB,15.9028580912848,1.8617222750927,1.73013705999851,1.52684063634585,2.16437447249987,0.753927274333033,0.872523480657982,0.737351471532348
Case2_20dB,52.0408438802547,4.77455740984221,3.36910340603838,1.52675088257208,2.91964618382332,0.75516727551924,1.0333722703903,0.738358614724416
Case3_Outlier_Leak,49.9094707368802,5.40071268764485,2.58463494776896,1.27458665614803,8.10790065509123,4.00159229188029,2.02099888861533,1.49756163965773
Case4_Pure_Leak,1.95347456214062,1.95901337799567,1.95329199947172,1.84878674240026,0.805282689573183,3.71566435022709,1.42708713815435,1.0205197646384
