Case,Pipe1_Standard,Pipe1_Chen,Pipe1_EKF_LE,Pipe1_AFEKF,Pipe5_Standard,Pipe5_Chen,Pipe5_EKF_LE,Pipe5_AFEKF
Case1_Clean,1.54917299211609,1.54897403095716,1.54917496275959,1.55098177252301,0.85479322662282,0.855180334294681,0.858476395617318,0.863268780731123
Case2_10dB,15.6064273304448,1.95008894232815,1.93744465293081,1.70281423413418,1.18593276633679,0.811565431571384,0.843773727553347,0.808319381725905
Case2_20dB,50.8527067160899,5.08603156588376,3.68687381671763,1.70241459475313,7.79638371981432,0.812206660237616,1.62745725862513,0.812305948106458
Case3_Outlier_Leak,55.491465386139,5.18030700489762,3.46982043087476,1.31577238616039,1.48962246485497,4.04098499538347,0.89200685995115,0.853401276354559
Case4_Pure_Leak,1.61131838644193,1.6093245801617,1.62156415315163,1.53175977727892,0.807979124543384,3.63699511278088,0.845802605740607,1.10443914852199
