Case,Pipe1_Standard,Pipe1_Chen,Pipe1_EKF_LE,Pipe1_AFEKF,Pipe5_Standard,Pipe5_Chen,Pipe5_EKF_LE,Pipe5_AFEKF
Case1_Clean,1.32133383748171,1.32181877370601,1.31896002257472,1.32572147909689,0.802563490425559,0.802546598073808,0.789385675715112,0.80636176429106
Case2_10dB,17.0368397662866,1.79574689851818,2.0638991369293,1.29438331838956,2.54024395277651,0.776142797509919,0.789654903989012,0.787529643591242
Case2_20dB,53.740065615672,4.40222687442267,3.10734511416203,1.29411624881854,8.40293248393616,0.775789568274808,1.62303517871676,0.787611078820565
Case3_Outlier_Leak,52.7186135606291,3.95088730923808,3.18957901506934,1.34010262432756,0.937758811037643,3.91505935302934,1.15091712452164,1.98616545102932
Case4_Pure_Leak,1.81525827850825,1.85378816923127,1.82607511541123,1.50908019194673,0.721711091640138,3.73304639408549,0.94247963768228,0.996607416326756
