Case,Pipe1_Standard,Pipe1_Chen,Pipe1_EKF_LE,Pipe1_AFEKF,Pipe5_Standard,Pipe5_Chen,Pipe5_EKF_LE,Pipe5_AFEKF
Case1_Clean,1.80491681139331,1.80487539452932,1.8046097935358,1.80070847339321,0.810556156977185,0.809419415662294,0.81123993928053,0.808491395145088
Case2_10dB,16.2605799940627,2.15028539788568,2.04217893764407,1.92715786288812,1.21027237309615,0.847227297942109,0.867951696907673,0.836921816317124
Case2_20dB,51.7191141634138,4.27364755899796,3.61972179175218,1.92715707505723,5.96718674604696,0.849516691057428,2.3848244369246,0.836933557711777
Case3_Outlier_Leak,51.6578077289084,4.52948009740274,3.07511139561222,1.46535364628378,1.98150158288307,3.92592646327507,1.7181687180066,1.09361674735669
Case4_Pure_Leak,1.78201297726657,1.78562705355938,1.92434096557147,1.70205813762162,0.854644406182109,3.64374695976045,1.37795669723542,1.14021136245108
