Case,Pipe1_Standard,Pipe1_Chen,Pipe1_EKF_LE,Pipe1_AFEKF,Pipe5_Standard,Pipe5_Chen,Pipe5_EKF_LE,Pipe5_AFEKF
Case1_Clean,1.51578369866447,1.51580451204177,1.52555770796893,1.50588876901333,0.869201003757572,0.869997120165978,0.869252590125649,0.866378564653178
Case2_10dB,16.85550445208,2.09287162215727,1.82037250708821,1.50400063636009,1.18825208845454,0.814304367297673,0.80895265953155,0.795561307076136
Case2_20dB,49.661710278732,3.96513027886273,2.57900441110601,1.50373076221569,6.35778970742201,0.810903261662222,1.01499529479539,0.793235021766119
Case3_Outlier_Leak,51.528344303218,4.32527461555745,3.42777285443742,1.59429828441839,4.03755618320112,3.92093644804132,1.72956550826997,1.70171653946973
Case4_Pure_Leak,1.72146080058709,1.71409462605877,1.72153863978213,1.66389784470123,0.877219335029534,3.81491347850277,0.871141961705475,0.969177731952454
