Case,Pipe1_Standard,Pipe1_Chen,Pipe1_EKF_LE,Pipe1_AFEKF,Pipe5_Standard,Pipe5_Chen,Pipe5_EKF_LE,Pipe5_AFEKF
Case1_Clean,1.35906203119378,1.35837286580215,1.35954087668011,1.35336941316198,0.80135802182486,0.802734761224536,0.802870184808849,0.796513872298795
Case2_10dB,15.7672844745317,1.60800358419662,1.51155178576276,1.31878624491231,3.09952016208605,0.83367831204696,0.821981023931045,0.810729643839104
Case2_20dB,51.3322687912883,5.14065465561849,3.35315374698246,1.3189239037045,5.84214775998446,0.837502151399913,2.26744977696581,0.810752999467439
Case3_Outlier_Leak,51.1797684185769,4.54029487515355,3.39208840763537,1.62622136274612,1.38686346214376,3.9405623704777,0.934210166808956,1.21404069308944
Case4_Pure_Leak,1.49343025669189,1.49042036787616,1.49898195192052,1.48191567449396,0.89315698283022,3.73111632901511,0.996859605269962,1.05763819792449
