Case,Pipe1_Standard,Pipe1_Chen,Pipe1_EKF_LE,Pipe1_AFEKF,Pipe5_Standard,Pipe5_Chen,Pipe5_EKF_LE,Pipe5_AFEKF
Case1_Clean,1.40637390149245,1.41312355337615,1.39259629499224,1.39862382981248,0.87020422500073,0.869188368128056,0.869287771154935,0.844927517209718
Case2_10dB,16.2194972100611,1.78598997963193,1.70471632595638,1.4785276505579,3.07567263830403,0.91296130897952,0.993361411770636,0.872465002566585
Case2_20dB,52.9884878913593,5.59666310233995,3.16612869963873,1.48031180416301,8.34421059426844,0.885593040030077,1.96367867293323,0.872451816206824
Case3_Outlier_Leak,51.7632622903214,4.05764616918092,2.71247082124177,1.34061960465877,1.43601749521613,3.96799625571069,1.15383527135473,0.865577411008293
Case4_Pure_Leak,1.63222361343137,1.63612301504652,1.63146279856176,1.48788733189768,0.808701498223935,3.81975599966193,0.880076808837079,0.934532583351285
