Case,Pipe1_Standard,Pipe1_Chen,Pipe1_EKF_LE,Pipe1_AFEKF,Pipe5_Standard,Pipe5_Chen,Pipe5_EKF_LE,Pipe5_AFEKF
Case1_Clean,1.71153420311582,1.71174784540992,1.71672440261887,1.71855796286204,0.790998885802775,0.791926789308001,0.791490458970886,0.793523910883878
Case2_10dB,15.5751620851137,2.09735468840008,2.00406194650963,1.77807348912751,0.827399339180489,0.819885639863456,0.811068150148327,0.805773335054607
Case2_20dB,50.3717648853088,4.70510897388946,3.32034646809312,1.77999486526438,2.28261060349022,0.820427048589501,1.49223555383776,0.808238875809306
Case3_Outlier_Leak,50.5016627854207,4.17760499310588,3.28989265664348,1.70302078315087,8.26667043903386,4.00891943785064,1.94006223823021,0.923022489341101
Case4_Pure_Leak,1.64745566900085,1.64213095736845,1.67099357210953,1.60185687103999,0.817951695297112,3.73625330100131,0.838714923266542,0.876490815898197
