Case,Pipe1_Standard,Pipe1_Chen,Pipe1_EKF_LE,Pipe1_AFEKF,Pipe5_Standard,Pipe5_Chen,Pipe5_EKF_LE,Pipe5_AFEKF
Case1_Clean,1.88325030087111,1.8833975052672,1.88183771882837,1.86365387194585,0.82547216235174,0.824667866234882,0.824237024526476,0.819122656815691
Case2_10dB,17.7712489963569,2.03891361373547,2.31539592679768,1.91130960736087,1.21132506485997,0.811087803014721,0.801587060155448,0.801842207446649
Case2_20dB,55.5035325337134,4.59903763740405,4.27504602802652,1.91271072841597,3.06645036183386,0.811791987479759,1.430228559898,0.796994061697823
Case3_Outlier_Leak,50.1174991638634,4.71008879052909,7.51566765002729,1.54063377421851,3.79569968886852,3.87467357824385,0.935111161533747,1.32266438943509
Case4_Pure_Leak,1.18930309103883,1.19063142694818,1.18907703717299,1.17789973430638,0.806563075093845,3.64421415725433,0.838893808256287,0.894213364069909
