Case,Pipe1_Standard,Pipe1_Chen,Pipe1_EKF_LE,Pipe1_AFEKF,Pipe5_Standard,Pipe5_Chen,Pipe5_EKF_LE,Pipe5_AFEKF
Case1_Clean,1.7724362125974,1.77237563316981,1.7713591947654,1.76632696626095,0.67068155120375,0.670327676471828,0.673068913278701,0.666755246042849
Case2_10dB,16.9198309593533,2.08470964873542,1.96504938346083,1.61293761824205,0.659515528727275,0.671169117603472,0.76879107049835,0.659552419106223
Case2_20dB,52.8338582383359,5.48648904497641,3.99569392355076,1.61333630217771,1.21841934109143,0.670351224320755,0.786774791853073,0.657737576017946
Case3_Outlier_Leak,51.9481337086567,4.05189739223822,3.20866196860968,1.2710880000178,6.08425282189835,4.02461080066908,0.757757913583297,0.991066838885829
Case4_Pure_Leak,1.34667663508694,1.36869479928581,1.35035555300058,1.27182768189648,0.826496765342436,3.57592228607538,0.937876196620902,0.822737846831547
