Case,Pipe1_Standard,Pipe1_Chen,Pipe1_EKF_LE,Pipe1_AFEKF,Pipe5_Standard,Pipe5_Chen,Pipe5_EKF_LE,Pipe5_AFEKF
Case1_Clean,1.44152101190312,1.44181938593195,1.4492926817311,1.42456474586423,0.802483397890866,0.803197493408666,0.791220862423265,0.759652675089083
Case2_10dB,15.829488574078,1.75897251728807,1.64142806748062,1.20987364452494,3.35841654942118,0.820351332962449,0.948519205895339,0.782174903467011
Case2_20dB,52.3000433967461,4.537221071216,3.35609710640365,1.21722985042362,5.87216856478113,0.820112756851491,1.95808200093391,0.838068969905577
Case3_Outlier_Leak,51.8244600083198,5.23214442450666,3.23164032601154,1.40211087901363,6.52257460166568,4.12886193473308,1.73041646121,1.23866955507717
Case4_Pure_Leak,1.60885935087999,1.60668102167686,1.60829254888368,1.55244972210295,0.906739717913386,3.79693969218608,1.61244247422239,1.66793047498678
