Case,Pipe1_Standard,Pipe1_Chen,Pipe1_EKF_LE,Pipe1_AFEKF,Pipe5_Standard,Pipe5_Chen,Pipe5_EKF_LE,Pipe5_AFEKF
Case1_Clean,1.70299816212917,1.70347276962578,1.70225890530744,1.69750528929421,0.824232858177666,0.82429808315277,0.824209950315021,0.821211306435798
Case2_10dB,17.2475052121933,2.1763680182711,1.91934333003445,1.63661688023231,1.02417245955124,0.845271668825881,0.84002482171616,0.830526984843154
Case2_20dB,53.0325403483662,5.28274796512097,3.51543572006487,1.63503643930674,4.19027034773938,0.846720555434073,1.8093287501924,0.831172573683848
Case3_Outlier_Leak,56.2668886404505,4.71809016565603,3.12469152975196,1.09532449978273,2.90025618389511,4.00587091274209,1.25430038873037,1.01465822084691
Case4_Pure_Leak,1.14808194573877,1.14576485619987,1.15640384304708,1.13300734933388,0.780349055309485,3.72983156536478,1.09033131567087,0.846595263667474
