Case,Pipe1_Standard,Pipe1_Chen,Pipe1_EKF_LE,Pipe1_AFEKF,Pipe5_Standard,Pipe5_Chen,Pipe5_EKF_LE,Pipe5_AFEKF
Case1_Clean,2.01693763063174,2.01651394632552,2.01567134944101,2.01055615271729,0.749667052381052,0.749379655861442,0.750592587463587,0.749129910563322
Case2_10dB,15.7848709988666,2.34724891089131,2.17403578933619,1.99112091798544,0.766780824809539,0.740266171423772,0.727699722463418,0.718987454491402
Case2_20dB,52.0258897365447,4.24794467164389,3.55237068934714,1.99106950543465,2.35524451665405,0.74084837229577,0.884501663151517,0.717921142422444
Case3_Outlier_Leak,49.3158244951315,4.30612966880805,2.81559249016224,1.2053723388254,6.07623900707245,3.94308403303757,0.767697162288247,0.821418360437285
Case4_Pure_Leak,1.32719314731237,1.32610654645794,1.33012234214781,1.33123390238574,0.989712839640038,3.83504052283479,1.19103410285883,1.07547469853291
