Case,Pipe1_Standard,Pipe1_Chen,Pipe1_EKF_LE,Pipe1_AFEKF,Pipe5_Standard,Pipe5_Chen,Pipe5_EKF_LE,Pipe5_AFEKF
Case1_Clean,1.16526466111963,1.16536097846474,1.16771295995719,1.16279544896876,0.772324425673425,0.771511551954832,0.77881800079187,0.774295512957476
Case2_10dB,17.3593466635495,1.78719041229266,1.52644028838144,1.10085152784378,1.23779818747386,0.824041931600239,0.842633697954319,0.794932504158194
Case2_20dB,50.312658192279,3.9131711401463,3.33546300843592,1.10673729219948,8.47087923488363,0.824046433396937,1.75478637757937,0.788480626666225
Case3_Outlier_Leak,53.6199807077676,6.36219465499075,5.03299083185613,1.60341760706967,2.10736238169195,4.13552871663215,1.47164140108946,1.27543529596798
Case4_Pure_Leak,1.72928072515443,1.72757899248879,1.7253727792913,1.59512198816682,0.983830423957175,3.74829321288941,1.37849160437155,1.06814488389548
