Case,Pipe1_Standard,Pipe1_Chen,Pipe1_EKF_LE,Pipe1_AFEKF,Pipe5_Standard,Pipe5_Chen,Pipe5_EKF_LE,Pipe5_AFEKF
Case1_Clean,1.75217865454604,1.75269328651951,1.72799212613113,1.74550389092254,0.840933483369069,0.838232539859651,0.839251869656609,0.834180206718789
Case2_10dB,15.4059672736436,1.75449846980594,1.9470762037074,1.67967087456306,2.08780586621782,0.799093872132406,0.780771514920112,0.786417186871232
Case2_20dB,54.6733971261108,5.46381089254654,3.71542301384519,1.67974574201796,4.00781641934697,0.791435430558188,1.07817973950384,0.786428473663747
Case3_Outlier_Leak,50.4786808300229,3.80115595639434,2.78995010784561,1.12470876355392,3.92121756664056,4.00919022645393,1.53636745588087,0.990516245064622
Case4_Pure_Leak,2.10516779668394,2.12153533533777,2.10430995641506,1.87718772544637,0.880193539872547,3.98127873366584,1.06402777879517,0.925115357900559
