Case,Pipe1_Standard,Pipe1_Chen,Pipe1_EKF_LE,Pipe1_AFEKF,Pipe5_Standard,Pipe5_Chen,Pipe5_EKF_LE,Pipe5_AFEKF
Case1_Clean,1.18486967641498,1.1847281303608,1.1780493516315,1.18959371371329,0.778619959545656,0.778315481464795,0.778356674326523,0.782908584336992
Case2_10dB,16.2728816349951,1.62512487145858,1.48307953194104,1.21363316166075,2.47405734268463,0.774760683136144,0.773905011161809,0.771349884886676
Case2_20dB,53.2484028253199,4.46322489590288,7.86319702124363,1.21365610532045,7.97953163147354,0.775171966475591,1.89152691315044,0.771233066130511
Case3_Outlier_Leak,51.9485939610279,5.15253658967507,3.18932618589891,1.28440739249425,5.73514173085176,3.90752212094182,1.99769727640458,0.891564204875303
Case4_Pure_Leak,1.96801533276164,1.97109010367352,2.03859677497248,1.7104722867701,0.838557142605976,3.70852714497341,1.40195517614177,1.94754366490819
