Case,Pipe1_Standard,Pipe1_Chen,Pipe1_EKF_LE,Pipe1_AFEKF,Pipe5_Standard,Pipe5_Chen,Pipe5_EKF_LE,Pipe5_AFEKF
Case1_Clean,1.37843538766267,1.37850761787987,1.36927469339224,1.36765728337269,0.638209718094941,0.636653674553581,0.637207622232829,0.635231714237879
Case2_10dB,16.8747679747571,1.60265699442385,1.98055154828736,1.42597437601321,2.57713837311346,0.640871988110284,0.635585388539166,0.627775975532126
Case2_20dB,51.041662873496,4.32615228985935,3.57926908822283,1.42578547564866,0.873323148650674,0.626669641821408,1.00313731094722,0.627781937749828
Case3_Outlier_Leak,57.2540565518814,5.53054180632716,4.22054784133311,1.29819630144208,2.94024559365755,4.00146225297571,1.30888526721556,0.886287492119075
Case4_Pure_Leak,1.80452559290686,1.80359120849895,1.80404582000913,1.76703654260702,0.719746996413521,3.70667001159036,1.36828382051551,1.18584243295385
