Case,Pipe1_Standard,Pipe1_Chen,Pipe1_EKF_LE,Pipe1_AFEKF,Pipe5_Standard,Pipe5_Chen,Pipe5_EKF_LE,Pipe5_AFEKF
Case1_Clean,1.6663824487569,1.66590325857979,1.66515661760891,1.65554126732411,0.704861183847007,0.705005717794264,0.704832344152203,0.700005175957835
Case2_10dB,17.0799561768675,2.04913497369418,2.04327600145118,1.73322600276156,3.05354267779058,0.733158692193863,0.895205749406414,0.713592571766892
Case2_20dB,53.8773355395058,5.02325691574056,6.67467336352878,1.73333027523008,2.67320336860383,0.734075276735873,0.75158302646824,0.713537510962446
Case3_Outlier_Leak,50.013261889028,3.84712234401211,3.08306763116124,1.35081129673067,1.5381620186323,3.88075215217563,0.980048921178042,0.869788041724713
Case4_Pure_Leak,1.78880431252568,1.7945331688993,1.79107696338197,1.71517553884515,0.895160299138186,3.70236342261672,1.14953274135595,1.17855751278859
