Case,Pipe1_Standard,Pipe1_Chen,Pipe1_EKF_LE,Pipe1_AFEKF,Pipe5_Standard,Pipe5_Chen,Pipe5_EKF_LE,Pipe5_AFEKF
Case1_Clean,1.43845348896693,1.43811272000426,1.43841731343891,1.4236605364108,0.831227630794433,0.832309576790098,0.755239201482337,0.772043143521824
Case2_10dB,16.2455775260149,1.80157220233968,1.79376330049182,1.46174356158518,1.29394850385471,0.891605130093055,0.850751923289668,0.833728135904434
Case2_20dB,51.2988621964693,4.85024032049325,2.88403210318842,1.46148230899882,1.53979982982808,0.893310647058429,0.877069133177081,0.833691559623261
Case3_Outlier_Leak,49.4772568786825,4.23637595070317,3.3675089268235,1.44198242267628,3.06892806981201,4.16375029417729,2.10632775986954,1.11468027366334
Case4_Pure_Leak,1.64075832054607,1.64305678427771,1.64050119958752,1.58315998351821,0.824968493234012,3.75261359450772,0.844864220196971,0.889560667115033
