Case,Pipe1_Standard,Pipe1_Chen,Pipe1_EKF_LE,Pipe1_AFEKF,Pipe5_Standard,Pipe5_Chen,Pipe5_EKF_LE,Pipe5_AFEKF
Case1_Clean,1.58586225700277,1.58572392028697,1.58589106927338,1.58070569792913,0.840895102147356,0.840178809035232,0.843283438282351,0.839332122319744
Case2_10dB,15.7904024264726,1.65982032390763,2.86120472132489,1.48298002523851,1.28916596351396,0.881694788819609,0.866725551905404,0.85824373139834
Case2_20dB,52.9236863491262,5.08522631907189,3.13904211266557,1.48299039997113,5.6650071860692,0.88167802504651,2.05382856557994,0.858527987015976
Case3_Outlier_Leak,49.4458116501613,5.3787729531711,3.32794150456341,1.91523358038329,5.52228305829985,3.82912032015054,1.92258930650893,1.02736164548675
Case4_Pure_Leak,1.28192300641585,1.28910816929548,1.28116631529176,1.14456729178517,0.924640821547013,3.7119419653911,1.09995467751638,1.0282204662924
