Case,Pipe1_Standard,Pipe1_Chen,Pipe1_EKF_LE,Pipe1_AFEKF,Pipe5_Standard,Pipe5_Chen,Pipe5_EKF_LE,Pipe5_AFEKF
Case1_Clean,1.39962796127953,1.40245764791992,1.39890464936664,1.35566296392869,0.849568723524281,0.849389909422488,0.852540817002536,0.813979333308615
Case2_10dB,16.6541541740429,1.82402475364089,1.70445634490078,1.30707195723058,3.25316160315666,0.862034569556124,0.927887063748543,0.823632272322905
Case2_20dB,51.1906042800525,4.62789122649544,2.43146163362439,1.30708896156565,2.2540686484381,0.863616067622459,1.10628214324222,0.826686445313679
Case3_Outlier_Leak,55.0232080190235,4.74340854666037,4.38483294466366,1.36868469619424,3.04031367130941,3.8618210414261,1.1153990636609,1.8422083089074
Case4_Pure_Leak,1.22662535044224,1.22893887153834,1.22599806452131,1.16243497526053,0.817953956102851,3.67782691443494,0.822322956487122,0.925010995026235
