Case,Pipe1_Standard,Pipe1_Chen,Pipe1_EKF_LE,Pipe1_AFEKF,Pipe5_Standard,Pipe5_Chen,Pipe5_EKF_LE,Pipe5_AFEKF
Case1_Clean,1.43651529747303,1.43683485209866,1.42638322421685,1.43205861630169,0.742826680657551,0.743374231557465,0.741367991186085,0.740401103202506
Case2_10dB,16.3540120240297,1.83236127691629,1.75637847903314,1.42893163866638,0.789430080693875,0.775784040448978,0.753965662630969,0.759404922763833
Case2_20dB,53.9163447977555,5.3555719781557,3.68858278641798,1.42985362635062,5.89823406709751,0.772143527225793,2.56861067695118,0.75780947176802
Case3_Outlier_Leak,55.4824072114778,4.47154587376473,4.66115770956417,1.30059497833947,3.00580020081962,3.98322164358206,1.15309103055677,1.29542629399269
Case4_Pure_Leak,1.88248853093506,1.90494752066462,1.88159790687791,1.73954146833457,0.793871818301944,3.68555434440954,1.57829687702347,1.51304071188657
