Case,Pipe1_Standard,Pipe1_Chen,Pipe1_EKF_LE,Pipe1_AFEKF,Pipe2_Standard,Pipe2_Chen,Pipe2_EKF_LE,Pipe2_AFEKF,Pipe3_Standard,Pipe3_Chen,Pipe3_EKF_LE,Pipe3_AFEKF,Pipe4_Standard,Pipe4_Chen,Pipe4_EKF_LE,Pipe4_AFEKF,Pipe5_Standard,Pipe5_Chen,Pipe5_EKF_LE,Pipe5_AFEKF,Pipe7_Standard,Pipe7_Chen,Pipe7_EKF_LE,Pipe7_AFEKF,Pipe8_Standard,Pipe8_Chen,Pipe8_EKF_LE,Pipe8_AFEKF,Pipe10_Standard,Pipe10_Chen,Pipe10_EKF_LE,Pipe10_AFEKF,Flow_Standard,Flow_Chen,Flow_EKF_LE,Flow_AFEKF
Case1_Clean,1.42243603448674,1.42243603448676,1.4260679615423,1.43193143811895,1.76791669250622,1.76791669250624,1.77000312104788,1.77882291748306,1.81846339963112,1.81846339963114,1.81917800523924,1.82550293107228,0.672641705326423,0.672641705326423,0.674013339711263,0.681445029490253,0.464372399659179,0.464372399659178,0.464004285324947,0.470792530879484,0.56479547564452,0.56479547564453,0.588445001878843,0.593670615871451,0.325563383747983,0.325563383747983,0.464934390459597,0.462901238976086,0.787011255442717,0.787011255442709,0.794008316773939,0.798745495254301,2.64952986390799,2.649529863908,2.65487186437876,2.65797421955998
Case2_20dB,407.130095931069,2.41133607488122,2.43721526413624,1.39886210345959,90.5233429489488,1.71886958027067,1.78355898527706,1.75468729611338,109.441994055598,2.59553755197529,1.9097020629246,1.84427497548915,79.893513084567,0.785307641116267,0.684649200491599,0.697185622289103,37.8413749815886,0.491574681701573,0.47712422536853,0.480472538948517,59.3592954400485,0.585813651385676,0.589236058208437,0.563355739457809,54.8493250242162,0.345039013443874,1.188456561309,0.484638758933437,59.933506225678,0.830535584184763,0.870341471824577,0.843927532393314,111.307038352012,2.83496738340625,2.82757440018621,2.75655421856426
