Case,Pipe1_Standard,Pipe1_Chen,Pipe1_EKF_LE,Pipe1_AFEKF,Pipe2_Standard,Pipe2_Chen,Pipe2_EKF_LE,Pipe2_AFEKF,Pipe3_Standard,Pipe3_Chen,Pipe3_EKF_LE,Pipe3_AFEKF,Pipe4_Standard,Pipe4_Chen,Pipe4_EKF_LE,Pipe4_AFEKF,Pipe5_Standard,Pipe5_Chen,Pipe5_EKF_LE,Pipe5_AFEKF,Pipe7_Standard,Pipe7_Chen,Pipe7_EKF_LE,Pipe7_AFEKF,Pipe8_Standard,Pipe8_Chen,Pipe8_EKF_LE,Pipe8_AFEKF,Pipe10_Standard,Pipe10_Chen,Pipe10_EKF_LE,Pipe10_AFEKF,Flow_Standard,Flow_Chen,Flow_EKF_LE,Flow_AFEKF
Case1_Clean,1.23013394637282,1.23013394637281,1.22806487537107,1.23409321597698,1.08332816699516,1.08332816699516,1.08330772445195,1.09033882758236,1.28712055348242,1.28712055348242,1.28599437858585,1.29273361468183,0.703156736641056,0.703156736641056,0.715885505695143,0.722541606968913,0.48952880674866,0.489528806748662,0.542659637425089,0.547453882593604,0.576080823955497,0.57608082395549,0.587031778953923,0.592778553443476,0.361836355289331,0.361836355289331,0.36878108619335,0.376894452116734,0.759870749115273,0.75987074911528,0.780335833510645,0.784590992518097,2.35172143489928,2.35172143489928,2.35529730018185,2.35778737051089
Case2_20dB,406.335659488125,1.90054708230569,2.14601322700625,1.23037525262124,113.794304700792,1.08313402194926,1.18696534067808,1.09173028413004,91.487525775708,1.77453235844079,1.39045248696022,1.27356461884488,149.66055001032,0.772169373409451,0.652555267025937,0.705201479747924,23.0129105582698,0.41990056586564,0.45001071307501,0.459286704080834,46.9265907357093,0.594763456394277,0.618968123320998,0.626335469825267,6.46118968041537,0.343537610660324,0.577580784929373,0.390173973200067,33.869316890191,0.764385148766631,0.762647213375789,0.76561808703074,114.659250330639,2.31393070181967,2.29683390422559,2.25972655685332
