Case,Pipe1_Standard,Pipe1_Chen,Pipe1_EKF_LE,Pipe1_AFEKF,Pipe2_Standard,Pipe2_Chen,Pipe2_EKF_LE,Pipe2_AFEKF,Pipe3_Standard,Pipe3_Chen,Pipe3_EKF_LE,Pipe3_AFEKF,Pipe4_Standard,Pipe4_Chen,Pipe4_EKF_LE,Pipe4_AFEKF,Pipe5_Standard,Pipe5_Chen,Pipe5_EKF_LE,Pipe5_AFEKF,Pipe7_Standard,Pipe7_Chen,Pipe7_EKF_LE,Pipe7_AFEKF,Pipe8_Standard,Pipe8_Chen,Pipe8_EKF_LE,Pipe8_AFEKF,Pipe10_Standard,Pipe10_Chen,Pipe10_EKF_LE,Pipe10_AFEKF,Flow_Standard,Flow_Chen,Flow_EKF_LE,Flow_AFEKF
Case1_Clean,1.11058143909223,1.11058143909224,1.11035492029338,1.11306796357737,0.960041616792375,0.960041616792384,0.960014169291417,0.965369117066956,1.1713112708889,1.1713112708889,1.17092940844418,1.17707104040344,0.663345648893432,0.66334564889343,0.663456864293541,0.672808808728528,0.475239465441356,0.475239465441356,0.475089872744639,0.480822427506236,0.497593627015233,0.497593627015237,0.528458989205175,0.531792998623889,0.357189598133517,0.357189598133517,0.470218248064165,0.466232722827073,0.70034601763237,0.700346017632376,0.707772421741932,0.710932059439414,2.2140543945265,2.2140543945265,2.22021437657129,2.222320185559
Case2_20dB,470.465375038025,2.77486058693747,2.68646807305432,1.19397182065875,81.857053529414,1.12359424433929,1.11954300332472,1.01777740924448,77.770776712239,2.00305415209971,1.47362034704246,1.22352479962537,56.0826656054397,0.73119710519706,0.695875292482552,0.715175937525569,31.8276834428801,0.497095459065727,0.483382557416494,0.506708435368348,24.3955239481062,0.647965658674165,0.51343012097077,0.489492458077289,24.2195785091379,0.366996634767427,0.403800836883107,0.525348166196589,86.0063053571394,0.77939509684204,0.762302171460513,0.715412529632186,125.123307846153,2.39143902066947,2.3619098140543,2.25235054232456
