Case,Pipe1_Standard,Pipe1_Chen,Pipe1_EKF_LE,Pipe1_AFEKF,Pipe2_Standard,Pipe2_Chen,Pipe2_EKF_LE,Pipe2_AFEKF,Pipe3_Standard,Pipe3_Chen,Pipe3_EKF_LE,Pipe3_AFEKF,Pipe4_Standard,Pipe4_Chen,Pipe4_EKF_LE,Pipe4_AFEKF,Pipe5_Standard,Pipe5_Chen,Pipe5_EKF_LE,Pipe5_AFEKF,Pipe7_Standard,Pipe7_Chen,Pipe7_EKF_LE,Pipe7_AFEKF,Pipe8_Standard,Pipe8_Chen,Pipe8_EKF_LE,Pipe8_AFEKF,Pipe10_Standard,Pipe10_Chen,Pipe10_EKF_LE,Pipe10_AFEKF,Flow_Standard,Flow_Chen,Flow_EKF_LE,Flow_AFEKF
Case1_Clean,1.51563667219849,1.51563667219848,1.51590952861462,1.52381884644669,1.41452643075376,1.41452643075374,1.41361302534473,1.42159874151952,1.62624938129065,1.62624938129064,1.62563751851703,1.63249567187168,0.693339332314912,0.693339332314912,0.692339756326362,0.699235468157727,0.482457127048503,0.482457127048504,0.482371872792704,0.489131375013753,0.644464976395144,0.644464976395143,0.650828843632674,0.659146591617514,0.365434252551428,0.365434252551429,0.448628474690905,0.452284323901826,0.812813710771371,0.812813710771367,0.810341750447494,0.81563667062096,2.53678234172109,2.53678234172109,2.53863428905164,2.54162006742262
Case2_20dB,292.642011349485,1.97889199217053,2.38292186387464,1.28791109368741,69.5888106808361,1.34880106481168,1.30808566641175,1.23879051885157,68.8784802948303,1.71383443595135,1.53551941184684,1.46752085531113,106.615481200684,0.812031984787354,0.742359643589379,0.719489025126092,53.0782376250289,0.497886020769491,0.571301493358405,0.556900134981375,38.410171580241,0.746006371774493,0.730894599354247,0.667056722106712,50.736539641805,0.373670693304807,0.62819606375998,0.424734685834168,37.6570707480268,0.802504338388574,0.837550683436971,0.848348500531191,88.4952256436907,2.6341230600191,2.6496155886874,2.60173256358151
