Case,Pipe1_Standard,Pipe1_Chen,Pipe1_EKF_LE,Pipe1_AFEKF,Pipe2_Standard,Pipe2_Chen,Pipe2_EKF_LE,Pipe2_AFEKF,Pipe3_Standard,Pipe3_Chen,Pipe3_EKF_LE,Pipe3_AFEKF,Pipe4_Standard,Pipe4_Chen,Pipe4_EKF_LE,Pipe4_AFEKF,Pipe5_Standard,Pipe5_Chen,Pipe5_EKF_LE,Pipe5_AFEKF,Pipe7_Standard,Pipe7_Chen,Pipe7_EKF_LE,Pipe7_AFEKF,Pipe8_Standard,Pipe8_Chen,Pipe8_EKF_LE,Pipe8_AFEKF,Pipe10_Standard,Pipe10_Chen,Pipe10_EKF_LE,Pipe10_AFEKF,Flow_Standard,Flow_Chen,Flow_EKF_LE,Flow_AFEKF
Case1_Clean,1.15064805895381,1.15064805895383,1.15050126063892,1.156644602779,1.28318025776769,1.2831802577677,1.2861926167694,1.29370939137894,1.50800270316314,1.50800270316315,1.50571161932075,1.51269109829667,0.645931338464762,0.645931338464761,0.683263439730122,0.688627883093031,0.47725786832654,0.47725786832654,0.480102814119909,0.489060497031171,0.522024084473233,0.522024084473237,0.51666232337365,0.522677143295126,0.393008522199791,0.393008522199791,0.416267973036553,0.423665503670765,0.762169578186267,0.762169578186281,0.761735855778256,0.764722315421963,2.47701924397891,2.47701924397892,2.47883479212115,2.48176461550334
Case2_20dB,442.486062129084,2.12974252996771,2.1460190670733,1.23201042716334,125.189361049488,1.45963374509364,1.42252395654542,1.36955630585238,93.2365401897547,2.20313008127544,1.66902795373365,1.60870529780681,48.7137676771536,0.768945311644067,0.738334454550339,0.707586514704071,23.876156401065,0.496994436888198,0.512635653193693,0.496618698947033,78.2837447161957,0.785197810936534,0.518017895306703,0.489193939366572,50.6597545932541,0.412098464174277,0.684412257067894,0.41153489230171,65.3793127562567,0.825062283673468,0.827258460635987,0.800299656696449,117.889157861086,2.72194107259445,2.70099614448414,2.65490914572384
