Case,Pipe1_Standard,Pipe1_Chen,Pipe1_EKF_LE,Pipe1_AFEKF,Pipe2_Standard,Pipe2_Chen,Pipe2_EKF_LE,Pipe2_AFEKF,Pipe3_Standard,Pipe3_Chen,Pipe3_EKF_LE,Pipe3_AFEKF,Pipe4_Standard,Pipe4_Chen,Pipe4_EKF_LE,Pipe4_AFEKF,Pipe5_Standard,Pipe5_Chen,Pipe5_EKF_LE,Pipe5_AFEKF,Pipe7_Standard,Pipe7_Chen,Pipe7_EKF_LE,Pipe7_AFEKF,Pipe8_Standard,Pipe8_Chen,Pipe8_EKF_LE,Pipe8_AFEKF,Pipe10_Standard,Pipe10_Chen,Pipe10_EKF_LE,Pipe10_AFEKF,Flow_Standard,Flow_Chen,Flow_EKF_LE,Flow_AFEKF
Case1_Clean,1.01687650350872,1.01687650350871,1.01634381579599,1.02088743621422,1.10262091618479,1.10262091618478,1.1029017167946,1.10995176610247,1.15203264401108,1.15203264401107,1.1488566411669,1.15352635661521,0.649830056595744,0.649830056595744,0.655063101881168,0.661209392965098,0.4283626139625,0.4283626139625,0.454669995631858,0.460412306253962,0.509454654169053,0.509454654169062,0.506776347821062,0.51505041490124,0.339844038634153,0.339844038634152,0.340772882888675,0.348356639090764,0.70357986700127,0.703579867001278,0.730393293553054,0.735504625042875,2.02945615043577,2.02945615043576,2.03082975964643,2.03305231536239
Case2_20dB,584.242250795469,2.60244926513356,2.18577266262931,0.917193470999413,79.7151469149057,1.89200768126471,1.25259366274882,1.04348048375625,114.981614158075,1.83818469506864,1.33645359448751,1.08396227586874,45.0031349734016,0.689481714966157,0.64148058077898,0.643014730801496,35.4913342069998,0.432273142855701,0.456109558527036,0.42545745603304,79.7940385924645,0.553657834530834,0.699514703690158,0.566595178673881,20.4454168141258,0.30720972145493,0.654029653314873,0.377641411733744,109.141057089616,0.780200787013654,0.797501464070002,0.719075373882242,157.929720841107,2.1403196794612,2.09666106144381,1.97903813271313
