Case,Pipe1_Standard,Pipe1_Chen,Pipe1_EKF_LE,Pipe1_AFEKF,Pipe2_Standard,Pipe2_Chen,Pipe2_EKF_LE,Pipe2_AFEKF,Pipe3_Standard,Pipe3_Chen,Pipe3_EKF_LE,Pipe3_AFEKF,Pipe4_Standard,Pipe4_Chen,Pipe4_EKF_LE,Pipe4_AFEKF,Pipe5_Standard,Pipe5_Chen,Pipe5_EKF_LE,Pipe5_AFEKF,Pipe7_Standard,Pipe7_Chen,Pipe7_EKF_LE,Pipe7_AFEKF,Pipe8_Standard,Pipe8_Chen,Pipe8_EKF_LE,Pipe8_AFEKF,Pipe10_Standard,Pipe10_Chen,Pipe10_EKF_LE,Pipe10_AFEKF,Flow_Standard,Flow_Chen,Flow_EKF_LE,Flow_AFEKF
Case1_Clean,1.09118025365203,1.09118025365201,1.08413682604543,1.08952293972128,1.08727523800939,1.08727523800938,1.10671149200762,1.1129432744344,1.32365264537782,1.32365264537781,1.33387219748533,1.34110267698433,0.627717373521761,0.627717373521761,0.622757991552716,0.630378633790271,0.42700028381544,0.427000283815439,0.430113295148119,0.43646294600881,0.584303525313417,0.584303525313424,0.581767662874282,0.588644835594874,0.322261476262286,0.322261476262286,0.327350127929437,0.334341246500262,0.767749806000447,0.767749806000457,0.775819068574977,0.780074125092617,2.36850499592149,2.36850499592149,2.37025643348578,2.37284295946056
Case2_20dB,376.005051600555,2.92856922636133,2.28437522046884,1.03909604476262,92.6318087421281,1.44678249299196,1.08874921755064,0.97630639831923,109.539924535164,2.59689011857311,1.41264194458543,1.29286154420928,52.2922412478456,0.612087621629346,0.668260086709578,0.625106478643085,52.6998402563481,0.426222680935438,0.429951078798453,0.439828767201064,39.0134547437199,0.559437913620515,0.62902495986494,0.57088031702753,11.3277072156935,0.28968563159866,0.363596040498136,0.319694944005915,50.8304905122116,0.712116419422659,0.704128797857364,0.706727003739222,108.474756649347,2.38636299964752,2.27847005581388,2.22902635992314
