Case,Pipe1_Standard,Pipe1_Chen,Pipe1_EKF_LE,Pipe1_AFEKF,Pipe2_Standard,Pipe2_Chen,Pipe2_EKF_LE,Pipe2_AFEKF,Pipe3_Standard,Pipe3_Chen,Pipe3_EKF_LE,Pipe3_AFEKF,Pipe4_Standard,Pipe4_Chen,Pipe4_EKF_LE,Pipe4_AFEKF,Pipe5_Standard,Pipe5_Chen,Pipe5_EKF_LE,Pipe5_AFEKF,Pipe7_Standard,Pipe7_Chen,Pipe7_EKF_LE,Pipe7_AFEKF,Pipe8_Standard,Pipe8_Chen,Pipe8_EKF_LE,Pipe8_AFEKF,Pipe10_Standard,Pipe10_Chen,Pipe10_EKF_LE,Pipe10_AFEKF,Flow_Standard,Flow_Chen,Flow_EKF_LE,Flow_AFEKF
Case1_Clean,1.09991121748373,1.09991121748374,1.10338005007981,1.10867448032939,1.00155518290316,1.00155518290318,1.00091610268202,1.00908495802671,0.994878458669336,0.994878458669346,0.99690804920863,1.00207846310676,0.581765069670474,0.581765069670475,0.587702610299772,0.592176424129039,0.464455190691526,0.464455190691527,0.485743521851266,0.493028706301365,0.669710691004758,0.669710691004762,0.672979428250818,0.68252748088813,0.340168087268617,0.340168087268617,0.348707799968341,0.354798604167665,0.704983468083512,0.70498346808351,0.704493841482003,0.709345312084803,2.02286906173259,2.0228690617326,2.02520830226254,2.02766833694237
Case2_20dB,416.138631726169,2.64812350476236,1.93113180158082,1.12864756959669,147.868427155125,2.06488914519974,1.1653782978835,1.03795764305172,140.440114443303,2.19267929585026,1.07666540479739,1.02690032705606,19.2668901517943,0.572337864250645,0.662298761066395,0.609293794761301,62.3750537716886,0.486925473129502,0.497304285715883,0.480532555885677,84.8847764543694,0.709901111056956,0.72675528558522,0.700901346778115,67.2896330647987,0.354642523102832,0.631307165482281,0.357159643889717,61.0908724359524,0.700501014467548,0.747973370309302,0.740591070386214,123.599562754558,2.22022549184696,2.09408473536327,2.06294777653565
