Case,Pipe1_Standard,Pipe1_Chen,Pipe1_EKF_LE,Pipe1_AFEKF,Pipe2_Standard,Pipe2_Chen,Pipe2_EKF_LE,Pipe2_AFEKF,Pipe3_Standard,Pipe3_Chen,Pipe3_EKF_LE,Pipe3_AFEKF,Pipe4_Standard,Pipe4_Chen,Pipe4_EKF_LE,Pipe4_AFEKF,Pipe5_Standard,Pipe5_Chen,Pipe5_EKF_LE,Pipe5_AFEKF,Pipe7_Standard,Pipe7_Chen,Pipe7_EKF_LE,Pipe7_AFEKF,Pipe8_Standard,Pipe8_Chen,Pipe8_EKF_LE,Pipe8_AFEKF,Pipe10_Standard,Pipe10_Chen,Pipe10_EKF_LE,Pipe10_AFEKF,Flow_Standard,Flow_Chen,Flow_EKF_LE,Flow_AFEKF
Case1_Clean,1.13299066978936,1.13299066978936,1.13498971551518,1.14268489328667,1.21277861266455,1.21277861266455,1.2109716641481,1.22029720191933,1.42533210704218,1.42533210704219,1.4244938489228,1.43310873329853,0.654386724907312,0.654386724907312,0.703318274867697,0.708306293656828,0.478213748559883,0.478213748559882,0.494405748301744,0.499701852269489,0.49608801832715,0.496088018327137,0.496192020652726,0.503073724329542,0.290288302741331,0.290288302741333,0.289886338542951,0.299413412098651,0.742936022620262,0.742936022620242,0.746701442248903,0.75043196078845,2.34227643230605,2.34227643230605,2.34523959470898,2.34846110308599
Case2_20dB,386.801401588592,2.48875635877975,2.08740690975551,1.27762626781871,204.004870920231,2.07961044863649,1.52296227276139,1.36671630919929,108.049003352102,2.17353074566887,1.75018592031559,1.59778803251307,40.4474839392249,0.730157421524526,0.696437613386483,0.683100917546594,22.846711747378,0.480710788003031,0.491273747577505,0.516289624928184,69.9135823303,0.651782405954268,0.533127776123249,0.498118846374961,36.75534559915,0.275515745308472,0.466251935457976,0.334997353183442,85.3988981155329,0.880145099560244,0.824041035962909,0.805308865911162,117.14985793198,2.67387003452186,2.60557704207239,2.55547377777406
