Case,Pipe1_Standard,Pipe1_Chen,Pipe1_EKF_LE,Pipe1_AFEKF,Pipe2_Standard,Pipe2_Chen,Pipe2_EKF_LE,Pipe2_AFEKF,Pipe3_Standard,Pipe3_Chen,Pipe3_EKF_LE,Pipe3_AFEKF,Pipe4_Standard,Pipe4_Chen,Pipe4_EKF_LE,Pipe4_AFEKF,Pipe5_Standard,Pipe5_Chen,Pipe5_EKF_LE,Pipe5_AFEKF,Pipe7_Standard,Pipe7_Chen,Pipe7_EKF_LE,Pipe7_AFEKF,Pipe8_Standard,Pipe8_Chen,Pipe8_EKF_LE,Pipe8_AFEKF,Pipe10_Standard,Pipe10_Chen,Pipe10_EKF_LE,Pipe10_AFEKF,Flow_Standard,Flow_Chen,Flow_EKF_LE,Flow_AFEKF
Case1_Clean,1.15322590627913,1.15322590627913,1.15419782217474,1.16066872257545,1.28656079010394,1.28656079010395,1.28609248971285,1.29449170404402,1.44629691226383,1.44629691226385,1.44259721511562,1.45114127205896,0.68453633821478,0.684536338214781,0.677928717710797,0.684983995775815,0.484627897867333,0.484627897867334,0.503649792604513,0.509669517201478,0.530116708458989,0.53011670845898,0.528926236210606,0.534255272202633,0.358684547246767,0.358684547246767,0.357347865099195,0.3679708279789,0.799201580196494,0.79920158019649,0.809264054016827,0.814310182407804,2.55806585566165,2.55806585566165,2.55921974548005,2.56279983292811
Case2_20dB,553.545828041954,2.62190113879412,2.09809587506976,1.12823627709792,82.9022135288664,2.07681541446446,1.40212654548841,1.26500333285825,119.42116995035,2.07845564511432,1.56228542195997,1.43303172105851,44.1681143703876,0.761289923572574,0.786030905668535,0.711806902994544,33.1806706924883,0.486513649264792,0.535700469118374,0.49707909039941,136.273610428621,0.559126867299907,0.626630794721202,0.559363493002405,21.6639625661158,0.320722978952202,0.571068593271591,0.441371801658625,93.3241860862481,0.831231283733564,0.842216930218418,0.822154152451984,151.53865206337,2.75292998837507,2.68227256338192,2.6412851212765
