Case,Pipe1_Standard,Pipe1_Chen,Pipe1_EKF_LE,Pipe1_AFEKF,Pipe2_Standard,Pipe2_Chen,Pipe2_EKF_LE,Pipe2_AFEKF,Pipe3_Standard,Pipe3_Chen,Pipe3_EKF_LE,Pipe3_AFEKF,Pipe4_Standard,Pipe4_Chen,Pipe4_EKF_LE,Pipe4_AFEKF,Pipe5_Standard,Pipe5_Chen,Pipe5_EKF_LE,Pipe5_AFEKF,Pipe7_Standard,Pipe7_Chen,Pipe7_EKF_LE,Pipe7_AFEKF,Pipe8_Standard,Pipe8_Chen,Pipe8_EKF_LE,Pipe8_AFEKF,Pipe10_Standard,Pipe10_Chen,Pipe10_EKF_LE,Pipe10_AFEKF,Flow_Standard,Flow_Chen,Flow_EKF_LE,Flow_AFEKF
Case1_Clean,0.985503246851546,0.985503246851542,0.990284168509642,0.99435297255033,1.06938403606652,1.06938403606653,1.06781002762772,1.0745367149672,1.18687027478852,1.18687027478854,1.18610148779345,1.19263120184816,0.646184296542037,0.646184296542036,0.642669377460538,0.649687604183296,0.4185305466224,0.4185305466224,0.450047448129008,0.453041200249935,0.517393642028851,0.517393642028844,0.534860707055366,0.53961279882102,0.409705729554769,0.409705729554769,0.448324807814041,0.45758392697005,0.647700678006992,0.647700678006996,0.64763453116741,0.65110635414563,2.09874537636495,2.09874537636495,2.10341179424254,2.10584777444307
Case2_20dB,425.490095960612,1.93325107934979,2.26007762897969,1.05553126178944,88.1946227928267,1.11032821097407,1.1481475473743,1.0935176640198,144.02090977753,1.22202540265572,1.30813986629327,1.1987592046259,45.1453209999176,0.681942766639529,0.667832220030481,0.681468532845544,16.1148665915968,0.420717821280742,0.430283053059533,0.453658229113357,54.6456728565192,0.586926873748987,0.590965557757065,0.52445211898124,16.1025271571815,0.393104930428143,0.580576571953198,0.547950514626149,27.4537180408644,0.71527237937538,0.693249821404956,0.687047632219848,113.284662524426,2.30295541766484,2.32269604030489,2.27576439903884
