Case,Pipe1_Standard,Pipe1_Chen,Pipe1_EKF_LE,Pipe1_AFEKF,Pipe2_Standard,Pipe2_Chen,Pipe2_EKF_LE,Pipe2_AFEKF,Pipe3_Standard,Pipe3_Chen,Pipe3_EKF_LE,Pipe3_AFEKF,Pipe4_Standard,Pipe4_Chen,Pipe4_EKF_LE,Pipe4_AFEKF,Pipe5_Standard,Pipe5_Chen,Pipe5_EKF_LE,Pipe5_AFEKF,Pipe7_Standard,Pipe7_Chen,Pipe7_EKF_LE,Pipe7_AFEKF,Pipe8_Standard,Pipe8_Chen,Pipe8_EKF_LE,Pipe8_AFEKF,Pipe10_Standard,Pipe10_Chen,Pipe10_EKF_LE,Pipe10_AFEKF,Flow_Standard,Flow_Chen,Flow_EKF_LE,Flow_AFEKF
Case1_Clean,1.31006302086851,1.31006302086851,1.39465623538721,1.39875539381312,1.33394946201316,1.33394946201316,1.32971928349907,1.3370649660832,1.46328919272858,1.46328919272857,1.4562985620757,1.46322572094719,0.646894534506582,0.646894534506582,0.644292032958946,0.650356762996716,0.457312542304966,0.457312542304964,0.456404184275447,0.464011528123526,0.576106647469015,0.576106647469012,0.609555329511799,0.614694183749515,0.332220089971398,0.332220089971398,0.410751250649247,0.415442548523789,0.686670746532787,0.68667074653279,0.696567378217443,0.699474053831262,2.2982040290205,2.2982040290205,2.30885658858812,2.31158166451084
Case2_20dB,388.261076718448,2.4124007652132,2.25742054223914,1.11783288954525,89.1364547865066,1.71657961065758,1.23569983457945,1.08422992939116,72.3042703702926,1.41708045536464,1.35258197575447,1.26670686350175,27.3836041043984,0.648927454413856,0.729126171544885,0.683007297241488,34.8004879206872,0.475914757063148,0.581631663383584,0.608849806438387,156.267063381841,0.768319162767561,0.688443971623008,0.615277913587155,23.1459053016635,0.303038795437857,0.707344776503159,0.356818065248389,79.1081050800792,0.68912774940023,0.651977229306971,0.674351661077191,112.161713968188,2.2200197253503,2.18757911493557,2.13409714601832
