Case,Pipe1_Standard,Pipe1_Chen,Pipe1_EKF_LE,Pipe1_AFEKF,Pipe2_Standard,Pipe2_Chen,Pipe2_EKF_LE,Pipe2_AFEKF,Pipe3_Standard,Pipe3_Chen,Pipe3_EKF_LE,Pipe3_AFEKF,Pipe4_Standard,Pipe4_Chen,Pipe4_EKF_LE,Pipe4_AFEKF,Pipe5_Standard,Pipe5_Chen,Pipe5_EKF_LE,Pipe5_AFEKF,Pipe7_Standard,Pipe7_Chen,Pipe7_EKF_LE,Pipe7_AFEKF,Pipe8_Standard,Pipe8_Chen,Pipe8_EKF_LE,Pipe8_AFEKF,Pipe10_Standard,Pipe10_Chen,Pipe10_EKF_LE,Pipe10_AFEKF,Flow_Standard,Flow_Chen,Flow_EKF_LE,Flow_AFEKF
Case1_Clean,1.07115568376142,1.0711556837614,1.07208259321593,1.07677844971736,1.13160070810411,1.13160070810409,1.13065323514287,1.13738974858521,1.35633506267982,1.3563350626798,1.3552702309721,1.36093383025248,0.738808387958409,0.738808387958412,0.802458629235611,0.80665661039003,0.51444051053571,0.51444051053571,0.601623799840313,0.606308139659016,0.587099670454426,0.587099670454419,0.576227590643746,0.582739549254113,0.371188843661848,0.371188843661849,0.409951187266408,0.402831086866064,0.801870192134754,0.801870192134757,0.805945951655057,0.810554478880253,2.39797963219434,2.39797963219433,2.40090291163533,2.40323637175966
Case2_20dB,602.635114101357,2.88890150252133,2.10826955096117,0.964567244657404,72.0757009730054,1.3841672350478,1.08236449617541,0.922799799832866,119.644840699776,2.52968934434915,1.26948645159887,1.03690627580202,56.3265853161564,0.844907592562365,0.687226640886988,0.69658284086612,23.8463620652867,0.535665865923545,0.586818278281595,0.602709871031406,71.9252885029138,0.578356730579002,0.638768984514472,0.557305740164564,26.8199996460204,0.346357864960803,0.519626603429596,0.390171291708424,106.57265847062,0.814766856389939,0.803757305445176,0.767032134875415,162.577218499871,2.41837154574187,2.3115521448307,2.23618299215524
