Case,Pipe1_Standard,Pipe1_Chen,Pipe1_EKF_LE,Pipe1_AFEKF,Pipe2_Standard,Pipe2_Chen,Pipe2_EKF_LE,Pipe2_AFEKF,Pipe3_Standard,Pipe3_Chen,Pipe3_EKF_LE,Pipe3_AFEKF,Pipe4_Standard,Pipe4_Chen,Pipe4_EKF_LE,Pipe4_AFEKF,Pipe5_Standard,Pipe5_Chen,Pipe5_EKF_LE,Pipe5_AFEKF,Pipe7_Standard,Pipe7_Chen,Pipe7_EKF_LE,Pipe7_AFEKF,Pipe8_Standard,Pipe8_Chen,Pipe8_EKF_LE,Pipe8_AFEKF,Pipe10_Standard,Pipe10_Chen,Pipe10_EKF_LE,Pipe10_AFEKF,Flow_Standard,Flow_Chen,Flow_EKF_LE,Flow_AFEKF
Case1_Clean,0.993688794947911,0.993688794947911,1.04308408012513,1.04498828507988,1.02212707872819,1.02212707872818,1.02883390863732,1.03603239110106,1.17760908313096,1.17760908313094,1.18447305487574,1.19058113179143,0.603903596872179,0.603903596872182,0.647197324966548,0.653056824361538,0.412490792108663,0.412490792108662,0.440506455805083,0.445065317987052,0.456550419368872,0.456550419368875,0.470801799552567,0.473437776009936,0.341561358282094,0.341561358282094,0.447377109487268,0.448893675598978,0.664098933614785,0.664098933614782,0.67108321382927,0.674261360633555,2.04052646269474,2.04052646269473,2.04560169336202,2.04852916720852
Case2_20dB,464.462709596562,2.59839676089893,2.04632301289283,1.11417398023975,71.8782134078279,1.60694577182286,1.3043873936409,1.1057055575323,87.0527469828593,2.65916083685607,1.43478681151576,1.24987261931326,110.662232693131,0.79076063877747,0.678755349233276,0.617332511579067,22.5298926438151,0.436061126636474,0.412942837807279,0.416015073047173,86.4993821669565,0.761470821036681,0.507305407221422,0.459523368595802,57.2660635105496,0.313324203543028,0.626324390246891,0.348875513446723,67.5675275713061,0.690589073392409,0.746273645626625,0.700945813707006,125.939812043503,2.35934133097329,2.27293477956447,2.19833421778588
