Case,Pipe1_Standard,Pipe1_Chen,Pipe1_EKF_LE,Pipe1_AFEKF,Pipe2_Standard,Pipe2_Chen,Pipe2_EKF_LE,Pipe2_AFEKF,Pipe3_Standard,Pipe3_Chen,Pipe3_EKF_LE,Pipe3_AFEKF,Pipe4_Standard,Pipe4_Chen,Pipe4_EKF_LE,Pipe4_AFEKF,Pipe5_Standard,Pipe5_Chen,Pipe5_EKF_LE,Pipe5_AFEKF,Pipe7_Standard,Pipe7_Chen,Pipe7_EKF_LE,Pipe7_AFEKF,Pipe8_Standard,Pipe8_Chen,Pipe8_EKF_LE,Pipe8_AFEKF,Pipe10_Standard,Pipe10_Chen,Pipe10_EKF_LE,Pipe10_AFEKF,Flow_Standard,Flow_Chen,Flow_EKF_LE,Flow_AFEKF
Case1_Clean,1.18290098295597,1.18290098295598,1.20327995036585,1.21010114682729,1.1948746397729,1.1948746397729,1.21822363773774,1.22693205590389,1.34550213035222,1.34550213035223,1.3481454558252,1.35589188382688,0.601979382304852,0.601979382304851,0.602867865799406,0.610383529448259,0.448246161653107,0.448246161653108,0.451237033211936,0.459323328414213,0.556234149222017,0.556234149222012,0.560715639303347,0.56633878331487,0.343334463909281,0.34333446390928,0.343567229702324,0.351387523598213,0.694577255233603,0.694577255233573,0.699314761944202,0.703467032968004,2.15455661757461,2.15455661757461,2.15771899332247,2.16072618767011
Case2_20dB,504.609443002407,2.03813937341554,1.99684722254928,1.24301191428151,175.170719551205,1.49793919861483,1.47256776710243,1.32312312702149,82.5253834737362,2.51545411816657,1.65821596819718,1.44019616860661,54.4860043127968,0.606329381045736,0.640236557951873,0.637139488307333,84.0124974812193,0.499128203139999,0.505129176369762,0.49669593887054,45.1574957327484,0.535188877479226,0.529399821555541,0.494458678785776,61.6821645838037,0.33195173779442,0.526324772584995,0.427269588574933,79.0111711878662,0.759574214998859,0.74762673719548,0.721666717262343,143.053149852606,2.36939287071852,2.32867774809692,2.2673564240668
