Case,Pipe1_Standard,Pipe1_Chen,Pipe1_EKF_LE,Pipe1_AFEKF,Pipe2_Standard,Pipe2_Chen,Pipe2_EKF_LE,Pipe2_AFEKF,Pipe3_Standard,Pipe3_Chen,Pipe3_EKF_LE,Pipe3_AFEKF,Pipe4_Standard,Pipe4_Chen,Pipe4_EKF_LE,Pipe4_AFEKF,Pipe5_Standard,Pipe5_Chen,Pipe5_EKF_LE,Pipe5_AFEKF,Pipe7_Standard,Pipe7_Chen,Pipe7_EKF_LE,Pipe7_AFEKF,Pipe8_Standard,Pipe8_Chen,Pipe8_EKF_LE,Pipe8_AFEKF,Pipe10_Standard,Pipe10_Chen,Pipe10_EKF_LE,Pipe10_AFEKF,Flow_Standard,Flow_Chen,Flow_EKF_LE,Flow_AFEKF
Case1_Clean,1.14690941482512,1.14690941482512,1.14687432854649,1.15333913951948,1.22566366860688,1.22566366860688,1.22680477802229,1.23651528404043,1.43127307382937,1.43127307382936,1.43246285776145,1.43993824699584,0.672280078178757,0.672280078178756,0.671686403779155,0.677579922147944,0.43514719350323,0.435147193503229,0.437575252995237,0.444733644762083,0.490261194058943,0.490261194058957,0.491270157134822,0.49739982495567,0.313054741767143,0.313054741767145,0.312697738304282,0.3195511687741,0.717200848953756,0.717200848953757,0.730517044835441,0.732974336922275,2.39559568295431,2.39559568295431,2.39737590460522,2.4002566437263
Case2_20dB,563.069540241661,3.0301403841259,2.14185642649539,1.20496159275231,82.642064981226,1.74196447084775,1.31248624994978,1.32536655924335,161.015821834818,3.02721731605357,1.56902409779237,1.52780100937767,101.496627871606,0.674423433118744,0.666985784809828,0.677471938844389,70.5227276065209,0.44687303519413,0.546123607459237,0.528399407160948,96.2845464181735,0.717590139674502,0.552274360169702,0.52416285859295,16.4205464274882,0.295428584433189,0.324125413886546,0.328832436487609,28.0435366877906,0.788966100223062,0.729117019681791,0.76191389711914,150.151933933595,2.64722258935775,2.49051216889641,2.4709438258848
