Case,Pipe1_Standard,Pipe1_Chen,Pipe1_EKF_LE,Pipe1_AFEKF,Pipe2_Standard,Pipe2_Chen,Pipe2_EKF_LE,Pipe2_AFEKF,Pipe3_Standard,Pipe3_Chen,Pipe3_EKF_LE,Pipe3_AFEKF,Pipe4_Standard,Pipe4_Chen,Pipe4_EKF_LE,Pipe4_AFEKF,Pipe5_Standard,Pipe5_Chen,Pipe5_EKF_LE,Pipe5_AFEKF,Pipe7_Standard,Pipe7_Chen,Pipe7_EKF_LE,Pipe7_AFEKF,Pipe8_Standard,Pipe8_Chen,Pipe8_EKF_LE,Pipe8_AFEKF,Pipe10_Standard,Pipe10_Chen,Pipe10_EKF_LE,Pipe10_AFEKF,Flow_Standard,Flow_Chen,Flow_EKF_LE,Flow_AFEKF
Case1_Clean,1.21252091162429,1.21270595999426,1.21407115792735,1.22205219512171,1.44613293301766,1.44620440277131,1.44593626952962,1.45500019474339,1.70255269664807,1.70270797375016,1.69923730643302,1.70761999013377,0.716059568705846,0.71606209717392,0.728280646245486,0.735969834196213,0.479338735444278,0.479340362043458,0.507774814156491,0.513837960356596,0.496661809601561,0.496661994931102,0.514849289989888,0.519371246485204,0.384197378327436,0.384213418743052,0.416330510882093,0.424108483059455,0.882174540756466,0.882172514519615,0.907913463058543,0.912194523621991,2.98712044240202,2.98637098729114,2.99013002755478,2.99324920558426
Case2_20dB,415.585202860982,2.49834094331347,2.0907275528116,1.16956367458818,101.015170789562,2.23632994229152,1.529628722196,1.4065694847406,81.9451385106234,2.40793016823131,1.71186808137451,1.65903248977288,77.7935046871488,0.831633073536927,0.778956817163082,0.783737986136156,25.4218836791336,0.505249619004633,0.506766803061136,0.550524090384079,107.942898497649,0.59944486633447,0.568167728928728,0.553884179908154,11.7520192351751,0.339410474041427,0.379004340557021,0.39599991496559,46.8174511347573,0.950497664801988,0.916011744086229,0.920291864237407,116.792504593122,3.19812895816502,3.11726024455884,3.09545103292591
