Case,Pipe1_Standard,Pipe1_Chen,Pipe1_EKF_LE,Pipe1_AFEKF,Pipe2_Standard,Pipe2_Chen,Pipe2_EKF_LE,Pipe2_AFEKF,Pipe3_Standard,Pipe3_Chen,Pipe3_EKF_LE,Pipe3_AFEKF,Pipe4_Standard,Pipe4_Chen,Pipe4_EKF_LE,Pipe4_AFEKF,Pipe5_Standard,Pipe5_Chen,Pipe5_EKF_LE,Pipe5_AFEKF,Pipe7_Standard,Pipe7_Chen,Pipe7_EKF_LE,Pipe7_AFEKF,Pipe8_Standard,Pipe8_Chen,Pipe8_EKF_LE,Pipe8_AFEKF,Pipe10_Standard,Pipe10_Chen,Pipe10_EKF_LE,Pipe10_AFEKF,Flow_Standard,Flow_Chen,Flow_EKF_LE,Flow_AFEKF
Case1_Clean,1.06747335083147,1.06747335083147,1.07075720905491,1.07516801502801,1.03002551970457,1.03002551970458,1.06425801819629,1.07697302055526,1.19560935308986,1.19560935308987,1.1984197464941,1.20477414379466,0.68809032262043,0.68809032262043,0.687320906569977,0.694581010738088,0.461449975128551,0.461449975128551,0.477438873046616,0.483318304467234,0.519420601675874,0.519420601675875,0.524343695321481,0.530306597360568,0.393375136637712,0.393375136637712,0.43058615324702,0.435520491672989,0.700516498936851,0.70051649893686,0.706294552229629,0.709236946609656,2.26798009426751,2.26798009426751,2.27202409625194,2.27484763380519
Case2_20dB,352.405217805981,2.8893701382614,2.1285062152065,1.08215484203776,79.7016169853493,1.81649822356594,1.32299180004593,1.14233335812514,114.185568420473,3.27944707897234,1.42818767428362,1.27869487949427,74.2435209712549,0.703276479654112,0.735789829088497,0.703524297448403,34.2278102758469,0.474239346930933,0.597080749797842,0.526338297326722,46.789797976518,0.563403917218624,0.55550891164823,0.542588806333281,20.2046541653933,0.38774246825974,0.41610083526621,0.495057975771931,25.9908325307998,0.766215039214041,0.763489397993783,0.732478429033659,98.6577308717434,2.54147781062327,2.39241288999795,2.33495374075561
