Case,Pipe1_Standard,Pipe1_Chen,Pipe1_EKF_LE,Pipe1_AFEKF,Pipe2_Standard,Pipe2_Chen,Pipe2_EKF_LE,Pipe2_AFEKF,Pipe3_Standard,Pipe3_Chen,Pipe3_EKF_LE,Pipe3_AFEKF,Pipe4_Standard,Pipe4_Chen,Pipe4_EKF_LE,Pipe4_AFEKF,Pipe5_Standard,Pipe5_Chen,Pipe5_EKF_LE,Pipe5_AFEKF,Pipe7_Standard,Pipe7_Chen,Pipe7_EKF_LE,Pipe7_AFEKF,Pipe8_Standard,Pipe8_Chen,Pipe8_EKF_LE,Pipe8_AFEKF,Pipe10_Standard,Pipe10_Chen,Pipe10_EKF_LE,Pipe10_AFEKF,Flow_Standard,Flow_Chen,Flow_EKF_LE,Flow_AFEKF
Case1_Clean,1.09767784807305,1.09767784807305,1.14568961678535,1.14913640926052,1.14147501711198,1.14147501711198,1.16711254149464,1.17386716693285,1.30834433982947,1.30834433982946,1.30961491545163,1.31675956917805,0.671875304548095,0.671875304548095,0.679676396221571,0.687057322508769,0.464185846842565,0.464185846842563,0.482525774625401,0.488081898162631,0.587470638362268,0.587470638362258,0.562725165358414,0.570471863216321,0.345062992591732,0.345062992591732,0.469931434311875,0.467866041702682,0.722710127922638,0.722710127922635,0.710746050918808,0.714223250111544,2.35715005538787,2.35715005538787,2.36373750069538,2.36632629095028
Case2_20dB,372.507039857152,2.52371120403291,2.24196372105244,1.07142781745656,157.962495155289,1.70754346702371,1.23996842936252,1.10692753033675,111.447087263997,1.58707450925653,1.30199268168214,1.2493609464379,97.9054978684636,0.826558830757954,0.677899665756748,0.680438887834781,37.0681422374467,0.499141977820021,0.46765616801991,0.472236406694686,106.227317358491,0.810023689946002,0.629123513632749,0.592480595547625,11.9149807387469,0.327066183903751,0.926267525484077,0.446609086009619,32.8424895417473,0.727290472950872,0.712856550568261,0.704041266228342,112.474310655722,2.38666765870988,2.34108486717104,2.27784447822954
