Case,Pipe1_Standard,Pipe1_Chen,Pipe1_EKF_LE,Pipe1_AFEKF,Pipe2_Standard,Pipe2_Chen,Pipe2_EKF_LE,Pipe2_AFEKF,Pipe3_Standard,Pipe3_Chen,Pipe3_EKF_LE,Pipe3_AFEKF,Pipe4_Standard,Pipe4_Chen,Pipe4_EKF_LE,Pipe4_AFEKF,Pipe5_Standard,Pipe5_Chen,Pipe5_EKF_LE,Pipe5_AFEKF,Pipe7_Standard,Pipe7_Chen,Pipe7_EKF_LE,Pipe7_AFEKF,Pipe8_Standard,Pipe8_Chen,Pipe8_EKF_LE,Pipe8_AFEKF,Pipe10_Standard,Pipe10_Chen,Pipe10_EKF_LE,Pipe10_AFEKF,Flow_Standard,Flow_Chen,Flow_EKF_LE,Flow_AFEKF
Case1_Clean,1.21585310263736,1.21585310263738,1.26090593206875,1.26495845059805,1.3513584111396,1.35135841113961,1.34946463404144,1.35892411957152,1.56295186569502,1.56295186569501,1.5639609496425,1.57235707877141,0.692810616050754,0.692810616050752,0.74553655222298,0.749608573954462,0.485644301836981,0.485644301836981,0.560442691959405,0.563769342398121,0.609019408658045,0.60901940865804,0.604915623277895,0.612789246155259,0.35866122275467,0.358661222754669,0.396216532672677,0.404241544628354,0.838003480613238,0.838003480613222,0.841683374230226,0.84548284307232,2.62459498419373,2.62459498419373,2.62802009272102,2.63118672446079
Case2_20dB,436.954903407751,2.64260402831418,2.21596940979058,1.29590164799791,154.981165710554,1.96659284494042,1.39913396454651,1.34773807627924,99.1591679195811,1.93486629527451,1.71989371688073,1.54229020703897,57.3504570746526,0.6981875517349,0.834494018349089,0.726225941751461,80.1812347805327,0.476506005704135,0.601424983837194,0.487344578227506,71.6450922027438,0.808738803763953,0.704848860719241,0.644357776157066,39.2659040797022,0.35704694800323,0.493104667780855,0.367274154685464,51.3610724738716,0.811660623886247,0.839584369675157,0.815135676063425,131.111758825478,2.61846387188075,2.56551327819466,2.50535467669582
