Case,Pipe1_Standard,Pipe1_Chen,Pipe1_EKF_LE,Pipe1_AFEKF,Pipe2_Standard,Pipe2_Chen,Pipe2_EKF_LE,Pipe2_AFEKF,Pipe3_Standard,Pipe3_Chen,Pipe3_EKF_LE,Pipe3_AFEKF,Pipe4_Standard,Pipe4_Chen,Pipe4_EKF_LE,Pipe4_AFEKF,Pipe5_Standard,Pipe5_Chen,Pipe5_EKF_LE,Pipe5_AFEKF,Pipe7_Standard,Pipe7_Chen,Pipe7_EKF_LE,Pipe7_AFEKF,Pipe8_Standard,Pipe8_Chen,Pipe8_EKF_LE,Pipe8_AFEKF,Pipe10_Standard,Pipe10_Chen,Pipe10_EKF_LE,Pipe10_AFEKF,Flow_Standard,Flow_Chen,Flow_EKF_LE,Flow_AFEKF
Case1_Clean,1.48181000697466,1.48181000697468,1.48155943725055,1.49404367442061,1.5928359098391,1.59283590983911,1.5917935813846,1.6030924113459,1.83424599177359,1.83424599177361,1.83446293923751,1.84591630635705,0.710772316147126,0.710772316147126,0.717032684577853,0.72316470993291,0.462576634744995,0.462576634744995,0.462973742378289,0.469427481112086,0.512821872161619,0.51282187216162,0.544533336014938,0.551189074131482,0.371843551985891,0.37184355198589,0.372658858291161,0.382852609153154,0.847935193174913,0.847935193174919,0.847898654782674,0.850625112575538,2.91969405047211,2.91969405047211,2.92081488975272,2.9248274943183
Case2_20dB,566.225968558208,2.88463289705878,2.29410702222901,1.46257548649149,67.8165367000666,2.13768360995468,1.66234268103686,1.63559518704764,97.1589364261891,2.20512374372316,1.93562284840259,1.92712206747074,123.105927768398,0.703809238295794,0.73473173100877,0.738408598482111,18.937404837712,0.460387205785308,0.491988843749925,0.536451549069248,58.4214704122566,0.548067719259651,0.575918246063663,0.532856693481276,72.2035050424635,0.433218956433143,0.455777254711904,0.51147627904218,111.83011413382,0.965555343842731,0.92377774185005,0.925665298736338,157.371160284536,3.28413738010163,3.2045258765524,3.18511308389895
