Case,Pipe1_Standard,Pipe1_Chen,Pipe1_EKF_LE,Pipe1_AFEKF,Pipe2_Standard,Pipe2_Chen,Pipe2_EKF_LE,Pipe2_AFEKF,Pipe3_Standard,Pipe3_Chen,Pipe3_EKF_LE,Pipe3_AFEKF,Pipe4_Standard,Pipe4_Chen,Pipe4_EKF_LE,Pipe4_AFEKF,Pipe5_Standard,Pipe5_Chen,Pipe5_EKF_LE,Pipe5_AFEKF,Pipe7_Standard,Pipe7_Chen,Pipe7_EKF_LE,Pipe7_AFEKF,Pipe8_Standard,Pipe8_Chen,Pipe8_EKF_LE,Pipe8_AFEKF,Pipe10_Standard,Pipe10_Chen,Pipe10_EKF_LE,Pipe10_AFEKF,Flow_Standard,Flow_Chen,Flow_EKF_LE,Flow_AFEKF
Case1_Clean,1.40423959534582,1.40423959534583,1.40461888451769,1.41101953471673,1.54255764319541,1.54255764319542,1.54396626966378,1.5516145642577,1.6744456458256,1.67444564582562,1.7036746077324,1.71070871644441,0.581878441438712,0.581878441438711,0.58566063323319,0.591277324717391,0.435186715488642,0.435186715488643,0.494360537928964,0.499711608745758,0.562585665335729,0.562585665335729,0.564379843734461,0.571713130040293,0.341719204427229,0.341719204427229,0.405435720969963,0.410151496776373,0.737882699896974,0.737882699896962,0.737304602252869,0.741455717930513,2.41632956318593,2.41632956318594,2.42322427004156,2.42589857779025
Case2_20dB,399.409215806413,2.84481107784281,2.28072942482612,1.21388809437152,123.869203209649,2.27576320541028,1.42445050745388,1.45541550669796,93.0187259819591,2.37983786031677,1.57086064455429,1.52980344579307,135.275035509531,0.616457353045356,0.556838954244556,0.545254367881124,22.7085496724844,0.462800830753235,0.498924661654656,0.557738551266586,63.797089010506,0.57099012395366,0.523928909711126,0.542804520633883,36.8901807813976,0.348456131047588,0.513777300057115,0.41659121741559,26.8630984238446,0.720551080514278,0.70089988437635,0.709902280202291,112.92896507555,2.5625899220111,2.45006591009198,2.42986272004314
