Case,Pipe1_Standard,Pipe1_Chen,Pipe1_EKF_LE,Pipe1_AFEKF,Pipe2_Standard,Pipe2_Chen,Pipe2_EKF_LE,Pipe2_AFEKF,Pipe3_Standard,Pipe3_Chen,Pipe3_EKF_LE,Pipe3_AFEKF,Pipe4_Standard,Pipe4_Chen,Pipe4_EKF_LE,Pipe4_AFEKF,Pipe5_Standard,Pipe5_Chen,Pipe5_EKF_LE,Pipe5_AFEKF,Pipe7_Standard,Pipe7_Chen,Pipe7_EKF_LE,Pipe7_AFEKF,Pipe8_Standard,Pipe8_Chen,Pipe8_EKF_LE,Pipe8_AFEKF,Pipe10_Standard,Pipe10_Chen,Pipe10_EKF_LE,Pipe10_AFEKF,Flow_Standard,Flow_Chen,Flow_EKF_LE,Flow_AFEKF
Case1_Clean,1.05355022439731,1.0535502243973,1.05589167579834,1.05931673854042,1.00590615516266,1.00590615516267,1.00574413748055,1.01078221695261,1.08514456235271,1.08514456235271,1.08408137221839,1.08846751309707,0.688896931677394,0.688896931677391,0.696062704056302,0.706783403228202,0.458429076472627,0.458429076472626,0.464556467581294,0.471259727456174,0.54674956234662,0.546749562346619,0.545434980997299,0.552666168938001,0.344452922266304,0.344452922266302,0.475282938214706,0.473746353398265,0.659122669568114,0.659122669568107,0.660789724090075,0.663967389531559,2.0654262443099,2.0654262443099,2.07102975254993,2.07324320606595
Case2_20dB,465.34009884786,3.2845553723858,2.43115536410412,1.05207328834775,73.652295076726,1.59541335350291,1.1950951088428,1.05074624950394,93.4646099074685,2.39169774371055,1.33195673442016,1.10411969641879,27.3347935482602,0.689391359102235,0.76239622272587,0.744369705837471,58.3495518729558,0.470104788338075,0.532956015785998,0.476867833337167,90.7352579535955,0.873991691633056,0.592984176148232,0.544910659541594,47.031878353022,0.349001057875887,0.399144403901335,0.37939294218526,58.151168304934,0.638560763096392,0.663626674711683,0.623529331068566,124.602447968307,2.22854242570257,2.10113567182424,2.01453771255282
