Case,Pipe1_Standard,Pipe1_Chen,Pipe1_EKF_LE,Pipe1_AFEKF,Pipe2_Standard,Pipe2_Chen,Pipe2_EKF_LE,Pipe2_AFEKF,Pipe3_Standard,Pipe3_Chen,Pipe3_EKF_LE,Pipe3_AFEKF,Pipe4_Standard,Pipe4_Chen,Pipe4_EKF_LE,Pipe4_AFEKF,Pipe5_Standard,Pipe5_Chen,Pipe5_EKF_LE,Pipe5_AFEKF,Pipe7_Standard,Pipe7_Chen,Pipe7_EKF_LE,Pipe7_AFEKF,Pipe8_Standard,Pipe8_Chen,Pipe8_EKF_LE,Pipe8_AFEKF,Pipe10_Standard,Pipe10_Chen,Pipe10_EKF_LE,Pipe10_AFEKF,Flow_Standard,Flow_Chen,Flow_EKF_LE,Flow_AFEKF
Case1_Clean,1.03236926358167,1.03236926358168,1.03534591031753,1.03899197616204,0.934809013944329,0.934809013944342,0.934649073734435,0.940085721633473,0.977214912220773,0.977214912220775,0.974970746416116,0.979215536032769,0.560237915989407,0.560237915989408,0.591173481798909,0.597554931443426,0.432493461159768,0.432493461159768,0.434598365676253,0.439982842906536,0.4940433663747,0.494043366374702,0.50659811148712,0.510766659195146,0.302733252588538,0.302733252588537,0.424435061748816,0.425070106631014,0.60011857675721,0.600118576757218,0.613666523806095,0.616466052157784,1.73384355569603,1.73384355569603,1.73773838338108,1.73952823751844
Case2_20dB,543.05524788925,3.02572344617793,2.10999351326517,0.94809130016097,71.6183040471345,1.6074522295871,1.0922719995488,0.920103488508249,145.982809193978,2.9027913429411,1.14874710625783,0.923160482136923,95.7585005824147,0.593886017405649,0.723391537144103,0.56684567649477,63.75832586905,0.410091773430623,0.809197587988791,0.49187589014246,56.7526351175956,0.714563301396009,0.511118747838115,0.466040128207064,10.9350702351709,0.298284431326435,0.353009302047253,0.342962173262285,29.1533277047382,0.638969953594055,0.665440791372112,0.604787861946777,142.796718341311,1.90641522732353,1.72696514491329,1.61842789607499
