Case,Pipe1_Standard,Pipe1_Chen,Pipe1_EKF_LE,Pipe1_AFEKF,Pipe2_Standard,Pipe2_Chen,Pipe2_EKF_LE,Pipe2_AFEKF,Pipe3_Standard,Pipe3_Chen,Pipe3_EKF_LE,Pipe3_AFEKF,Pipe4_Standard,Pipe4_Chen,Pipe4_EKF_LE,Pipe4_AFEKF,Pipe5_Standard,Pipe5_Chen,Pipe5_EKF_LE,Pipe5_AFEKF,Pipe7_Standard,Pipe7_Chen,Pipe7_EKF_LE,Pipe7_AFEKF,Pipe8_Standard,Pipe8_Chen,Pipe8_EKF_LE,Pipe8_AFEKF,Pipe10_Standard,Pipe10_Chen,Pipe10_EKF_LE,Pipe10_AFEKF,Flow_Standard,Flow_Chen,Flow_EKF_LE,Flow_AFEKF
Case1_Clean,1.13498670283384,1.13498670283386,1.15336572181823,1.15871130142168,1.15990254615481,1.15990254615482,1.15682488298903,1.16587587664945,1.42235546925088,1.42235546925088,1.43316597523647,1.44031952406808,0.699867353548724,0.699867353548723,0.699862290210215,0.708670313694924,0.442493575348685,0.442493575348683,0.442788475286065,0.450121909514823,0.643405509799413,0.64340550979942,0.647452492165632,0.654708063777306,0.366327120245819,0.366327120245817,0.366555059632712,0.376583636069819,0.741397297067281,0.741397297067291,0.745477744506062,0.749970000990497,2.29349330201382,2.29349330201382,2.29679497497385,2.30019325918804
Case2_20dB,478.831699479793,2.89075262175177,2.21624531849184,1.1803205782428,62.4381870861051,1.63210823320013,1.28612225906566,1.16540633976547,111.950261939354,2.95608710684597,1.53970083785328,1.40149426209809,24.9639993788717,0.71685078750442,0.749901815134693,0.730922892455022,31.416221893447,0.467591459557927,0.562966744417979,0.464779911099574,154.62519096102,0.721384547645363,0.704689131558371,0.659074378958673,18.502693100124,0.364475303829909,0.564920400172873,0.640107859236388,95.4601807637532,0.746051447445161,0.763786899582964,0.754380639286852,132.976197640295,2.46269849364362,2.35226480493392,2.29641304479565
