Case,Pipe1_Standard,Pipe1_Chen,Pipe1_EKF_LE,Pipe1_AFEKF,Pipe2_Standard,Pipe2_Chen,Pipe2_EKF_LE,Pipe2_AFEKF,Pipe3_Standard,Pipe3_Chen,Pipe3_EKF_LE,Pipe3_AFEKF,Pipe4_Standard,Pipe4_Chen,Pipe4_EKF_LE,Pipe4_AFEKF,Pipe5_Standard,Pipe5_Chen,Pipe5_EKF_LE,Pipe5_AFEKF,Pipe7_Standard,Pipe7_Chen,Pipe7_EKF_LE,Pipe7_AFEKF,Pipe8_Standard,Pipe8_Chen,Pipe8_EKF_LE,Pipe8_AFEKF,Pipe10_Standard,Pipe10_Chen,Pipe10_EKF_LE,Pipe10_AFEKF,Flow_Standard,Flow_Chen,Flow_EKF_LE,Flow_AFEKF
Case1_Clean,1.33940809153895,1.33940809153896,1.32633399620054,1.33716698509859,1.41810799713893,1.41810799713895,1.4088584983375,1.42090661805336,1.47834061931928,1.47834061931929,1.56420108793023,1.56859241375883,0.574620343180259,0.574620343180262,0.579888456246855,0.586163863743081,0.415807966710303,0.415807966710304,0.451460704115065,0.457091602466355,0.630013087797219,0.630013087797214,0.630517806878712,0.637477335824154,0.408676437157764,0.408676437157765,0.43809727698767,0.445726884822558,0.658170556354488,0.658170556354487,0.658913948755379,0.661943147560953,2.17027646016079,2.17027646016079,2.17318097286662,2.17695826026744
Case2_20dB,424.089303061095,2.68266021221485,2.47284483553074,1.42390222860829,147.248655819534,2.15138138114604,1.58927049838575,1.48838107381653,105.295243984346,2.22659507304612,1.75893249207846,1.65519338641078,158.524164814017,0.673356775565924,0.587173365111522,0.56954848707017,19.9546738201,0.42031051494282,0.600648119137281,0.420714526808791,99.901913040549,0.66668566424127,0.684080034035535,0.616531021758086,63.6461917753872,0.392400171295877,0.958385490691301,0.521737915919753,97.8871801549331,0.739808235121913,0.779075316039682,0.700506937597064,135.596040201105,2.49460868031564,2.4719331076574,2.37414552796399
