Case,Pipe1_Standard,Pipe1_Chen,Pipe1_EKF_LE,Pipe1_AFEKF,Pipe2_Standard,Pipe2_Chen,Pipe2_EKF_LE,Pipe2_AFEKF,Pipe3_Standard,Pipe3_Chen,Pipe3_EKF_LE,Pipe3_AFEKF,Pipe4_Standard,Pipe4_Chen,Pipe4_EKF_LE,Pipe4_AFEKF,Pipe5_Standard,Pipe5_Chen,Pipe5_EKF_LE,Pipe5_AFEKF,Pipe7_Standard,Pipe7_Chen,Pipe7_EKF_LE,Pipe7_AFEKF,Pipe8_Standard,Pipe8_Chen,Pipe8_EKF_LE,Pipe8_AFEKF,Pipe10_Standard,Pipe10_Chen,Pipe10_EKF_LE,Pipe10_AFEKF,Flow_Standard,Flow_Chen,Flow_EKF_LE,Flow_AFEKF
Case1_Clean,1.05989750022233,1.05989750022234,1.07183271431835,1.07659616672815,0.927982372942791,0.9279823729428,0.932778262018099,0.939034791516909,1.15267106237935,1.15267106237935,1.15165890742234,1.15808704941281,0.668450982206794,0.668450982206793,0.66435671497785,0.671257509176154,0.467379383498204,0.467379383498204,0.452957457282645,0.459942280095428,0.50256633697779,0.50256633697779,0.5293203258547,0.534308095272699,0.352690464207044,0.352690464207045,0.351630837281271,0.361674974836562,0.73476400426634,0.734764004266333,0.734481922721117,0.738266861281112,2.26498491211637,2.26498491211637,2.26765180990151,2.26998447732062
Case2_20dB,521.896895574369,3.2670560455305,2.25990590756369,1.03490873563035,61.9976105585919,1.36821620281376,1.13519186369289,0.914634003437961,262.59782654277,2.91379391860756,1.33478832912008,1.11463283974954,80.4733620166053,0.689538594059449,0.682989653860602,0.671817785141826,76.6386283248953,0.477731623570868,0.51534419281695,0.482327909509076,77.184978748264,0.746709156085666,0.616701114926084,0.49469108085883,26.1871300728911,0.357325485476629,0.540252416170996,0.442970628448024,36.0574162888016,0.74333473654583,0.737963704297214,0.722361241574688,149.981542112893,2.38271840775748,2.2252004373759,2.15185457595555
