Case,Pipe1_Standard,Pipe1_Chen,Pipe1_EKF_LE,Pipe1_AFEKF,Pipe2_Standard,Pipe2_Chen,Pipe2_EKF_LE,Pipe2_AFEKF,Pipe3_Standard,Pipe3_Chen,Pipe3_EKF_LE,Pipe3_AFEKF,Pipe4_Standard,Pipe4_Chen,Pipe4_EKF_LE,Pipe4_AFEKF,Pipe5_Standard,Pipe5_Chen,Pipe5_EKF_LE,Pipe5_AFEKF,Pipe7_Standard,Pipe7_Chen,Pipe7_EKF_LE,Pipe7_AFEKF,Pipe8_Standard,Pipe8_Chen,Pipe8_EKF_LE,Pipe8_AFEKF,Pipe10_Standard,Pipe10_Chen,Pipe10_EKF_LE,Pipe10_AFEKF,Flow_Standard,Flow_Chen,Flow_EKF_LE,Flow_AFEKF
Case1_Clean,1.2785646271357,1.27856462713572,1.27931286077028,1.28512409743231,1.24866605344367,1.2486660534437,1.24348371721144,1.25001338962428,1.4061897865851,1.40618978658512,1.40832074683683,1.4143188819313,0.589904972559193,0.589904972559191,0.642513495039022,0.646730915486969,0.418020977147743,0.418020977147743,0.419462582603769,0.42522398270334,0.547159510995935,0.547159510995918,0.548297623923132,0.553354448115236,0.357908192277449,0.35790819227745,0.3588103415091,0.365559428118216,0.683202277829521,0.683202277829514,0.686580733831708,0.689652623785602,2.09084079460919,2.0908407946092,2.0924417527381,2.09477108971834
Case2_20dB,503.358383989678,1.85513009497656,2.09545213492129,1.26650643492566,134.684984908262,1.50269117883255,1.42879251247201,1.26418083876674,70.4753338917804,2.11988481352209,1.60039678198079,1.4662643604734,69.087951593076,0.626463042772581,0.673902956178033,0.63830428298141,65.026828207622,0.430950011246541,0.42020441993307,0.434239705227121,70.2126503222686,0.679585170248302,0.707793151402308,0.562497606458838,28.9905172650614,0.365977249750292,0.895868017602537,0.4125544255073,57.7135973158036,0.672232774909129,0.726751295373827,0.722126873917317,138.711224873862,2.20067006597073,2.21404324612013,2.14060315212066
