Case,Pipe1_Standard,Pipe1_Chen,Pipe1_EKF_LE,Pipe1_AFEKF,Pipe2_Standard,Pipe2_Chen,Pipe2_EKF_LE,Pipe2_AFEKF,Pipe3_Standard,Pipe3_Chen,Pipe3_EKF_LE,Pipe3_AFEKF,Pipe4_Standard,Pipe4_Chen,Pipe4_EKF_LE,Pipe4_AFEKF,Pipe5_Standard,Pipe5_Chen,Pipe5_EKF_LE,Pipe5_AFEKF,Pipe7_Standard,Pipe7_Chen,Pipe7_EKF_LE,Pipe7_AFEKF,Pipe8_Standard,Pipe8_Chen,Pipe8_EKF_LE,Pipe8_AFEKF,Pipe10_Standard,Pipe10_Chen,Pipe10_EKF_LE,Pipe10_AFEKF,Flow_Standard,Flow_Chen,Flow_EKF_LE,Flow_AFEKF
Case1_Clean,1.14910492000851,1.14910492000852,1.26133858682076,1.26891474886108,1.49376487914364,1.49376487914364,1.57699865110596,1.58232545961244,1.78515069960892,1.78515069960892,1.75345349374313,1.76729220573113,0.74583366962958,0.745833669629578,0.75284897698636,0.761080976804601,0.48559200884358,0.485592008843579,0.508899822461816,0.514494989687302,0.555472352633036,0.55547235263304,0.552905727173542,0.558793984291622,0.348189950271732,0.348189950271732,0.442528739603945,0.447331968546461,0.850649216714375,0.850649216714379,0.853437824441682,0.856520936156568,2.81546401969545,2.81546401969545,2.83000875992948,2.83310197023896
Case2_20dB,423.632900271046,1.79030685461972,2.21202969110037,1.1078292872423,54.9561340751637,1.55020330182745,1.54291062917009,1.41068758818309,81.214858243886,1.9712945646212,1.94523026211506,1.72254200807141,108.843724391795,0.756027285330416,0.789470695035812,0.777775047473299,56.9419761767628,0.525453591381767,0.620851276190908,0.525299038729548,206.466047854293,0.686231860552315,0.628463888394016,0.589375075434951,29.4297235449455,0.348901737975254,0.800463192943776,0.378236043723576,105.129014682323,0.8742549649702,0.832900950598104,0.789131426596345,128.911456936905,2.59596095572852,2.62540267117324,2.54575031523288
