Case,Pipe1_Standard,Pipe1_Chen,Pipe1_EKF_LE,Pipe1_AFEKF,Pipe2_Standard,Pipe2_Chen,Pipe2_EKF_LE,Pipe2_AFEKF,Pipe3_Standard,Pipe3_Chen,Pipe3_EKF_LE,Pipe3_AFEKF,Pipe4_Standard,Pipe4_Chen,Pipe4_EKF_LE,Pipe4_AFEKF,Pipe5_Standard,Pipe5_Chen,Pipe5_EKF_LE,Pipe5_AFEKF,Pipe7_Standard,Pipe7_Chen,Pipe7_EKF_LE,Pipe7_AFEKF,Pipe8_Standard,Pipe8_Chen,Pipe8_EKF_LE,Pipe8_AFEKF,Pipe10_Standard,Pipe10_Chen,Pipe10_EKF_LE,Pipe10_AFEKF,Flow_Standard,Flow_Chen,Flow_EKF_LE,Flow_AFEKF
Case1_Clean,1.09841265336851,1.09841265336851,1.11047810711789,1.11758947326129,1.14128820150714,1.14128820150714,1.21742244537779,1.22311789392448,1.37418088047973,1.37418088047973,1.42741705796807,1.43300036764436,0.737383242691446,0.737383242691445,0.756258240830867,0.763987099215989,0.48172427864185,0.48172427864185,0.513427395203455,0.51660132654906,0.528431105354324,0.528431105354328,0.527763098384328,0.535352517306583,0.344208612227803,0.344208612227804,0.385500553273395,0.390874575072249,0.745080097199212,0.745080097199193,0.74052892292641,0.742915158043801,2.47958393065887,2.47958393065887,2.48530976080404,2.48864249446481
Case2_20dB,439.696897372943,2.82707826472639,2.09783815520425,1.16673239448925,63.5314723367857,1.83223963766727,1.29849292646782,1.33538584444265,144.357933892329,3.23485603549969,1.60427700272825,1.53152414701111,160.609989767512,0.843992695967508,0.830361592092829,0.734270354066825,26.0301242328403,0.487221648098594,0.542242014489968,0.47432786131701,99.3588807731412,0.565908078674473,0.505796883451195,0.503709663169523,8.67150822108124,0.320967807590421,0.496173231668943,0.353424354651838,33.0655918440149,0.792832001035603,0.783023885185508,0.805065757482089,124.13752630116,2.78340482732118,2.64896348179487,2.60781825918067
