Case,Pipe1_Standard,Pipe1_Chen,Pipe1_EKF_LE,Pipe1_AFEKF,Pipe2_Standard,Pipe2_Chen,Pipe2_EKF_LE,Pipe2_AFEKF,Pipe3_Standard,Pipe3_Chen,Pipe3_EKF_LE,Pipe3_AFEKF,Pipe4_Standard,Pipe4_Chen,Pipe4_EKF_LE,Pipe4_AFEKF,Pipe5_Standard,Pipe5_Chen,Pipe5_EKF_LE,Pipe5_AFEKF,Pipe7_Standard,Pipe7_Chen,Pipe7_EKF_LE,Pipe7_AFEKF,Pipe8_Standard,Pipe8_Chen,Pipe8_EKF_LE,Pipe8_AFEKF,Pipe10_Standard,Pipe10_Chen,Pipe10_EKF_LE,Pipe10_AFEKF,Flow_Standard,Flow_Chen,Flow_EKF_LE,Flow_AFEKF
Case1_Clean,1.08222794564729,1.0822279456473,1.07858627036896,1.08521963527139,1.17258023870806,1.17258023870805,1.17200908674408,1.18057737647162,1.31089353376917,1.31089353376916,1.31444351485128,1.3206747711344,0.712726721224151,0.712726721224148,0.707577827385431,0.713989336542825,0.527561208845926,0.527561208845924,0.535334568226953,0.540356940634129,0.560990338441036,0.560990338441043,0.568112158897603,0.573681406110144,0.399743817144227,0.399743817144226,0.489393320810379,0.490218912213296,0.805730819322706,0.805730819322706,0.810189225895313,0.812280270560844,2.55712262561087,2.55712262561086,2.55849639532345,2.56076683209456
Case2_20dB,316.101095043992,1.88992475380328,2.14898160660791,1.0995366794436,95.6166582583897,1.40929594301174,1.37156471792619,1.26084379007675,99.7125444676797,2.10678491113289,1.52310687677121,1.36053643317468,19.44847944029,0.687565393481137,0.741741662811634,0.714940327387587,36.0957999069266,0.540082514784968,0.58792306078354,0.543937579430287,219.973973279532,0.853717408032876,0.596587843781374,0.565571276846048,31.2115645167449,0.391194519780673,0.507536130433619,0.455775630085999,82.0711769737494,0.909510664015447,0.874132247392396,0.852013706453565,109.60604944528,2.8088003646057,2.78387557905622,2.72392881631822
