Case,Pipe1_Standard,Pipe1_Chen,Pipe1_EKF_LE,Pipe1_AFEKF,Pipe2_Standard,Pipe2_Chen,Pipe2_EKF_LE,Pipe2_AFEKF,Pipe3_Standard,Pipe3_Chen,Pipe3_EKF_LE,Pipe3_AFEKF,Pipe4_Standard,Pipe4_Chen,Pipe4_EKF_LE,Pipe4_AFEKF,Pipe5_Standard,Pipe5_Chen,Pipe5_EKF_LE,Pipe5_AFEKF,Pipe7_Standard,Pipe7_Chen,Pipe7_EKF_LE,Pipe7_AFEKF,Pipe8_Standard,Pipe8_Chen,Pipe8_EKF_LE,Pipe8_AFEKF,Pipe10_Standard,Pipe10_Chen,Pipe10_EKF_LE,Pipe10_AFEKF,Flow_Standard,Flow_Chen,Flow_EKF_LE,Flow_AFEKF
Case1_Clean,1.26376830781194,1.26376830781194,1.2618106741654,1.26743160946354,1.13830362702767,1.13830362702767,1.13620321076,1.14233839226989,1.16798649984108,1.16798649984108,1.16587698241754,1.17234776730484,0.688535393448604,0.688535393448605,0.690959662653942,0.698571622649344,0.459216211247622,0.459216211247623,0.462902470692108,0.471979179518432,0.559509321341929,0.559509321341928,0.560568662003389,0.56773215069335,0.37959122398405,0.379591223984049,0.379636824324331,0.390036727927939,0.658222232197052,0.658222232197058,0.65775897135727,0.662438443397992,2.05323307137575,2.05323307137575,2.05388645790712,2.0565352502393
Case2_20dB,452.483228408145,2.98716596958832,2.40946264297052,1.28654372471972,78.3995952806851,1.51488824172445,1.32657247315056,1.11738006028275,85.9045637440685,2.45211576739402,1.34292856655147,1.14333701999038,88.1842651142241,0.707496270429925,0.725719003055199,0.633713688720818,35.7453088217512,0.433976849082377,0.859221629982764,0.555524453142816,66.4574541473019,0.592253280869968,0.687104437489058,0.583163711041373,41.5928410697804,0.361349687930091,0.844286391730999,0.441679803796768,26.0866412586681,0.688641256888622,0.752006512922138,0.688692169517078,119.977509164312,2.24816428643308,2.17897436457056,2.06848104468004
