Case,Pipe1_Standard,Pipe1_Chen,Pipe1_EKF_LE,Pipe1_AFEKF,Pipe2_Standard,Pipe2_Chen,Pipe2_EKF_LE,Pipe2_AFEKF,Pipe3_Standard,Pipe3_Chen,Pipe3_EKF_LE,Pipe3_AFEKF,Pipe4_Standard,Pipe4_Chen,Pipe4_EKF_LE,Pipe4_AFEKF,Pipe5_Standard,Pipe5_Chen,Pipe5_EKF_LE,Pipe5_AFEKF,Pipe7_Standard,Pipe7_Chen,Pipe7_EKF_LE,Pipe7_AFEKF,Pipe8_Standard,Pipe8_Chen,Pipe8_EKF_LE,Pipe8_AFEKF,Pipe10_Standard,Pipe10_Chen,Pipe10_EKF_LE,Pipe10_AFEKF,Flow_Standard,Flow_Chen,Flow_EKF_LE,Flow_AFEKF
Case1_Clean,1.18172237268591,1.1817223726859,1.18392074008769,1.18925266792163,1.25550323193153,1.25550323193153,1.25509747509126,1.26474609993035,1.34180280419434,1.34180280419434,1.34121087017499,1.34836842327429,0.692788416055573,0.692788416055575,0.690042875467765,0.700774480767604,0.43322032975901,0.433220329759011,0.448618430631742,0.452354700842181,0.490527606511851,0.490527606511866,0.52133572795318,0.526873128167611,0.366556834995074,0.366556834995074,0.369045936589085,0.380324495520087,0.783259251370122,0.783259251370131,0.786651296949482,0.792699065563025,2.36834153197875,2.36834153197875,2.37072382580002,2.37383457074647
Case2_20dB,341.161917627871,1.87930329733818,1.97089402555877,1.22459153590619,119.365906174681,1.42361547816951,1.37805691398858,1.2502394594842,181.937367066956,2.25784484680388,1.50061528545698,1.27929831382003,19.3246768243536,0.714210016763981,0.711733345220778,0.705679326078801,61.5752268118004,0.447460340761694,0.464466608103756,0.543674572300951,87.3659396515357,0.556264105387815,0.584491241961295,0.518856831616584,50.9623491365546,0.345981501483265,0.835594845700009,0.376770792427737,65.9894706483389,0.813149628386434,0.853833399669458,0.795792280749838,107.048534362656,2.51133776391277,2.48669608966286,2.43203698424578
