Case,Pipe1_Standard,Pipe1_Chen,Pipe1_EKF_LE,Pipe1_AFEKF,Pipe2_Standard,Pipe2_Chen,Pipe2_EKF_LE,Pipe2_AFEKF,Pipe3_Standard,Pipe3_Chen,Pipe3_EKF_LE,Pipe3_AFEKF,Pipe4_Standard,Pipe4_Chen,Pipe4_EKF_LE,Pipe4_AFEKF,Pipe5_Standard,Pipe5_Chen,Pipe5_EKF_LE,Pipe5_AFEKF,Pipe7_Standard,Pipe7_Chen,Pipe7_EKF_LE,Pipe7_AFEKF,Pipe8_Standard,Pipe8_Chen,Pipe8_EKF_LE,Pipe8_AFEKF,Pipe10_Standard,Pipe10_Chen,Pipe10_EKF_LE,Pipe10_AFEKF,Flow_Standard,Flow_Chen,Flow_EKF_LE,Flow_AFEKF
Case1_Clean,1.29981952304818,1.29981952304815,1.3019819881481,1.30839917734092,1.26744878242617,1.26744878242615,1.27213363365635,1.28056589918563,1.38175126856335,1.38175126856333,1.38141780890414,1.38822112957222,0.640541712160456,0.640541712160456,0.639014278894628,0.646688880044273,0.457226276420684,0.457226276420687,0.458996707085612,0.46458337857035,0.572600445605018,0.572600445605009,0.592017186010855,0.596860449505673,0.368578865427689,0.368578865427691,0.577121110106653,0.574229916325133,0.72069442476622,0.720694424766206,0.723733550784525,0.728687487760083,2.19238012656464,2.19238012656464,2.19711097602169,2.19981871852006
Case2_20dB,509.2394572037,2.64742127139603,2.2871700268669,1.33477721424317,92.8691589395401,1.49125391647038,1.32588952196025,1.1811943216151,91.0572347489256,2.31128702668267,1.48983411587923,1.28522966341828,15.6085926926335,0.668268201493055,0.659047746591383,0.66582494522841,10.9591386346215,0.472064757007366,0.488554128634939,0.504886186263153,39.2646534169045,0.580782357813306,0.640557801321067,0.591244178985618,5.41562475460992,0.337134223612174,0.374950572734373,0.392134325424935,26.8366931548388,0.755666994828243,0.741454883568029,0.726197010672767,129.589862716347,2.20471361415082,2.11761987292418,2.06372278698812
