Case,Pipe1_Standard,Pipe1_Chen,Pipe1_EKF_LE,Pipe1_AFEKF,Pipe2_Standard,Pipe2_Chen,Pipe2_EKF_LE,Pipe2_AFEKF,Pipe3_Standard,Pipe3_Chen,Pipe3_EKF_LE,Pipe3_AFEKF,Pipe4_Standard,Pipe4_Chen,Pipe4_EKF_LE,Pipe4_AFEKF,Pipe5_Standard,Pipe5_Chen,Pipe5_EKF_LE,Pipe5_AFEKF,Pipe7_Standard,Pipe7_Chen,Pipe7_EKF_LE,Pipe7_AFEKF,Pipe8_Standard,Pipe8_Chen,Pipe8_EKF_LE,Pipe8_AFEKF,Pipe10_Standard,Pipe10_Chen,Pipe10_EKF_LE,Pipe10_AFEKF,Flow_Standard,Flow_Chen,Flow_EKF_LE,Flow_AFEKF
Case1_Clean,1.20705296062667,1.20705296062668,1.20586942150147,1.21387520688742,1.24684947163855,1.24684947163856,1.24760291711536,1.25823951367694,1.35850097262424,1.35850097262426,1.35917211082395,1.36823872527655,0.735550448964324,0.735550448964324,0.734848098754591,0.744075717185411,0.453812472308568,0.453812472308569,0.453731862727543,0.460710623333763,0.610115233477027,0.610115233477031,0.618065622854066,0.624118156322798,0.398950773263999,0.398950773264,0.399297835303446,0.407670581575436,0.762339877101621,0.762339877101613,0.762616715531437,0.767613379338593,2.41385599556047,2.41385599556047,2.4143282796301,2.41757838269105
Case2_20dB,424.346416755191,1.91834305058456,2.25213221679652,1.23991258589711,65.6514776484783,1.66612280450843,1.48366425022586,1.28980050816635,80.0377730083206,2.0050834186219,1.68515505890023,1.48696859425446,200.645877931305,0.881616675591413,0.810539426765583,0.798633365699494,28.8491274153838,0.475875478115943,0.578942106408763,0.603185873648085,44.6990645792978,0.751531473331204,0.703979636372553,0.631662756469626,74.7860916726648,0.402068418546697,0.412075912742483,0.42605914035915,38.3489182119647,0.825685308942682,0.855854259222013,0.806968796867881,124.593753590183,2.65311172765796,2.65894210674321,2.58833431815766
