Case,Pipe1_Standard,Pipe1_Chen,Pipe1_EKF_LE,Pipe1_AFEKF,Pipe2_Standard,Pipe2_Chen,Pipe2_EKF_LE,Pipe2_AFEKF,Pipe3_Standard,Pipe3_Chen,Pipe3_EKF_LE,Pipe3_AFEKF,Pipe4_Standard,Pipe4_Chen,Pipe4_EKF_LE,Pipe4_AFEKF,Pipe5_Standard,Pipe5_Chen,Pipe5_EKF_LE,Pipe5_AFEKF,Pipe7_Standard,Pipe7_Chen,Pipe7_EKF_LE,Pipe7_AFEKF,Pipe8_Standard,Pipe8_Chen,Pipe8_EKF_LE,Pipe8_AFEKF,Pipe10_Standard,Pipe10_Chen,Pipe10_EKF_LE,Pipe10_AFEKF,Flow_Standard,Flow_Chen,Flow_EKF_LE,Flow_AFEKF
Case1_Clean,1.09531040568844,1.09531040568845,1.09728272318211,1.10334614838722,1.06558341660505,1.06558341660506,1.06857376453475,1.07717250226804,1.19948827872022,1.19948827872023,1.19794130152002,1.20383485330178,0.726280648682332,0.726280648682331,0.727574849554756,0.734236326427814,0.501932558665499,0.501932558665499,0.506324404161754,0.514466958824367,0.578294750456899,0.578294750456899,0.575194182355188,0.577717446290731,0.395263991884124,0.395263991884124,0.408938344518955,0.415545803595336,0.734494959312552,0.734494959312542,0.736883522569104,0.739157539233673,2.30916471106125,2.30916471106125,2.31112328298708,2.31398856854104
Case2_20dB,469.957527290959,2.7389782709697,2.31935790928443,1.19445191231572,86.0147201185447,1.84219783571439,1.1561590614611,1.09470778917384,85.4770938231421,1.96921283554506,1.34902588036061,1.27745657343109,42.1881813777831,0.808897270663345,0.95534889170915,0.763069668921024,16.9170605142749,0.511997630672221,0.759790203207431,0.616080577178013,52.863986344333,0.665811421673852,0.645198003193292,0.602616282399681,13.0764699070193,0.404158880857072,0.693991172953721,0.566959093294834,46.3578566762228,0.832716653165989,0.841390844783008,0.775261587958933,122.919057856574,2.54302527528088,2.49388747470316,2.42162255068146
