Case,Pipe1_Standard,Pipe1_Chen,Pipe1_EKF_LE,Pipe1_AFEKF,Pipe2_Standard,Pipe2_Chen,Pipe2_EKF_LE,Pipe2_AFEKF,Pipe3_Standard,Pipe3_Chen,Pipe3_EKF_LE,Pipe3_AFEKF,Pipe4_Standard,Pipe4_Chen,Pipe4_EKF_LE,Pipe4_AFEKF,Pipe5_Standard,Pipe5_Chen,Pipe5_EKF_LE,Pipe5_AFEKF,Pipe7_Standard,Pipe7_Chen,Pipe7_EKF_LE,Pipe7_AFEKF,Pipe8_Standard,Pipe8_Chen,Pipe8_EKF_LE,Pipe8_AFEKF,Pipe10_Standard,Pipe10_Chen,Pipe10_EKF_LE,Pipe10_AFEKF,Flow_Standard,Flow_Chen,Flow_EKF_LE,Flow_AFEKF
Case1_Clean,1.1481712444087,1.14817124440869,1.14712560988413,1.15541923938259,1.16652376894942,1.16652376894941,1.21355872091578,1.2200892995311,1.33574999902727,1.33574999902726,1.34246996756263,1.35074821584217,0.679039444489837,0.679039444489836,0.678672847975699,0.686932359748175,0.433228810776697,0.433228810776694,0.432855782602986,0.43917179950017,0.599570784933201,0.599570784933199,0.601259143933061,0.608291779669871,0.376718629064977,0.37671862906498,0.460687983978352,0.46487060143054,0.710852611362272,0.710852611362262,0.71633399224739,0.720360308435526,2.23775086864772,2.23775086864772,2.24359024809132,2.24637077025624
Case2_20dB,415.529623196654,1.77904647607496,2.09997287018041,1.12085603573925,68.3529131425143,1.36500186081915,1.20449180530703,1.0909295581694,101.72224431368,1.7242269721756,1.43710894362566,1.33666526781992,11.4819194364941,0.645225735216458,0.65383380367458,0.673362398367177,29.4697786320563,0.444887253316297,0.439986798915897,0.467756494964981,59.311654872478,0.592116947116071,0.661712302123363,0.613130673123606,9.35819683738177,0.314547130783333,0.601147314430016,0.330519561562589,31.4965470287448,0.700323332005698,0.753675296355363,0.688301387399884,108.687662310141,2.15008778125827,2.15432259995988,2.07774932767656
