Case,Pipe1_Standard,Pipe1_Chen,Pipe1_EKF_LE,Pipe1_AFEKF,Pipe2_Standard,Pipe2_Chen,Pipe2_EKF_LE,Pipe2_AFEKF,Pipe3_Standard,Pipe3_Chen,Pipe3_EKF_LE,Pipe3_AFEKF,Pipe4_Standard,Pipe4_Chen,Pipe4_EKF_LE,Pipe4_AFEKF,Pipe5_Standard,Pipe5_Chen,Pipe5_EKF_LE,Pipe5_AFEKF,Pipe7_Standard,Pipe7_Chen,Pipe7_EKF_LE,Pipe7_AFEKF,Pipe8_Standard,Pipe8_Chen,Pipe8_EKF_LE,Pipe8_AFEKF,Pipe10_Standard,Pipe10_Chen,Pipe10_EKF_LE,Pipe10_AFEKF,Flow_Standard,Flow_Chen,Flow_EKF_LE,Flow_AFEKF
Case1_Clean,1.08072308980126,1.08072308980126,1.07661816146527,1.0808590442517,1.17990057079038,1.17990057079038,1.18371930900669,1.19007155479484,1.35630320500613,1.35630320500612,1.35627997241754,1.36184244394465,0.688716729368631,0.68871672936863,0.746776925161972,0.751665406414201,0.472470505750839,0.472470505750839,0.525368364179059,0.529445023141652,0.510812690206336,0.510812690206341,0.516612138090599,0.523170064795898,0.391266485354343,0.391266485354342,0.391349706199296,0.396949806345526,0.781520283059579,0.781520283059589,0.781241685180999,0.784372986760867,2.4679559452464,2.4679559452464,2.47305740008726,2.47515429920309
Case2_20dB,352.178066969751,1.98995228752056,2.04861041877903,1.05128436518232,67.6112980076771,1.33149059226999,1.26287901695281,1.11723712599312,78.2907774934009,1.7258362384265,1.47970015567974,1.35557643498207,114.944340808549,0.742594571965053,0.869597343785627,0.784515813322177,53.9848286294198,0.516254541013787,0.52059544662748,0.544804404372161,88.1439757328349,0.595120328574307,0.541397874788805,0.523190758235829,77.1374073811932,0.425147294612463,0.582526592515409,0.4209529133046,86.5052333255543,0.768609598431372,0.773833267298075,0.741179496833186,109.31195980932,2.4677050295008,2.46796614410759,2.40635233175262
