Case,Pipe1_Standard,Pipe1_Chen,Pipe1_EKF_LE,Pipe1_AFEKF,Pipe2_Standard,Pipe2_Chen,Pipe2_EKF_LE,Pipe2_AFEKF,Pipe3_Standard,Pipe3_Chen,Pipe3_EKF_LE,Pipe3_AFEKF,Pipe4_Standard,Pipe4_Chen,Pipe4_EKF_LE,Pipe4_AFEKF,Pipe5_Standard,Pipe5_Chen,Pipe5_EKF_LE,Pipe5_AFEKF,Pipe7_Standard,Pipe7_Chen,Pipe7_EKF_LE,Pipe7_AFEKF,Pipe8_Standard,Pipe8_Chen,Pipe8_EKF_LE,Pipe8_AFEKF,Pipe10_Standard,Pipe10_Chen,Pipe10_EKF_LE,Pipe10_AFEKF,Flow_Standard,Flow_Chen,Flow_EKF_LE,Flow_AFEKF
Case1_Clean,1.11228490817216,1.11228490817214,1.11332131920459,1.11886872340955,1.11043369449488,1.11043369449487,1.11073080729812,1.11673650434139,1.3646219146774,1.3646219146774,1.36442344991667,1.37027218506062,0.632837431528849,0.632837431528849,0.633580028827698,0.639509333692199,0.407878800123519,0.407878800123518,0.407899660796682,0.414885532313133,0.521598908897613,0.521598908897611,0.515100977828166,0.523294269476886,0.405280518587205,0.405280518587208,0.452241803621678,0.457948308277998,0.677403527278257,0.677403527278269,0.677825979086449,0.682570132041915,2.09148104891213,2.09148104891213,2.0931344379179,2.09530280453725
Case2_20dB,560.73090323089,2.79404850133572,2.38838989699284,1.15889698579041,115.319451852958,1.80809243304851,1.31383875359541,1.1948812831068,89.4565966744329,1.883599764801,1.5095688081322,1.42985901834529,105.816022590179,0.683503199424266,0.748670457188449,0.665506698074531,24.5231354451399,0.430791951595478,0.514322010496313,0.440555545627163,67.2465378243273,0.558582288829692,0.549450568089092,0.520272190086445,25.6404514610239,0.4071352128399,0.462726548154938,0.472395323287486,109.092651435457,0.758093176567103,0.735662148870624,0.694331938956217,162.190697791903,2.2386621153924,2.17601212789626,2.09741248372228
