Case,Pipe1_Standard,Pipe1_Chen,Pipe1_EKF_LE,Pipe1_AFEKF,Pipe2_Standard,Pipe2_Chen,Pipe2_EKF_LE,Pipe2_AFEKF,Pipe3_Standard,Pipe3_Chen,Pipe3_EKF_LE,Pipe3_AFEKF,Pipe4_Standard,Pipe4_Chen,Pipe4_EKF_LE,Pipe4_AFEKF,Pipe5_Standard,Pipe5_Chen,Pipe5_EKF_LE,Pipe5_AFEKF,Pipe7_Standard,Pipe7_Chen,Pipe7_EKF_LE,Pipe7_AFEKF,Pipe8_Standard,Pipe8_Chen,Pipe8_EKF_LE,Pipe8_AFEKF,Pipe10_Standard,Pipe10_Chen,Pipe10_EKF_LE,Pipe10_AFEKF,Flow_Standard,Flow_Chen,Flow_EKF_LE,Flow_AFEKF
Case1_Clean,1.52179188082952,1.52179188082955,1.57508972896371,1.58366006928964,1.53502845101303,1.53502845101304,1.53375528654807,1.54576415458099,1.71112129195694,1.71112129195695,1.74760509306695,1.75549461353305,0.701148361666526,0.701148361666525,0.708280847987078,0.714553887369177,0.45359993748963,0.453599937489631,0.475156643707341,0.479693387603081,0.602343658333646,0.602343658333647,0.611260721834931,0.617244508081332,0.387285638629631,0.387285638629632,0.416619301224825,0.421772342928936,0.821427788259356,0.821427788259363,0.840767335668207,0.844342434147535,2.59643024297798,2.59643024297798,2.60099590798863,2.60444709903881
Case2_20dB,318.70025618758,3.37769061469771,2.64219035916458,1.45195869855125,132.592969738001,1.84220067592974,1.47354562127003,1.43274675689777,247.372973812088,3.37597479628589,1.64197692938908,1.57836805510652,153.938501590427,0.732159138365743,0.704886961587562,0.711229982690205,24.915273656509,0.448349275803585,0.494751068227257,0.46588140608819,69.3832406863013,0.764595391989504,0.626105984596411,0.605894952916778,69.1333726832926,0.399901192409778,0.554795949507561,0.462774383766988,76.6151606100308,0.79616719030727,0.765189483367697,0.735712263355973,116.949746315693,2.70310838580812,2.53805858395067,2.46930375956332
