Case,Pipe1_Standard,Pipe1_Chen,Pipe1_EKF_LE,Pipe1_AFEKF,Pipe2_Standard,Pipe2_Chen,Pipe2_EKF_LE,Pipe2_AFEKF,Pipe3_Standard,Pipe3_Chen,Pipe3_EKF_LE,Pipe3_AFEKF,Pipe4_Standard,Pipe4_Chen,Pipe4_EKF_LE,Pipe4_AFEKF,Pipe5_Standard,Pipe5_Chen,Pipe5_EKF_LE,Pipe5_AFEKF,Pipe7_Standard,Pipe7_Chen,Pipe7_EKF_LE,Pipe7_AFEKF,Pipe8_Standard,Pipe8_Chen,Pipe8_EKF_LE,Pipe8_AFEKF,Pipe10_Standard,Pipe10_Chen,Pipe10_EKF_LE,Pipe10_AFEKF,Flow_Standard,Flow_Chen,Flow_EKF_LE,Flow_AFEKF
Case1_Clean,1.19641180605039,1.19641180605041,1.19987825895062,1.20504066009944,1.35196273460992,1.35196273460992,1.35003647848066,1.35857161470404,1.5659086976517,1.56590869765171,1.58164817842617,1.5749389779085,0.789383443847429,0.789383443847427,0.791026842502494,0.797761444690031,0.500174619019581,0.500174619019582,0.50124627329205,0.506888922937489,0.521154007002993,0.521154007002998,0.516336377769109,0.522607769723425,0.323521865757029,0.32352186575703,0.323327853511044,0.330551169410057,0.824446874162014,0.824446874162024,0.823714089908432,0.828653956460869,2.67039944699601,2.67039944699601,2.67109545355656,2.67385535362033
Case2_20dB,573.886603317512,2.96122839186795,2.33705286664151,1.23875857351804,104.780103525827,1.49469008830698,1.48193968206419,1.39474297240773,105.326719627866,2.47825387491152,1.70944799130275,1.63233546237539,54.0579056838047,0.830182237461655,0.828478115604257,0.843903122611904,76.1975932673296,0.528384626301138,0.580592913558681,0.593053781109356,42.9230791232954,0.603779615782225,0.679087594740898,0.533963024537661,65.9481842536794,0.331077444043815,0.57162785090309,0.347270075540158,102.711436555356,0.90060887890039,0.841616642309725,0.843644573250527,154.695244201147,2.77585420568325,2.68652789740182,2.63271552796476
