Case,Pipe1_Standard,Pipe1_Chen,Pipe1_EKF_LE,Pipe1_AFEKF,Pipe2_Standard,Pipe2_Chen,Pipe2_EKF_LE,Pipe2_AFEKF,Pipe3_Standard,Pipe3_Chen,Pipe3_EKF_LE,Pipe3_AFEKF,Pipe4_Standard,Pipe4_Chen,Pipe4_EKF_LE,Pipe4_AFEKF,Pipe5_Standard,Pipe5_Chen,Pipe5_EKF_LE,Pipe5_AFEKF,Pipe7_Standard,Pipe7_Chen,Pipe7_EKF_LE,Pipe7_AFEKF,Pipe8_Standard,Pipe8_Chen,Pipe8_EKF_LE,Pipe8_AFEKF,Pipe10_Standard,Pipe10_Chen,Pipe10_EKF_LE,Pipe10_AFEKF,Flow_Standard,Flow_Chen,Flow_EKF_LE,Flow_AFEKF
Case1_Clean,1.61304197588384,1.61304197588383,1.61373718096576,1.62699903193594,1.74720838298251,1.74720838298251,1.74697779209555,1.76122085827052,1.98242259649354,1.98242259649354,1.98240709992504,1.99440203519109,0.700159915727695,0.700159915727697,0.724536069735401,0.727893109573645,0.491091874017755,0.491091874017756,0.504929680251278,0.510126348377877,0.610993222097197,0.610993222097189,0.611379399158855,0.618632245029927,0.384031536232016,0.384031536232015,0.39724220075197,0.402491579826015,0.87901119692397,0.879011196923965,0.880196152557373,0.885455621331317,2.86886208994579,2.86886208994579,2.86989319060431,2.87459729547233
Case2_20dB,404.052859189124,2.14906558015513,2.36374410841941,1.68268260731448,75.6104905134508,1.79490740384401,1.9010734919581,1.86230470522873,79.452714820801,2.07495569134128,2.08670607015288,2.09603155111952,101.140776794354,0.863464570511979,0.767707416296128,0.744805655799841,33.3783890653139,0.519658631792563,0.5285967779936,0.515320683590223,110.766039053334,0.671748945150856,0.664822698259558,0.66104215112331,22.1686376750055,0.400750231764488,0.651167344805774,0.506762631015309,107.975477015612,0.958002747526041,0.922851270987172,0.942925367666742,118.517979193167,3.00451237366338,3.00137507722132,2.98545125248369
