Period,P_RMSE_Standard,P_RMSE_Chen,P_RMSE_EKF_LE,P_RMSE_AFEKF,M_RMSE_Standard,M_RMSE_Chen,M_RMSE_EKF_LE,M_RMSE_AFEKF,Pipe1_Standard,Pipe1_Chen,Pipe1_EKF_LE,Pipe1_AFEKF,Pipe5_Standard,Pipe5_Chen,Pipe5_EKF_LE,Pipe5_AFEKF
Full_Period,0.0605053191909155,0.0659585052097067,0.065248328671667,0.0616571766773183,2.66159852531686,3.18188077036805,2.90440532034821,2.75121839814496,1.33885569294224,1.3181909872662,1.36543126929767,1.33874669013563,1.74539867370602,3.48469281634343,2.63611772305225,2.18557321644013
Normal_0to12h,0.056834158186159,0.0628118018493781,0.0584435294164625,0.057391378652838,2.70390119255841,3.32810949263207,2.71536778122736,2.74264688642798,1.35255682813025,1.33610881264582,1.39950525540603,1.36986954794323,1.77207920566516,3.83820530283432,1.71972904285632,1.96878776690035
Leak_12to24h,0.0652499651975867,0.0749537237760789,0.0738436593675346,0.0671947396633534,3.13493039490172,3.97807809139541,3.52816295286699,3.28266964471594,1.12393606077658,1.07472722937277,1.1373959920654,1.10175658356253,2.41632734329517,4.87676358081119,3.68095885074964,3.04315163711562
