Period,P_RMSE_Standard,P_RMSE_Chen,P_RMSE_EKF_LE,P_RMSE_AFEKF,M_RMSE_Standard,M_RMSE_Chen,M_RMSE_EKF_LE,M_RMSE_AFEKF,Pipe1_Standard,Pipe1_Chen,Pipe1_EKF_LE,Pipe1_AFEKF,Pipe5_Standard,Pipe5_Chen,Pipe5_EKF_LE,Pipe5_AFEKF
Full_Period,0.0603427460585431,0.0659534294426858,0.0620976705528431,0.0596638182924683,3.03739915069019,3.51611559626813,3.19340626202625,3.03848114906119,1.2639910454286,1.23639650538002,1.28545911758713,1.25573439945858,1.73166301594805,3.54771205868421,2.50403924862469,1.56423882343512
Normal_0to12h,0.0641584082122826,0.069988764841856,0.0648479414438612,0.0634513279378712,3.11602271712351,3.68682871982927,3.10964816967885,3.09474974831452,1.42469278388569,1.39289237827848,1.44595897015168,1.41272411386488,1.70962838736164,3.88018743403632,1.46998388528071,1.24713706348918
Leak_12to24h,0.0627342689251899,0.0730308933585625,0.0657909318697563,0.0611789292647345,3.27698082419992,4.11428651926253,3.55311240987033,3.2790093539857,1.34748863984678,1.29603009721146,1.33873586026716,1.32245389921731,2.38120386092189,4.95809970879643,3.4833711935081,2.143137777363
