Period,P_RMSE_Standard,P_RMSE_Chen,P_RMSE_EKF_LE,P_RMSE_AFEKF,M_RMSE_Standard,M_RMSE_Chen,M_RMSE_EKF_LE,M_RMSE_AFEKF,Pipe1_Standard,Pipe1_Chen,Pipe1_EKF_LE,Pipe1_AFEKF,Pipe5_Standard,Pipe5_Chen,Pipe5_EKF_LE,Pipe5_AFEKF
Full_Period,0.0619289049106597,0.0670720524697847,0.0637937835852143,0.0643754969730249,3.0446836330381,3.50477179797551,3.09151929385425,3.08215089610946,1.23309276375597,1.22490201283821,1.29958016034691,1.25457131425708,1.7499563737284,3.50012745838738,2.04617048837901,2.2100603390379
Normal_0to12h,0.061068067257065,0.0666848526315406,0.0604751035979397,0.0642507012461001,2.64341731786525,3.27455392497659,2.62616130331726,2.7262347731267,1.13628622053297,1.12483647217944,1.13447278343396,1.12495659959828,1.69713897997233,3.83152116597277,1.70791318716209,2.31814321761785
Leak_12to24h,0.0674022039757108,0.0764978236323655,0.0710111876433086,0.0716133199267225,3.32869312155782,4.12606968631289,3.4142108546959,3.3950996049602,1.16856654278053,1.15147234945282,1.28670699450017,1.207371613109,2.41283599185049,4.89359005989573,2.83543827651363,3.0678368926563
