Period,P_RMSE_Standard,P_RMSE_Chen,P_RMSE_EKF_LE,P_RMSE_AFEKF,M_RMSE_Standard,M_RMSE_Chen,M_RMSE_EKF_LE,M_RMSE_AFEKF,Pipe1_Standard,Pipe1_Chen,Pipe1_EKF_LE,Pipe1_AFEKF,Pipe5_Standard,Pipe5_Chen,Pipe5_EKF_LE,Pipe5_AFEKF
Full_Period,0.0623373792901482,0.0680260669328679,0.0638606052626423,0.0623891932918685,2.84649004797136,3.34760620740242,3.00195062277137,2.90049499475229,1.24683346470005,1.22273735072329,1.22798121248075,1.22827302666976,1.69017387325089,3.50197062733601,2.05275635442567,1.58014267369246
Normal_0to12h,0.0610527982627845,0.0669738652312414,0.0600676252824699,0.0607343470175677,2.8224511234191,3.42789599958129,2.80416386794252,2.82811847125374,1.19740430641259,1.17816980548144,1.1960696188098,1.17717406914375,1.72271994166444,3.84801734019195,1.35195778004179,1.36756179760099
Leak_12to24h,0.0671324285732239,0.0772642722252142,0.0700583885327452,0.0671496333695323,3.19554002960749,4.04159239168285,3.4626552818835,3.2885077703992,1.21430124818221,1.16499463842282,1.17132432964864,1.17862729047993,2.32744056437021,4.89628071693042,2.84175617106849,2.1591530682737
