Period,P_RMSE_Standard,P_RMSE_Chen,P_RMSE_EKF_LE,P_RMSE_AFEKF,M_RMSE_Standard,M_RMSE_Chen,M_RMSE_EKF_LE,M_RMSE_AFEKF,Pipe1_Standard,Pipe1_Chen,Pipe1_EKF_LE,Pipe1_AFEKF,Pipe5_Standard,Pipe5_Chen,Pipe5_EKF_LE,Pipe5_AFEKF
Full_Period,0.0589252737987953,0.0650921905528384,0.0613387184432402,0.059335966529576,2.45346130653537,3.01920937817923,2.65775721411682,2.56255241497815,1.22975187433205,1.20741870807973,1.20722233398263,1.21161879568965,1.80474991534476,3.47799652608862,2.20648759044853,1.76132471432406
Normal_0to12h,0.0616539114397115,0.0675940986814601,0.0601912127576895,0.0595643489656945,2.23329052389856,2.93917883765502,2.20044701623474,2.18627227751866,1.30905063786399,1.28013473951997,1.3035663169466,1.29122921362771,1.86028486142789,3.77293119298807,1.32172461022105,0.976958847102328
Leak_12to24h,0.0608406144191535,0.0721831238295731,0.0650892985414383,0.0614689821998349,2.63574278868539,3.61313619964361,3.00188301080066,2.83341582192926,1.20603685863645,1.16073400840105,1.16812211455411,1.16649521882301,2.49568893351018,4.86467351479788,3.07391931844344,2.4414740211986
