Period,P_RMSE_Standard,P_RMSE_Chen,P_RMSE_EKF_LE,P_RMSE_AFEKF,M_RMSE_Standard,M_RMSE_Chen,M_RMSE_EKF_LE,M_RMSE_AFEKF,Pipe1_Standard,Pipe1_Chen,Pipe1_EKF_LE,Pipe1_AFEKF,Pipe5_Standard,Pipe5_Chen,Pipe5_EKF_LE,Pipe5_AFEKF
Full_Period,0.0583281198039735,0.0640223252247523,0.0596709874281102,0.056997201664244,2.46310447195137,3.01120096520903,2.60194047261677,2.44047571683477,1.16637989685337,1.1579095052047,1.15603417805113,1.1603372920349,1.79040634356824,3.43545361320506,1.92698107221591,1.61565118767929
Normal_0to12h,0.0599599763617457,0.0658003088044356,0.0582678142581256,0.0574811317797721,2.41570776134407,3.0634666785816,2.37660077524341,2.34231084190942,1.19338046809009,1.18406561401731,1.18400813123001,1.18506336143194,1.79844291305706,3.72552368793878,1.46771847174125,1.48059978161259
Leak_12to24h,0.0665213208751076,0.0761543817332289,0.0688825678488839,0.0640370147961753,2.831343890698,3.73300291656733,3.0671724624157,2.79172127039529,1.00352793964309,0.984047982188694,0.979307549961108,0.985844514271622,2.47366519583062,4.80386773749372,2.66878782680836,2.22164782594011
