Period,P_RMSE_Standard,P_RMSE_Chen,P_RMSE_EKF_LE,P_RMSE_AFEKF,M_RMSE_Standard,M_RMSE_Chen,M_RMSE_EKF_LE,M_RMSE_AFEKF,Pipe1_Standard,Pipe1_Chen,Pipe1_EKF_LE,Pipe1_AFEKF,Pipe5_Standard,Pipe5_Chen,Pipe5_EKF_LE,Pipe5_AFEKF
Full_Period,0.055440567195101,0.0615514769583136,0.0566771423968867,0.0546923908686366,2.09849193757195,2.7464221604289,2.2628902797302,2.15228801531391,1.13656841268479,1.12730382713829,1.11103269608167,1.1205444534417,1.665672865464,3.51367027907476,1.82026733253924,1.39261393831084
Normal_0to12h,0.056298109016061,0.0624112435197314,0.0552702509647329,0.054950798740395,2.1210752151069,2.86934854790178,2.08671332124603,2.05848022470356,1.13236276747535,1.11932412668322,1.12371757010406,1.12740016673696,1.705640809103,3.83773619858623,1.43037648436891,1.22965251430952
Leak_12to24h,0.0590093050027503,0.0699463600544162,0.0610487304115362,0.0572198841931184,2.46898939696225,3.50547103192876,2.73961005920363,2.5561045884379,1.20270638162099,1.18540099599828,1.15708794865563,1.17201448979175,2.29689869118017,4.91491710297623,2.52106426204392,1.90773147626862
