Period,P_RMSE_Standard,P_RMSE_Chen,P_RMSE_EKF_LE,P_RMSE_AFEKF,M_RMSE_Standard,M_RMSE_Chen,M_RMSE_EKF_LE,M_RMSE_AFEKF,Pipe1_Standard,Pipe1_Chen,Pipe1_EKF_LE,Pipe1_AFEKF,Pipe5_Standard,Pipe5_Chen,Pipe5_EKF_LE,Pipe5_AFEKF
Full_Period,0.0586982123145485,0.0646989795197402,0.0616658785871366,0.0590136740113952,2.89989049593686,3.39571660147614,3.08280158817903,2.95305432748265,1.39967556571282,1.36761532719022,1.40336465207434,1.39671840882525,1.72833153029171,3.49362742224493,2.80819909274574,2.27768405947439
Normal_0to12h,0.0594597373552748,0.0655662719488274,0.0590816424925823,0.0595911866362511,3.3740325312951,3.88355343463116,3.36613128259972,3.37113507830627,1.5466831185137,1.50282896358993,1.54534087646064,1.5459573166322,1.754062748155,3.79135565259757,1.84136601549605,1.908134733358
Leak_12to24h,0.0638061090153843,0.0743774291297538,0.0687946256870325,0.064130684831296,3.39031055396824,4.20141370654773,3.69330231496394,3.47963261173012,1.42915868557468,1.36658681375314,1.45551386828924,1.42242816190854,2.37983125847457,4.88341379577573,3.92334258882764,3.17492145964961
