Period,P_RMSE_Standard,P_RMSE_Chen,P_RMSE_EKF_LE,P_RMSE_AFEKF,M_RMSE_Standard,M_RMSE_Chen,M_RMSE_EKF_LE,M_RMSE_AFEKF,Pipe1_Standard,Pipe1_Chen,Pipe1_EKF_LE,Pipe1_AFEKF,Pipe5_Standard,Pipe5_Chen,Pipe5_EKF_LE,Pipe5_AFEKF
Full_Period,0.0569638373389128,0.0627107891023091,0.0573843634644897,0.0552861341708384,2.40065793189645,2.98385900834547,2.47140985451943,2.3872775644019,1.20436775073222,1.18842238347068,1.20120899639631,1.19484652996996,1.64378497552513,3.47529804389253,1.61045299004307,0.959662577276593
Normal_0to12h,0.0596055046257591,0.0655993418300657,0.0578546972053144,0.0569786206918842,2.15651565889763,2.91214228554194,2.11657288680631,2.0940766059479,1.29953338815271,1.2699660492751,1.28431158667221,1.28605742785918,1.67325694510182,3.81778343596074,1.13397534435829,0.791476235776176
Leak_12to24h,0.0601999755619542,0.070575281616425,0.0606389369426889,0.0563343164130355,2.49807608385844,3.52632565757554,2.6223904190151,2.46324992605077,1.40607819688763,1.37907724352618,1.36968921926913,1.38833061814337,2.26602209147754,4.86100900331056,2.22050385727472,1.27671066652467
