Period,P_RMSE_Standard,P_RMSE_Chen,P_RMSE_EKF_LE,P_RMSE_AFEKF,M_RMSE_Standard,M_RMSE_Chen,M_RMSE_EKF_LE,M_RMSE_AFEKF,Pipe1_Standard,Pipe1_Chen,Pipe1_EKF_LE,Pipe1_AFEKF,Pipe5_Standard,Pipe5_Chen,Pipe5_EKF_LE,Pipe5_AFEKF
Full_Period,0.0601951128939209,0.0664210451482001,0.0610167746461302,0.0595262568737684,2.64309331081399,3.17687598459425,2.80569796977901,2.68751052562384,1.1720219028696,1.1317508126337,1.17593134891145,1.15494582982632,1.62584406193833,3.48223911390052,2.36659577400785,1.66172450326116
Normal_0to12h,0.0606576777534077,0.0675249775859388,0.0598875204480913,0.0590214482425619,2.62453473112056,3.26635277012088,2.61482849949824,2.5949785042182,1.2704312878551,1.22411298190554,1.29011723292641,1.26505366428296,1.63868451864738,3.82079354769412,1.45011420120919,1.28381291258292
Leak_12to24h,0.0655615777760445,0.0765077996358738,0.0671206949728259,0.0641977366777859,2.81260478045353,3.74686252277497,3.1068812975647,2.89396333317365,1.19519473337197,1.11602601252451,1.18495734933319,1.16189752359411,2.23398720291231,4.8678793451262,3.29357613724301,2.28994500808964
