Period,P_RMSE_Standard,P_RMSE_Chen,P_RMSE_EKF_LE,P_RMSE_AFEKF,M_RMSE_Standard,M_RMSE_Chen,M_RMSE_EKF_LE,M_RMSE_AFEKF,Pipe1_Standard,Pipe1_Chen,Pipe1_EKF_LE,Pipe1_AFEKF,Pipe5_Standard,Pipe5_Chen,Pipe5_EKF_LE,Pipe5_AFEKF
Full_Period,0.056879003198343,0.063346821072412,0.0597856321060121,0.0569128068073282,2.7295811618007,3.25661916427127,2.90117127863392,2.79652268534788,1.21383160837911,1.18727936956211,1.1922733625281,1.20378031702621,1.67763623444418,3.50014840594532,2.12072352077896,1.65388435465876
Normal_0to12h,0.0526341165684404,0.0591423893980338,0.0520157445346055,0.0516799313591633,2.2660388684771,2.9861558469428,2.24507952777625,2.23791021311375,1.09581257729135,1.08396511393201,1.09382461825713,1.09326242495505,1.59657733376668,3.78260022724113,1.63372565005216,1.49550426742092
Leak_12to24h,0.0613522096753174,0.0727880155257073,0.0669680286038799,0.0613739622168381,2.92559072909806,3.8448285402929,3.2364187369999,3.04811208209364,1.23689658889509,1.18498582017168,1.19785759544658,1.2115718953836,2.30048025134595,4.88947046244653,2.93959356959993,2.27320356937147
