Period,P_RMSE_Standard,P_RMSE_Chen,P_RMSE_EKF_LE,P_RMSE_AFEKF,M_RMSE_Standard,M_RMSE_Chen,M_RMSE_EKF_LE,M_RMSE_AFEKF,Pipe1_Standard,Pipe1_Chen,Pipe1_EKF_LE,Pipe1_AFEKF,Pipe5_Standard,Pipe5_Chen,Pipe5_EKF_LE,Pipe5_AFEKF
Full_Period,0.0635267954217868,0.0696899554821128,0.0685765051505541,0.0648718058796733,2.93083858269227,3.43628262396914,3.10793067314623,3.07697117204496,1.32225919184263,1.29752001281419,1.333492275733,1.33725269131334,1.62782561929963,3.54139143686266,2.01488431654467,1.81687056874166
Normal_0to12h,0.0659234669085912,0.0723800563370598,0.0645070396452236,0.0645915214582443,2.99715658910936,3.58392598783906,2.98424013443462,2.99769439937963,1.42901906259204,1.39008333411493,1.42066927694363,1.39955007591664,1.63398039150153,3.87093911174023,1.45083024657658,1.39182109390958
Leak_12to24h,0.0703443338053647,0.0810435696007909,0.0796550575783936,0.0725800473303148,3.38825832775278,4.22240438473096,3.68459339913088,3.63440418471182,1.41189031673094,1.36588261738085,1.49344788408254,1.44050649244317,2.22715545622673,4.94697645355721,2.78507556799547,2.50150440642495
