Period,P_RMSE_Standard,P_RMSE_Chen,P_RMSE_EKF_LE,P_RMSE_AFEKF,M_RMSE_Standard,M_RMSE_Chen,M_RMSE_EKF_LE,M_RMSE_AFEKF,Pipe1_Standard,Pipe1_Chen,Pipe1_EKF_LE,Pipe1_AFEKF,Pipe5_Standard,Pipe5_Chen,Pipe5_EKF_LE,Pipe5_AFEKF
Full_Period,0.058490464162255,0.0642577145116234,0.0601640324021853,0.058463295789157,2.71478655657867,3.23656039690966,2.88985945986696,2.79089643697707,1.44025497883847,1.41100865882281,1.49063528778673,1.4288964456612,1.67739157616737,3.49759612153929,2.2995575291141,1.76133970071057
Normal_0to12h,0.0584674363435347,0.0650537490163119,0.0588765683257055,0.057346222971384,2.80243498146444,3.40244014795556,2.79298905295597,2.77581117432469,1.69742974748894,1.66190614818979,1.76431489243676,1.6950615001039,1.7175949112996,3.81870067286763,1.44932521975093,1.30660161742659
Leak_12to24h,0.0630500688949118,0.0732930287097577,0.0658854522916637,0.0628708066400024,2.98367334138986,3.87658111747526,3.28912135366856,3.11452773798021,1.44255966634131,1.38439134257893,1.51284401336364,1.42847418423958,2.29845817719462,4.88508081599159,3.18751116767385,2.40406239007027
