Period,P_RMSE_Standard,P_RMSE_Chen,P_RMSE_EKF_LE,P_RMSE_AFEKF,M_RMSE_Standard,M_RMSE_Chen,M_RMSE_EKF_LE,M_RMSE_AFEKF,Pipe1_Standard,Pipe1_Chen,Pipe1_EKF_LE,Pipe1_AFEKF,Pipe5_Standard,Pipe5_Chen,Pipe5_EKF_LE,Pipe5_AFEKF
Full_Period,0.0590860814941462,0.0658575553578287,0.0596796698362288,0.0578430471193366,2.63201328595754,3.19116885957436,2.72847706499414,2.62074300399291,1.33630541135689,1.32576764657926,1.33790288428551,1.33566900492199,1.55992407270405,3.55029242827826,1.77086328330858,1.17863081099396
Normal_0to12h,0.0558232637511951,0.0629195255387875,0.0552151826963432,0.0544213700884657,2.27880219742894,3.01706702995991,2.26440254955402,2.24535710281955,1.19115371820007,1.1778260526599,1.18764250759836,1.18806408654383,1.5566329707641,3.87077574153998,1.37365018729168,1.1792465180178
Leak_12to24h,0.0629000546837898,0.0750032922984955,0.0641442621931548,0.0606109216175037,2.72459487064036,3.72108625039427,2.90749815668066,2.70065162619686,1.46976358078663,1.45083986338821,1.4740399232879,1.46868132232779,2.13897362445784,4.96377286477677,2.44740870735272,1.59209556048288
