Period,P_RMSE_Standard,P_RMSE_Chen,P_RMSE_EKF_LE,P_RMSE_AFEKF,M_RMSE_Standard,M_RMSE_Chen,M_RMSE_EKF_LE,M_RMSE_AFEKF,Pipe1_Standard,Pipe1_Chen,Pipe1_EKF_LE,Pipe1_AFEKF,Pipe5_Standard,Pipe5_Chen,Pipe5_EKF_LE,Pipe5_AFEKF
Full_Period,0.0562459117477431,0.0617267647731031,0.0589540398659266,0.056161695323189,2.38800403214191,2.9817861761806,2.54822581415608,2.46858251672273,1.12351137924386,1.11004505732082,1.30747340117117,1.12010393950558,1.60615115584157,3.52075445264567,1.68293912070877,1.35066149271863
Normal_0to12h,0.0576719282594027,0.0631433144820058,0.0570014671177026,0.0564432642130082,2.39031135811993,3.0861768506694,2.37361449711378,2.34213805217072,0.974296534344152,0.95531427855223,0.966813556991433,0.963550516719531,1.6186416946944,3.85219657507173,1.30528241268977,1.24791254701943
Leak_12to24h,0.0601412221794803,0.069946843975319,0.065071388654417,0.0597779951343117,2.72014331838881,3.69985229874857,2.99408187507409,2.85899037861649,1.19581597025245,1.17079300507295,1.51871442926237,1.18830087658356,2.19775858030054,4.9186670022344,2.31153332851138,1.83213337065424
