Period,P_RMSE_Standard,P_RMSE_Chen,P_RMSE_EKF_LE,P_RMSE_AFEKF,M_RMSE_Standard,M_RMSE_Chen,M_RMSE_EKF_LE,M_RMSE_AFEKF,Pipe1_Standard,Pipe1_Chen,Pipe1_EKF_LE,Pipe1_AFEKF,Pipe5_Standard,Pipe5_Chen,Pipe5_EKF_LE,Pipe5_AFEKF
Full_Period,0.0577180418453774,0.0636571754721205,0.0608258652538087,0.0583070094801195,2.45810094415803,3.02489771581932,2.66875911414985,2.538909627944,1.21364140555384,1.18678384806629,1.23443875853634,1.21069291198409,1.70409108007936,3.52370445957898,2.29391202896765,1.76883942412087
Normal_0to12h,0.0579786261334978,0.0643943046377773,0.0579770966639569,0.0578266228053428,2.35190495485006,3.06591415777677,2.34862229986549,2.33300888054447,1.24767336026304,1.22175361387392,1.24852885920582,1.2504068270639,1.60150224635519,3.87960781405253,1.5413803991233,1.41643059260218
Leak_12to24h,0.0603931165407839,0.0711995923486699,0.0661319424317058,0.0612512842657644,2.72516604788021,3.68198170207601,3.09031461532084,2.86669255335827,1.18502386927686,1.13011148725575,1.20868226459976,1.173554977017,2.341211719538,4.92401025017535,3.18163625372713,2.42769791744278
