Period,P_RMSE_Standard,P_RMSE_Chen,P_RMSE_EKF_LE,P_RMSE_AFEKF,M_RMSE_Standard,M_RMSE_Chen,M_RMSE_EKF_LE,M_RMSE_AFEKF,Pipe1_Standard,Pipe1_Chen,Pipe1_EKF_LE,Pipe1_AFEKF,Pipe5_Standard,Pipe5_Chen,Pipe5_EKF_LE,Pipe5_AFEKF
Full_Period,0.0573712482272402,0.0632710300665324,0.0582866550314607,0.0572434094293455,2.91960091495823,3.41097496723258,3.00146218501295,2.91403468543006,1.19956678003988,1.19440090855953,1.18796626609876,1.19222444814284,1.68966313784655,3.50492139209958,1.67494801934107,1.30655051734241
Normal_0to12h,0.057060552060312,0.0629539622583566,0.0562673095833101,0.056236712738754,2.60844043333457,3.24550437675973,2.58768417200349,2.57046241867548,1.20412457343228,1.20641087168076,1.20327581536327,1.20560922279502,1.68630114325781,3.82186011899525,1.37356036714581,1.22434728212529
Leak_12to24h,0.0640598302063584,0.074214640365661,0.0653295852553163,0.0632109029655357,2.93249888805653,3.83873470387732,3.0865181039965,2.91363885429614,1.24720917954885,1.23740748272021,1.2280600988407,1.22953981563559,2.33335660464419,4.90360050654867,2.30989521431462,1.76955597722735
