Period,P_RMSE_Standard,P_RMSE_Chen,P_RMSE_EKF_LE,P_RMSE_AFEKF,M_RMSE_Standard,M_RMSE_Chen,M_RMSE_EKF_LE,M_RMSE_AFEKF,Pipe1_Standard,Pipe1_Chen,Pipe1_EKF_LE,Pipe1_AFEKF,Pipe5_Standard,Pipe5_Chen,Pipe5_EKF_LE,Pipe5_AFEKF
Full_Period,0.0602479174097071,0.0665961069186979,0.0609086304055765,0.0586770103303915,2.84892348406491,3.35623932039896,3.03193240812567,2.90400924280551,1.67387010448398,1.63901872946909,1.65659373650917,1.65633137589679,1.71496280138469,3.53284655817911,2.48222891191447,1.75498207034885
Normal_0to12h,0.0642724456101173,0.0711988304193539,0.0619233384370684,0.0606449140887938,3.04248605676392,3.61169159552726,3.00785280685107,2.99233839308809,1.74625116185612,1.6945747468054,1.72335683878315,1.72029499782238,1.82482446397513,3.87811489089904,1.34674891710652,1.10122828834558
Leak_12to24h,0.0663931984347728,0.0774374816194398,0.0674829409726568,0.0633507956715457,3.18761119667983,4.0460727974657,3.50552306047334,3.28360300799529,1.79744636860429,1.7329533297586,1.76471084435536,1.7612428996196,2.3562322552059,4.93663174429142,3.45149060014274,2.41146409639451
