Period,P_RMSE_Standard,P_RMSE_Chen,P_RMSE_EKF_LE,P_RMSE_AFEKF,M_RMSE_Standard,M_RMSE_Chen,M_RMSE_EKF_LE,M_RMSE_AFEKF,Pipe1_Standard,Pipe1_Chen,Pipe1_EKF_LE,Pipe1_AFEKF,Pipe5_Standard,Pipe5_Chen,Pipe5_EKF_LE,Pipe5_AFEKF
Full_Period,0.0567749685755621,0.0624291511787001,0.0581278839444228,0.0561712203803874,2.63734095442455,3.16184799947929,2.78534865974102,2.68260906873406,1.44237201165762,1.41906079939523,1.44061288248847,1.43146030614852,1.71361836831694,3.48539080244186,2.16458082594355,1.73038459687457
Normal_0to12h,0.0583813582355951,0.0638134270168764,0.0570169481368353,0.0562256645498062,3.09875085455749,3.63484915796861,3.07785153827522,3.05999189621405,1.72065959792328,1.68743305760042,1.70956168491594,1.70545648643199,1.64232094011088,3.75111023167421,1.43959143085997,1.26795797386983
Leak_12to24h,0.0614388878768728,0.0714450802761838,0.0639719360374705,0.0601943653972712,2.49980970930996,3.49990093739395,2.80033968259034,2.59392435739307,1.26083646334072,1.2075571713364,1.25612436680354,1.23255917276375,2.34781097632857,4.86650646628087,2.99845124130904,2.3786245723242
