Period,P_RMSE_Standard,P_RMSE_Chen,P_RMSE_EKF_LE,P_RMSE_AFEKF,M_RMSE_Standard,M_RMSE_Chen,M_RMSE_EKF_LE,M_RMSE_AFEKF,Pipe1_Standard,Pipe1_Chen,Pipe1_EKF_LE,Pipe1_AFEKF,Pipe5_Standard,Pipe5_Chen,Pipe5_EKF_LE,Pipe5_AFEKF
Full_Period,0.054587168427385,0.0602365229084482,0.0549465694984342,0.0537711839667202,2.16914948744451,2.77418083964412,2.27551141910404,2.14712240924066,1.02657466118411,0.995317770378721,1.02468231451883,1.02227169500294,1.77470568196471,3.4570317839294,1.84920862540931,1.27300732598529
Normal_0to12h,0.0573229388645533,0.0637450256779413,0.0565498528752232,0.0559118758270064,2.25968097163939,2.96148361225448,2.23431507411301,2.2086623282841,1.14589753301583,1.09288920048063,1.14254145788352,1.13898309396783,1.75795375449809,3.78060629113157,1.42633609450954,1.18665230187726
Leak_12to24h,0.0599782622270824,0.0698363522285976,0.060772255532503,0.0584002912994667,2.4322117556308,3.43737622164044,2.61795958479661,2.39328089568786,1.17831267663047,1.12420762659026,1.17504228291112,1.17010475285938,2.45515042949674,4.83628439904945,2.56119362437583,1.72759636432008
