Period,P_RMSE_Standard,P_RMSE_Chen,P_RMSE_EKF_LE,P_RMSE_AFEKF,M_RMSE_Standard,M_RMSE_Chen,M_RMSE_EKF_LE,M_RMSE_AFEKF,Pipe1_Standard,Pipe1_Chen,Pipe1_EKF_LE,Pipe1_AFEKF,Pipe5_Standard,Pipe5_Chen,Pipe5_EKF_LE,Pipe5_AFEKF
Full_Period,0.0584659466762709,0.0643156186469379,0.0589027344800765,0.0576341225093789,2.31304765428836,2.91085689916026,2.40970966287892,2.27926378796121,0.959623244958475,0.937482076282432,0.948032097290468,0.951239730970406,1.68406953627963,3.46877165989913,1.70824127421789,1.15726745913117
Normal_0to12h,0.0616400255695844,0.067863361889549,0.0610899523706682,0.0605129327377903,2.68250818603839,3.3025434651197,2.66816587413582,2.64996293625412,0.896891569594246,0.861408445431817,0.893984304362802,0.884771695240004,1.7302691807607,3.75946589584652,1.4875113823269,1.28968156127382
Leak_12to24h,0.0609351520995443,0.0716241869923932,0.061880026489447,0.0591341235106743,2.58603587102806,3.58439760906528,2.75508063530948,2.52456611766678,0.924633907608444,0.878721248860775,0.898706104650611,0.899849787989732,2.32374389565433,4.85185183493164,2.35479022197994,1.53873716294024
