Period,P_RMSE_Standard,P_RMSE_Chen,P_RMSE_EKF_LE,P_RMSE_AFEKF,M_RMSE_Standard,M_RMSE_Chen,M_RMSE_EKF_LE,M_RMSE_AFEKF,Pipe1_Standard,Pipe1_Chen,Pipe1_EKF_LE,Pipe1_AFEKF,Pipe5_Standard,Pipe5_Chen,Pipe5_EKF_LE,Pipe5_AFEKF
Full_Period,0.0571397034865746,0.0627956227706275,0.0603624743720501,0.0574888726862308,2.74329041490001,3.27372896054955,2.91870981298607,2.79622073568828,1.22194403879489,1.20564681271807,1.29601097442639,1.20211912261918,1.65887526979279,3.51125847163096,2.02445928073264,1.59539003005476
Normal_0to12h,0.0566783574837456,0.0630535486182128,0.0558402753966159,0.055951504129209,2.59617041080337,3.25842965133905,2.57962298868616,2.59446842790756,1.09849354955104,1.0641792379926,1.09071880397951,1.08563166245991,1.61959779361875,3.82526789672621,1.39296810324946,1.40173620051718
Leak_12to24h,0.0612884141767355,0.0713757399048142,0.0657612390782887,0.0616280789398882,3.02062144862542,3.9268518442965,3.31232339939559,3.11445574317458,1.22066432972265,1.18829993756823,1.32332919388019,1.18952732549382,2.28172832269732,4.90898423261228,2.80791847278015,2.19561315726533
