Period,P_RMSE_Standard,P_RMSE_Chen,P_RMSE_EKF_LE,P_RMSE_AFEKF,M_RMSE_Standard,M_RMSE_Chen,M_RMSE_EKF_LE,M_RMSE_AFEKF,Pipe1_Standard,Pipe1_Chen,Pipe1_EKF_LE,Pipe1_AFEKF,Pipe5_Standard,Pipe5_Chen,Pipe5_EKF_LE,Pipe5_AFEKF
Full_Period,0.0628979305510582,0.0683412733854639,0.0641854661836325,0.0652029540831523,3.50959678759779,3.91227020587559,3.62132763799151,3.62025801352251,1.3366698586535,1.32951532320333,1.32952620241536,1.31119502160274,1.74591872609769,3.47510639252138,2.14181953235276,2.14941709577179
Normal_0to12h,0.0636853611167189,0.0694808435226505,0.0634520359128786,0.0668123742643838,3.57315663271075,4.04768700917226,3.56829511465007,3.63497565950029,1.33033538011486,1.33768271130359,1.33515249944276,1.28950918540084,1.70568963079067,3.80740358893236,1.63151073773515,2.20512530811425
Leak_12to24h,0.066393917325592,0.0762724837960169,0.0687992288168346,0.0703818072825331,4.25784743481793,4.90149946993381,4.4393942704178,4.43616854324145,1.56464761505842,1.55260646049874,1.55082489270107,1.51896875173608,2.4171743622394,4.86330245209184,2.9802086616159,2.99065788886343
