Period,P_RMSE_Standard,P_RMSE_Chen,P_RMSE_EKF_LE,P_RMSE_AFEKF,M_RMSE_Standard,M_RMSE_Chen,M_RMSE_EKF_LE,M_RMSE_AFEKF,Pipe1_Standard,Pipe1_Chen,Pipe1_EKF_LE,Pipe1_AFEKF,Pipe5_Standard,Pipe5_Chen,Pipe5_EKF_LE,Pipe5_AFEKF
Full_Period,0.0554399930669058,0.0607259456640687,0.0573486398505656,0.0554871075941867,2.52439402989911,3.09068241591935,2.71789270332648,2.52747726881831,1.16859016672793,1.16209519748774,1.16521529154415,1.17186400421316,1.69704743873194,3.53901187186039,2.45921964325311,1.60313169082147
Normal_0to12h,0.0563897343783807,0.0618925665019343,0.0557763055108563,0.0559683268437278,2.58748155442343,3.24370432083595,2.56140933828849,2.54935768303772,1.1783836908847,1.16765302600635,1.17416575563109,1.17597332660157,1.70922936157476,3.8577111388909,1.39003911381475,1.17003637698937
Leak_12to24h,0.0523438450293295,0.0628593925068172,0.0565354581787961,0.0524922334125154,2.32950941860378,3.42040092878172,2.72659924225833,2.33436677186604,1.085383527621,1.07156866320274,1.07971468055855,1.08870010184639,2.33454665762122,4.94724273421196,3.42214872596616,2.19910654378249
