Period,P_RMSE_Standard,P_RMSE_Chen,P_RMSE_EKF_LE,P_RMSE_AFEKF,M_RMSE_Standard,M_RMSE_Chen,M_RMSE_EKF_LE,M_RMSE_AFEKF,Pipe1_Standard,Pipe1_Chen,Pipe1_EKF_LE,Pipe1_AFEKF,Pipe5_Standard,Pipe5_Chen,Pipe5_EKF_LE,Pipe5_AFEKF
Full_Period,0.0551960055329954,0.0611417049127066,0.0566440047639619,0.0559675068215063,2.46420678002291,3.02758558872498,2.60401677511446,2.52793756900469,0.965920606302398,0.950791652045003,0.969928006449317,0.96303757808477,1.7291096413892,3.4793746115207,2.02867607874726,1.74541964169714
Normal_0to12h,0.0558125643851058,0.0625521633902432,0.0555689696807926,0.0553618898295022,2.45433115801991,3.13822407842805,2.45001373217215,2.43236737197337,0.844131670392561,0.811816368821473,0.841821329798598,0.837334582230753,1.65891678462958,3.82518551725292,1.64611547316222,1.53287571700248
Leak_12to24h,0.0558532453751915,0.0669638407267669,0.0590179317414475,0.0572580288956561,2.48078261847727,3.50108122137956,2.74866098227547,2.60174981204547,0.900275358190936,0.867965362556485,0.910406024035172,0.891053361850823,2.39024046403675,4.86785475550681,2.81833533194583,2.41202769480327
