Period,P_RMSE_Standard,P_RMSE_Chen,P_RMSE_EKF_LE,P_RMSE_AFEKF,M_RMSE_Standard,M_RMSE_Chen,M_RMSE_EKF_LE,M_RMSE_AFEKF,Pipe1_Standard,Pipe1_Chen,Pipe1_EKF_LE,Pipe1_AFEKF,Pipe5_Standard,Pipe5_Chen,Pipe5_EKF_LE,Pipe5_AFEKF
Full_Period,0.0588689735415368,0.0647356736274149,0.0606142353810496,0.0578800936608302,2.54714082981178,3.10131079044162,2.74126252796338,2.59752838299846,1.29527915582366,1.26891345336832,1.2934052009131,1.27556639490714,1.72398581850622,3.52587557790433,2.19426748464538,1.69371878839392
Normal_0to12h,0.0589756655762787,0.0653112786227228,0.0577307698368629,0.0565262488197003,2.31917815592459,3.00897110502662,2.28996632900063,2.2894608939549,1.3240369843599,1.29370026417022,1.31274439652181,1.30792091767796,1.80309148813072,3.82913948409839,1.36828902957813,0.899209062051907
Leak_12to24h,0.0618057702902207,0.0724603849209762,0.0658644116470299,0.0606352373192142,2.70314439001855,3.67175138827771,3.05386345842059,2.79623183927646,1.35199454577873,1.30175475904503,1.34633076284596,1.30856875169751,2.37950078275137,4.9317606000238,3.05116786370727,2.33952808205334
