Period,P_RMSE_Standard,P_RMSE_Chen,P_RMSE_EKF_LE,P_RMSE_AFEKF,M_RMSE_Standard,M_RMSE_Chen,M_RMSE_EKF_LE,M_RMSE_AFEKF,Pipe1_Standard,Pipe1_Chen,Pipe1_EKF_LE,Pipe1_AFEKF,Pipe5_Standard,Pipe5_Chen,Pipe5_EKF_LE,Pipe5_AFEKF
Full_Period,0.059066760733319,0.0651593516553562,0.0603288548076013,0.057959720506113,2.58719288931338,3.14655333356674,2.64189000101437,2.55034808964129,1.10381299627194,1.09417461789491,1.1525839620744,1.10323431673956,1.70474210646756,3.54216356828978,1.83321006754683,1.49091541257807
Normal_0to12h,0.061928867451403,0.068225727509723,0.0613833898105116,0.0610765868396268,2.37930566008577,3.07991566563654,2.36310839502807,2.34206071725866,1.16477567693307,1.16637210714043,1.16504006901344,1.1711971538606,1.74731613650931,3.8543149910718,1.67582192159935,1.58399767891519
Leak_12to24h,0.0626951281361198,0.0736462548928832,0.0649695234731372,0.060339069372217,2.8208681589329,3.77941843105604,2.91925676929599,2.75059645679189,1.14274271990226,1.12433747387154,1.2335255158628,1.13922630370385,2.3549073341526,4.95611697405982,2.54137808490978,2.04824986849104
