Period,P_RMSE_Standard,P_RMSE_Chen,P_RMSE_EKF_LE,P_RMSE_AFEKF,M_RMSE_Standard,M_RMSE_Chen,M_RMSE_EKF_LE,M_RMSE_AFEKF,Pipe1_Standard,Pipe1_Chen,Pipe1_EKF_LE,Pipe1_AFEKF,Pipe5_Standard,Pipe5_Chen,Pipe5_EKF_LE,Pipe5_AFEKF
Full_Period,0.057199487349679,0.0636957562260636,0.0582985611408871,0.0567580568099224,2.21651018968861,2.85008851658614,2.41765700908359,2.31222573206445,1.31233999377188,1.27621314628812,1.30673088983303,1.30518827719282,1.63370587489358,3.54319250175317,2.25428342658392,1.79564976429466
Normal_0to12h,0.0613162602041655,0.0679841571624083,0.060049047556906,0.0592130186258487,2.33849361678155,3.04081393258654,2.32693748803482,2.30938280541403,1.38689174174581,1.33488323575718,1.37653866283525,1.37064988206265,1.63843027746001,3.83787647263951,1.59983636962157,1.48179486207295
Leak_12to24h,0.062428468122227,0.0738013008131831,0.0642915620912614,0.0614016024705721,2.36618177988438,3.45415015250017,2.72790521649253,2.54010864681898,1.43206095009857,1.36615067881142,1.42117477928691,1.41690596993933,2.25141028883005,4.95666588705206,3.13697003359744,2.48504779205862
