Period,P_RMSE_Standard,P_RMSE_Chen,P_RMSE_EKF_LE,P_RMSE_AFEKF,M_RMSE_Standard,M_RMSE_Chen,M_RMSE_EKF_LE,M_RMSE_AFEKF,Pipe1_Standard,Pipe1_Chen,Pipe1_EKF_LE,Pipe1_AFEKF,Pipe5_Standard,Pipe5_Chen,Pipe5_EKF_LE,Pipe5_AFEKF
Full_Period,0.0615024311162594,0.067499916580587,0.0656467621682089,0.0717390984035614,3.31554619404198,3.76491693691888,3.49315008752175,3.61101957013481,1.32451134546819,1.30288529092602,1.39179625896854,1.33706993575074,1.71153986335756,3.55446879278876,2.16571311595398,2.90655292041595
Normal_0to12h,0.0588304762553161,0.0648226696603605,0.058855672518338,0.0695149577638773,2.76003830413713,3.38871240767081,2.76053673281927,3.05837103980039,1.33376977321551,1.31523147692586,1.33530857297499,1.37619578191331,1.72356188689587,3.90411070449925,1.72517163090957,2.99252061768848
Leak_12to24h,0.0667660403731533,0.0773562680741961,0.0741351249877535,0.0844579759876073,3.72011067199505,4.4850560454147,4.02785155489571,4.22536413886654,1.30652325625829,1.26291400485233,1.43968652401847,1.32857110384471,2.36394050885712,4.97314224727579,3.00841777076,4.05316071550259
