Period,P_RMSE_Standard,P_RMSE_Chen,P_RMSE_EKF_LE,P_RMSE_AFEKF,M_RMSE_Standard,M_RMSE_Chen,M_RMSE_EKF_LE,M_RMSE_AFEKF,Pipe1_Standard,Pipe1_Chen,Pipe1_EKF_LE,Pipe1_AFEKF,Pipe5_Standard,Pipe5_Chen,Pipe5_EKF_LE,Pipe5_AFEKF
Full_Period,0.0534807102213514,0.0595491622168075,0.0552744252522603,0.0547801978689905,2.15680950399318,2.80478392457021,2.38634093889768,2.3041415268255,1.025140659819,1.01515061641328,1.02714005202114,1.0263757583284,1.6728375450577,3.54147259658367,2.18487538398949,1.90097955385377
Normal_0to12h,0.0545830657780914,0.0614066581243663,0.0543285345661825,0.0543821822658239,2.31113907694114,3.03281308167334,2.30783762933538,2.29402487116278,1.08408775013712,1.06431693054876,1.08304204170229,1.08386251195644,1.66643998183425,3.85900699618101,1.62091124482201,1.56707821093957
Leak_12to24h,0.0570419609842861,0.0678743762039988,0.0605298217739697,0.0593096548765109,2.45385132615759,3.51615842855451,2.84464730957267,2.70654644171736,1.10846872406406,1.09020996148223,1.11162158743245,1.10995326711283,2.28287359590543,4.94286690477501,3.0300344763235,2.6179785341427
