Period,P_RMSE_Standard,P_RMSE_Chen,P_RMSE_EKF_LE,P_RMSE_AFEKF,M_RMSE_Standard,M_RMSE_Chen,M_RMSE_EKF_LE,M_RMSE_AFEKF,Pipe1_Standard,Pipe1_Chen,Pipe1_EKF_LE,Pipe1_AFEKF,Pipe5_Standard,Pipe5_Chen,Pipe5_EKF_LE,Pipe5_AFEKF
Full_Period,0.0584742955758717,0.0647812253815759,0.0619086657502709,0.0583492738796955,2.46512196912185,3.05204032750428,2.70505121150727,2.56423610827594,1.27721641820593,1.2479204005289,1.30349145792441,1.2674634633638,1.59037254421257,3.5505900663628,2.48220929768001,1.6980533009413
Normal_0to12h,0.0622978262251476,0.0692653100580967,0.0616454066435501,0.0607512970583575,2.74331755905789,3.38783330582685,2.74041332047374,2.74411996274898,1.42653936534516,1.38796185670077,1.42788593086553,1.40761167495745,1.5926473995703,3.91845615227497,1.6059996892823,1.3286616312279
Leak_12to24h,0.0638834620935812,0.074930706968598,0.0703083120778112,0.0637170560098426,2.94269846177496,3.87905936807285,3.33216035003304,3.10453691744153,1.45137698400943,1.4002206865132,1.48607518829835,1.4236941548196,2.17144569689216,4.95923318634616,3.4487630589979,2.32658774184589
