Period,P_RMSE_Standard,P_RMSE_Chen,P_RMSE_EKF_LE,P_RMSE_AFEKF,M_RMSE_Standard,M_RMSE_Chen,M_RMSE_EKF_LE,M_RMSE_AFEKF,Pipe1_Standard,Pipe1_Chen,Pipe1_EKF_LE,Pipe1_AFEKF,Pipe5_Standard,Pipe5_Chen,Pipe5_EKF_LE,Pipe5_AFEKF
Full_Period,0.060541009812768,0.0658027454276258,0.0600298930874879,0.0588371636572443,2.48494232293587,3.05116963535422,2.61840607844001,2.53242645625779,1.17661550688999,1.15656368657948,1.16801103277494,1.16740255340789,1.73711167859751,3.50885492516535,1.8383969676892,1.45230717554928
Normal_0to12h,0.0608541246104353,0.0663606123440094,0.0596363844047923,0.0596399556665169,2.13018835718075,2.8742452198736,2.10794402184504,2.08197534579464,1.11721811723769,1.08455060912296,1.09792466113263,1.09889973030429,1.70185489367512,3.7813538586934,1.44570810128106,1.24901330014417
Leak_12to24h,0.0628910000562676,0.0725724934829069,0.0653040898369677,0.0625763142088247,2.51735851903283,3.53846735546627,2.7752566638281,2.60029021694953,1.20827350343036,1.16950131730061,1.19910503652692,1.20405608990429,2.37831028518052,4.89804429201483,2.52184980010879,1.95095125035114
