Period,P_RMSE_Standard,P_RMSE_Chen,P_RMSE_EKF_LE,P_RMSE_AFEKF,M_RMSE_Standard,M_RMSE_Chen,M_RMSE_EKF_LE,M_RMSE_AFEKF,Pipe1_Standard,Pipe1_Chen,Pipe1_EKF_LE,Pipe1_AFEKF,Pipe5_Standard,Pipe5_Chen,Pipe5_EKF_LE,Pipe5_AFEKF
Full_Period,0.0583626200503995,0.0644997259723813,0.0600604912756923,0.0579068458214769,2.32387336202491,2.91205513972969,2.49711362922687,2.36649281546445,1.05488667999081,1.03636816898332,1.05986645777024,1.03462232955091,1.74080180230687,3.49115203122784,2.00536600993444,1.4269071761175
Normal_0to12h,0.0599009545308378,0.0665946256210112,0.0584047031115698,0.0576666998264102,2.03902805184293,2.81937285820099,2.00027766469644,1.9710778360611,1.1357624731356,1.11614171888639,1.11649143726288,1.11085383074417,1.70716853709897,3.85531650804164,1.12144644003116,0.937123887762967
Leak_12to24h,0.0633542829288308,0.0741707759964238,0.0661490567976939,0.0623990642645079,2.54731373435424,3.544559065533,2.84611791373595,2.62298703319539,1.06592489109442,1.0295118598017,1.07289335609924,1.02831468024358,2.39861494954145,4.88037259626829,2.77813702873535,1.9492701571159
