Period,P_RMSE_Standard,P_RMSE_Chen,P_RMSE_EKF_LE,P_RMSE_AFEKF,M_RMSE_Standard,M_RMSE_Chen,M_RMSE_EKF_LE,M_RMSE_AFEKF,Pipe1_Standard,Pipe1_Chen,Pipe1_EKF_LE,Pipe1_AFEKF,Pipe5_Standard,Pipe5_Chen,Pipe5_EKF_LE,Pipe5_AFEKF
Full_Period,0.0547896103544319,0.0604391162602432,0.055683973454846,0.0545241410265724,2.24694344322234,2.86053230108255,2.46611480631752,2.27775563185268,1.11832721953854,1.10839730899155,1.11899120607949,1.11616632115572,1.72318218787025,3.53914197337583,2.49750519199106,1.75108764254231
Normal_0to12h,0.0560086762002036,0.0619310105026136,0.0547915806865962,0.0546581306251579,2.14620365301589,2.8824640392961,2.10291773946066,2.08545003831678,1.16427337529809,1.14293367832886,1.15503501386893,1.15601790732925,1.75479311136547,3.82022680471147,1.19854713906948,0.907410462741568
Leak_12to24h,0.057334614320924,0.0676131802419805,0.0592268896141677,0.0567376767321715,2.42266827163751,3.47150796325309,2.81361634522995,2.47890048098418,1.20444840366902,1.1862312794637,1.2063527302623,1.19965486245247,2.36319020508293,4.94320765147219,3.47970254585401,2.41864404621605
