Period,P_RMSE_Standard,P_RMSE_Chen,P_RMSE_EKF_LE,P_RMSE_AFEKF,M_RMSE_Standard,M_RMSE_Chen,M_RMSE_EKF_LE,M_RMSE_AFEKF,Pipe1_Standard,Pipe1_Chen,Pipe1_EKF_LE,Pipe1_AFEKF,Pipe5_Standard,Pipe5_Chen,Pipe5_EKF_LE,Pipe5_AFEKF
Full_Period,0.0597090798207383,0.0654252565756776,0.0616110695447612,0.0601025187167547,2.61023145432661,3.1520529765693,2.8829299955015,2.73930479855699,1.25289792776266,1.2292448770207,1.25090626182994,1.24958137504085,1.72270142599616,3.51091641018968,2.71808358128408,2.05698470294792
Normal_0to12h,0.0617842797005161,0.0680363490614967,0.060779146389264,0.0603310673086292,2.64726445159105,3.28422501584268,2.63568390940399,2.62130883097073,1.35876758865918,1.32334565219219,1.35030951430818,1.34760908707558,1.70266356959815,3.82051858703828,1.54063374532329,1.36667254402918
Leak_12to24h,0.0601661153556709,0.0709302496116072,0.0641554186989816,0.0609919058109355,2.70616889766139,3.67181203948241,3.20707690684062,2.94780679426017,1.15755935592563,1.10644930778802,1.15673443645305,1.15127001605206,2.36678956084721,4.90540939638108,3.78751988102146,2.84729048950411
