Case,Pipe1_Standard,Pipe1_Chen,Pipe1_EKF_LE,Pipe1_AFEKF,Pipe5_Standard,Pipe5_Chen,Pipe5_EKF_LE,Pipe5_AFEKF,Flow_Standard,Flow_Chen,Flow_EKF_LE,Flow_AFEKF
Case1_Clean,1.40849967393108,1.25114023580271,1.1887171852961,1.27929714294805,0.779568303153354,0.737864247370226,0.589884661091202,0.758013535955981,2.16389442784254,2.10873309289243,2.05899870141522,2.12331399937248
Case2_10dB,15.0431525389042,2.12398955571824,1.20375404242547,1.15968857655872,0.847248349931208,0.783412922748042,0.600060635022454,0.798137441352275,4.38789944891438,2.06377141313983,1.86409944741609,1.9226925352
Case2_20dB,54.6049888295058,10.1070990511192,1.60825818645585,1.15925029501435,5.84000581643688,0.77026999485968,0.597182933777914,0.796346354653923,13.7164246873831,3.55837758995679,1.86107855456487,1.92239248902278
