Case,Pipe1_Standard,Pipe1_Chen,Pipe1_EKF_LE,Pipe1_AFEKF,Pipe5_Standard,Pipe5_Chen,Pipe5_EKF_LE,Pipe5_AFEKF,Flow_Standard,Flow_Chen,Flow_EKF_LE,Flow_AFEKF
Case1_Clean,1.68382880081159,1.43731893789493,1.34838196767834,1.46066887446713,0.789612384911718,0.750990165541774,0.587558352790135,0.766625109732169,2.62884893514796,2.54317358807441,2.4172846766458,2.52619698390143
Case2_10dB,15.9747999808088,2.4041315979294,1.39584672281153,1.46170659871887,3.37868040719253,0.72768982090813,0.585775650098771,0.726584911965408,5.07913749273146,2.85500587553432,2.62665549116336,2.7436675357417
Case2_20dB,56.6249218702547,10.3264839133697,1.75510076278045,1.46084179942028,3.01717333117796,0.789510484628842,0.585827585490858,0.726522259991805,14.4721124098736,4.14334319782362,2.63454611846933,2.74189224422738
