Case,Pipe1_Standard,Pipe1_Chen,Pipe1_EKF_LE,Pipe1_AFEKF,Pipe5_Standard,Pipe5_Chen,Pipe5_EKF_LE,Pipe5_AFEKF,Flow_Standard,Flow_Chen,Flow_EKF_LE,Flow_AFEKF
Case1_Clean,1.44008280318358,1.34623882074276,1.2463314025638,1.3382463640526,0.825402299816352,0.781195286872556,0.627683899836586,0.800206302155778,2.4906465340187,2.42661547169004,2.28682082917356,2.37525063005537
Case2_10dB,16.8402037323173,2.32364342986685,1.20934467226751,1.25804461371474,1.97557030048272,0.791187637341359,0.631471862068039,0.805861833775061,4.79730624395063,2.46119032632465,2.15195629952127,2.25157295226395
Case2_20dB,51.2164682559963,7.18689565497712,1.79723624632847,1.25601056126133,2.98778266383118,0.79498059925412,0.612065599689501,0.79487628739803,13.2618669142566,3.70886609106132,2.18677836014297,2.25111859042607
