Case,Pipe1_Standard,Pipe1_Chen,Pipe1_EKF_LE,Pipe1_AFEKF,Pipe5_Standard,Pipe5_Chen,Pipe5_EKF_LE,Pipe5_AFEKF,Flow_Standard,Flow_Chen,Flow_EKF_LE,Flow_AFEKF
Case1_Clean,2.06161446590279,1.72120954882047,1.52174548732595,1.74558968724932,0.791974480009813,0.746263328363065,0.600861109346393,0.75670272699973,3.04080331978811,2.94781310132011,2.86015324204526,2.93950526915136
Case2_10dB,17.3342271776241,2.64310658418325,1.49998391145873,1.70495660527002,0.886596936391112,0.814208178734877,0.626598041010262,0.802751267144483,5.19134094425013,2.89645071042245,2.74631152315566,2.82363115897355
Case2_20dB,56.5506245365931,10.2395863401049,1.99298508337005,1.70511347292961,3.27707705521748,0.82432114387336,0.628988447568875,0.804153306505997,14.4627119057168,3.75325911583347,2.76001539619953,2.82350779407073
