Case,Pipe1_Standard,Pipe1_Chen,Pipe1_EKF_LE,Pipe1_AFEKF,Pipe5_Standard,Pipe5_Chen,Pipe5_EKF_LE,Pipe5_AFEKF,Flow_Standard,Flow_Chen,Flow_EKF_LE,Flow_AFEKF
Case1_Clean,1.38273297201385,1.20942868402017,1.0910512180021,1.21339810675357,0.758178429256983,0.71482983941241,0.555437880307918,0.719721160281764,2.30253615173706,2.23643291906534,2.1871610674003,2.24246745941885
Case2_10dB,15.4408174613003,2.33752345208166,1.22178957013538,1.19685410200735,3.30779007017801,0.711070468792374,0.547030235703821,0.710373001719606,4.43808200851417,2.05081384453494,1.88825490202151,1.91386104633834
Case2_20dB,53.3471152449274,9.43230306375377,1.51465854828129,1.19676177934446,4.02483135386081,0.713798386618698,0.552940125801563,0.710082051160126,13.663181391146,3.597038675471,1.88597373709292,1.91383541419192
