Case,Pipe1_Standard,Pipe1_Chen,Pipe1_EKF_LE,Pipe1_AFEKF,Pipe5_Standard,Pipe5_Chen,Pipe5_EKF_LE,Pipe5_AFEKF,Flow_Standard,Flow_Chen,Flow_EKF_LE,Flow_AFEKF
Case1_Clean,1.47071254986939,1.2945527215113,1.16908206081802,1.30379564171324,0.84093765863236,0.792416998848959,0.607904398428116,0.806581901535306,2.48041317618531,2.4171860280832,2.36761358246914,2.4240613049375
Case2_10dB,16.3308730650609,2.33896351942361,1.11293744966125,1.14980161322662,1.30366849784338,0.747818554583975,0.573881312267821,0.741819487052323,4.75189726441726,2.4639799023866,2.3041781320165,2.35320561927987
Case2_20dB,51.8881356800227,8.38026362680505,1.57094405835035,1.15056669410204,5.61095130869848,0.750826419956923,0.57052551705891,0.74168836020108,13.1426069227267,3.56102364297475,2.31697179886831,2.35326007242388
