Case,Pipe1_Standard,Pipe1_Chen,Pipe1_EKF_LE,Pipe1_AFEKF,Pipe5_Standard,Pipe5_Chen,Pipe5_EKF_LE,Pipe5_AFEKF,Flow_Standard,Flow_Chen,Flow_EKF_LE,Flow_AFEKF
Case1_Clean,1.48342742426584,1.30982421704377,1.16598911612912,1.31812204011363,0.721108853384113,0.684799473536671,0.555100238777763,0.693802759885498,3.23337711569371,3.14409961971813,3.09833505501888,3.16622695097648
Case2_10dB,17.2446051653252,2.64374590372839,1.25099730909258,1.35692027945886,3.17002000196202,0.716193395502086,0.568501888936972,0.716011610946718,5.50412595199291,3.37165334942449,3.24078773124026,3.31436970947661
Case2_20dB,53.8513838547742,10.578201248315,1.54483056347645,1.35673945213937,1.27874215443798,0.725568058851617,0.57477895186089,0.716065043330499,13.8199592885131,4.58955400937836,3.25549428041981,3.31437783862061
