Case,Pipe1_Standard,Pipe1_Chen,Pipe1_EKF_LE,Pipe1_AFEKF,Pipe5_Standard,Pipe5_Chen,Pipe5_EKF_LE,Pipe5_AFEKF,Flow_Standard,Flow_Chen,Flow_EKF_LE,Flow_AFEKF
Case1_Clean,1.87316167208603,1.62808266715365,1.4196032002642,1.64627031162538,0.774989234368527,0.74140504488513,0.587060028969046,0.74494234918429,2.67568646996106,2.59821289037181,2.52289827581657,2.59813734274235
Case2_10dB,16.9207244958177,2.20415664640901,1.51491960662201,1.7656329045199,0.785845714248415,0.729463564611109,0.571946230069954,0.726701306358262,4.99403882266992,2.74088793314981,2.57279474539401,2.65792753549019
Case2_20dB,49.6717510476297,8.79906407761457,1.97594931683498,1.7647758178556,3.16259803789059,0.726129192894123,0.560728974414851,0.725023599301938,12.8202900495999,4.02466221445338,2.61580523484953,2.65797579171144
