Case,Pipe1_Standard,Pipe1_Chen,Pipe1_EKF_LE,Pipe1_AFEKF,Pipe5_Standard,Pipe5_Chen,Pipe5_EKF_LE,Pipe5_AFEKF,Flow_Standard,Flow_Chen,Flow_EKF_LE,Flow_AFEKF
Case1_Clean,1.62065151634503,1.38137806642313,1.19943854204015,1.39762670522111,0.794392865835741,0.752051164654072,0.608764740191085,0.767485910854777,2.698701816032,2.62487143178443,2.57358188068042,2.63054835593227
Case2_10dB,16.6785549662293,2.49409157146112,1.34259506764441,1.46805917627808,0.984351772594367,0.727431288114209,0.567975676439126,0.733139403757468,5.06361795692171,2.76948445390296,2.62747076030708,2.68510691145077
Case2_20dB,50.2501723651089,9.50359111359253,1.54062591128398,1.4677015062121,5.47150162297871,0.758609338888371,0.567892073544731,0.73304762770197,12.8497869331547,4.285394620392,2.64354882306891,2.68522285364857
