Case,Pipe1_Standard,Pipe1_Chen,Pipe1_EKF_LE,Pipe1_AFEKF,Pipe5_Standard,Pipe5_Chen,Pipe5_EKF_LE,Pipe5_AFEKF,Flow_Standard,Flow_Chen,Flow_EKF_LE,Flow_AFEKF
Case1_Clean,1.75529453093372,1.46602642989259,1.3033579402498,1.48414612859546,0.874464098824423,0.828194007675031,0.659708574980182,0.838323286253258,2.85812299284808,2.7761167662061,2.71106903975252,2.77502686481347
Case2_10dB,15.07425702534,2.46857527715033,1.38570777749974,1.43543926183199,1.11852160015737,0.82954755259572,0.641698119202932,0.829887089526966,4.86630850731114,2.86386488684425,2.70974680757494,2.75769486128098
Case2_20dB,50.5149847644576,6.66406667769723,1.58989106551205,1.43524184305872,1.6536652671311,0.769700742431771,0.647911225012118,0.832122705893408,12.891389220454,3.77163343343142,2.69956469343083,2.75734219322225
