Case,Pipe1_Standard,Pipe1_Chen,Pipe1_EKF_LE,Pipe1_AFEKF,Pipe5_Standard,Pipe5_Chen,Pipe5_EKF_LE,Pipe5_AFEKF,Flow_Standard,Flow_Chen,Flow_EKF_LE,Flow_AFEKF
Case1_Clean,1.57976810820901,1.44250022816336,1.3237732003514,1.42117879533383,0.809330166811396,0.769463554858205,0.600425939077076,0.759788364683269,2.53768685388116,2.47644817971531,2.42352011819655,2.46810875058782
Case2_10dB,16.9342778656062,2.54034877923497,1.31430716436462,1.3765550554707,2.32933628782273,0.811756501863158,0.630309448526077,0.795920975725279,5.03235640844819,2.64892001760522,2.50210852327998,2.54498556824367
Case2_20dB,51.4229537194229,9.21078386545031,1.69825561382449,1.37570409623759,1.22724725709813,0.796745974686394,0.623422056187956,0.794729910869128,13.0724045914305,3.60797518314907,2.51770980721169,2.544704685898
