Case,Pipe1_Standard,Pipe1_Chen,Pipe1_EKF_LE,Pipe1_AFEKF,Pipe5_Standard,Pipe5_Chen,Pipe5_EKF_LE,Pipe5_AFEKF,Flow_Standard,Flow_Chen,Flow_EKF_LE,Flow_AFEKF
Case1_Clean,1.3464764255225,1.25856714123486,1.17593730033189,1.27209611520623,0.835393516126281,0.791396190344568,0.620870699397333,0.799965921235373,2.42935017568167,2.36774819001366,2.36988523194592,2.39829261760317
Case2_10dB,15.9820772010108,2.44788746319136,1.18020553196638,1.3213245217296,2.07980802060994,0.842202611464008,0.658426959358822,0.841461168264749,4.90401571576243,2.66949735597863,2.58498164382607,2.61053658005368
Case2_20dB,51.6627771365229,7.06351651310344,1.64340402642482,1.32115380987286,5.49125768093204,0.866711793225358,0.645120571858458,0.841945501970118,13.3036048061941,3.79567873268479,2.61151288839201,2.61076975713677
