Case,Pipe1_Standard,Pipe1_Chen,Pipe1_EKF_LE,Pipe1_AFEKF,Pipe5_Standard,Pipe5_Chen,Pipe5_EKF_LE,Pipe5_AFEKF,Flow_Standard,Flow_Chen,Flow_EKF_LE,Flow_AFEKF
Case1_Clean,1.43692768362794,1.20089207637408,1.0674251082682,1.21439759611382,0.852639440826836,0.813094124332892,0.64218318349747,0.828981550164254,2.55204774478435,2.47901138400638,2.43228944809554,2.48688320912436
Case2_10dB,16.8032073124972,2.46919639037528,1.15066132170787,1.0885739997521,1.37615490732888,0.85466914769786,0.662049222299257,0.860575119404736,4.93081550010918,2.60626741499402,2.45683546514308,2.49636737479644
Case2_20dB,50.6001195010688,8.89376640084364,1.77474394081885,1.08871711274634,7.89828790788131,0.837719832561153,0.662560672288643,0.859996969608074,12.9082979006031,3.85541355832859,2.49389766727127,2.49613034168412
