Case,Pipe1_Standard,Pipe1_Chen,Pipe1_EKF_LE,Pipe1_AFEKF,Pipe5_Standard,Pipe5_Chen,Pipe5_EKF_LE,Pipe5_AFEKF,Flow_Standard,Flow_Chen,Flow_EKF_LE,Flow_AFEKF
Case1_Clean,1.64273969658037,1.44251441799074,1.32189946988659,1.45764932034474,0.71368192012584,0.672217552283422,0.529614025861243,0.680696306232368,2.13092521986434,2.06512961024293,2.00677413449642,2.07343964520823
Case2_10dB,17.481611631657,2.60337263992071,1.41775945585517,1.35434237805487,3.16400852768112,0.69668710092485,0.543082734300426,0.691273527989806,4.89267110627954,2.10930646647262,1.91889820129063,1.96676649170994
Case2_20dB,54.8723146946148,9.76842879158136,1.5158326798881,1.33326962618545,1.27094182193616,0.71578828028009,0.543458102826166,0.682304451070787,13.7936295160033,3.34794919909444,1.92790451848154,1.95839514112235
