Case,Pipe1_Standard,Pipe1_Chen,Pipe1_EKF_LE,Pipe1_AFEKF,Pipe5_Standard,Pipe5_Chen,Pipe5_EKF_LE,Pipe5_AFEKF,Flow_Standard,Flow_Chen,Flow_EKF_LE,Flow_AFEKF
Case1_Clean,1.43412908548898,1.30107174657298,1.19256467271244,1.3097257575514,0.79790962020454,0.75549314611607,0.609716860650582,0.769809523741241,2.4477624732677,2.38703252749927,2.34794612226623,2.40268795285764
Case2_10dB,16.7963026304322,2.64500847188796,1.15284548386393,1.23873668706086,0.813983425210029,0.73859377228575,0.600112170457712,0.747180784926715,4.87644558452697,2.3845266511079,2.22663429301627,2.27375357929642
Case2_20dB,49.8403071877636,8.96576935563138,1.57752169231104,1.23872021491745,3.1072663179548,0.738181721994246,0.605897704036032,0.749199576676153,12.6952102802138,3.705460621708,2.24324792852174,2.2736475953331
