Case,Pipe1_Standard,Pipe1_Chen,Pipe1_EKF_LE,Pipe1_AFEKF,Pipe5_Standard,Pipe5_Chen,Pipe5_EKF_LE,Pipe5_AFEKF,Flow_Standard,Flow_Chen,Flow_EKF_LE,Flow_AFEKF
Case1_Clean,1.59781725510145,1.38018941306198,1.22345856509054,1.40229466470839,0.736108325721175,0.696291051950429,0.539258115378454,0.706459911871358,2.64690392999145,2.57370269472578,2.52946635016935,2.59829575020104
Case2_10dB,16.7841793903615,2.81350328104484,1.20215210788619,1.32943468035909,1.90336534750797,0.683771257264102,0.532621802798414,0.687394120765679,4.92703191417961,2.43775196017993,2.28212196604878,2.34690956011485
Case2_20dB,49.9961424365342,6.69156526637695,1.59682541676336,1.32910754588754,1.37425239672156,0.692774918474565,0.534174797737994,0.687321715107474,12.734190455909,3.68109792200757,2.29774913928904,2.34682284359469
