Case,Pipe1_Standard,Pipe1_Chen,Pipe1_EKF_LE,Pipe1_AFEKF,Pipe5_Standard,Pipe5_Chen,Pipe5_EKF_LE,Pipe5_AFEKF,Flow_Standard,Flow_Chen,Flow_EKF_LE,Flow_AFEKF
Case1_Clean,1.2512258302248,1.10225936244885,0.956022301673345,1.15991374790096,0.842924751810385,0.793908757557994,0.615406884826592,0.798454315131604,2.25059280844365,2.19445987184822,2.13499623663896,2.20927107661368
Case2_10dB,16.2431300297705,2.37585450378789,0.963159342851068,1.19273326484321,1.10536268110955,0.808461271457553,0.625276044738392,0.802648543842575,4.75625577903599,2.29534178056904,2.11477000951086,2.19046514825082
Case2_20dB,50.7357826065567,8.96937722299777,1.54542303552026,1.19279622745588,5.55260989932414,0.832150499476007,0.628235139803574,0.802419693248479,12.9095567575997,3.73496471843491,2.1254022969427,2.19036971282826
