Case,Pipe1_Standard,Pipe1_Chen,Pipe1_EKF_LE,Pipe1_AFEKF,Pipe5_Standard,Pipe5_Chen,Pipe5_EKF_LE,Pipe5_AFEKF,Flow_Standard,Flow_Chen,Flow_EKF_LE,Flow_AFEKF
Case1_Clean,1.30551121203988,1.16133394454288,1.11127411225624,1.18396460714628,0.707788108757959,0.66691979788114,0.535536781054738,0.674939355125812,2.32953433995277,2.26571774058823,2.19511606013461,2.25119120836521
Case2_10dB,17.1235933853559,2.17911178982359,1.13722443915572,1.15800514423701,2.47652759642694,0.686628949821678,0.54179617950877,0.684798985098052,4.71812701524358,2.06693662831438,1.87583090201283,1.92332900211216
Case2_20dB,50.7606994783543,9.7464975165,1.42667452188382,1.15831981580285,5.78881664157545,0.719340953237741,0.54203167142359,0.683068437002991,12.7844815279818,3.48693221996711,1.88453866331071,1.92290313527128
