Case,Pipe1_Standard,Pipe1_Chen,Pipe1_EKF_LE,Pipe1_AFEKF,Pipe5_Standard,Pipe5_Chen,Pipe5_EKF_LE,Pipe5_AFEKF,Flow_Standard,Flow_Chen,Flow_EKF_LE,Flow_AFEKF
Case1_Clean,1.89822387323976,1.68849726929617,1.50887751143687,1.69108566807543,0.800915735538985,0.749317225611195,0.5789574978632,0.74836501563866,2.57646074965901,2.49734178602209,2.43306582462365,2.50013788733337
Case2_10dB,15.7829482580093,2.40608264191669,1.57769327336294,1.71844196574539,2.59078561068625,0.721204234736939,0.558591127247342,0.703961151808259,4.6606020319376,2.27641575534843,2.11171045359404,2.16370116444199
Case2_20dB,54.8246533241294,10.285084782362,1.91172176341186,1.70201293234241,2.60407508792985,0.71376856802324,0.561013914654805,0.69693926317806,13.8741562455991,4.02088937836736,2.13482958487902,2.15988260218512
