Case,Pipe1_Standard,Pipe1_Chen,Pipe1_EKF_LE,Pipe1_AFEKF,Pipe5_Standard,Pipe5_Chen,Pipe5_EKF_LE,Pipe5_AFEKF,Flow_Standard,Flow_Chen,Flow_EKF_LE,Flow_AFEKF
Case1_Clean,1.63262716351485,1.40876921150228,1.35174772165345,1.42254151772113,0.74248971467444,0.707475673072098,0.557228659885012,0.706140675337368,2.57083571868247,2.49522390523217,2.35895309521474,2.46529705860371
Case2_10dB,16.9144477083665,2.2673561298463,1.42523608029617,1.4263465461723,2.66488813601098,0.751639944107208,0.593109603663663,0.747496994446715,5.03868800240036,2.64375717252743,2.39421339115525,2.51004061817398
Case2_20dB,55.658282326772,10.6726009562632,1.72265289078212,1.42625421975719,4.03023544334765,0.780107939979959,0.59238829336138,0.750853899274584,14.3860182967584,4.40231676960755,2.40903549521016,2.50986899739198
