Case,Pipe1_Standard,Pipe1_Chen,Pipe1_EKF_LE,Pipe1_AFEKF,Pipe5_Standard,Pipe5_Chen,Pipe5_EKF_LE,Pipe5_AFEKF,Flow_Standard,Flow_Chen,Flow_EKF_LE,Flow_AFEKF
Case1_Clean,1.5462405713838,1.38506150947724,1.29280439928461,1.35345604570357,0.761415014172055,0.724844493599463,0.590557298517477,0.698388836297607,2.74111251243087,2.67770675981079,2.55758632674588,2.62733536311258
Case2_10dB,15.8984198541005,2.60613832535333,1.3868400362698,1.36192031481089,3.4012451013639,0.742249527808796,0.604582760628825,0.683944203861383,5.03176450328943,2.90399302076492,2.67771338129669,2.73985057864549
Case2_20dB,49.3574616977767,8.16419748833057,1.694195657116,1.33680159353491,3.16037500753651,0.725132551354311,0.604297647351094,0.692820345719881,12.8195908792599,4.07905180073066,2.69842922536343,2.73172707965902
