Case,Pipe1_Standard,Pipe1_Chen,Pipe1_EKF_LE,Pipe1_AFEKF,Pipe5_Standard,Pipe5_Chen,Pipe5_EKF_LE,Pipe5_AFEKF,Flow_Standard,Flow_Chen,Flow_EKF_LE,Flow_AFEKF
Case1_Clean,1.34751091555101,1.21267435147214,1.15433901802487,1.21494865380457,0.841692769682398,0.800605403311752,0.631408835058828,0.792405516008998,2.30526939390042,2.24706704520058,2.18344245744877,2.2293346563888
Case2_10dB,16.707781699051,2.6283621011871,1.19900783416784,1.24781507421285,0.871704633127892,0.799495449512257,0.63246827805987,0.804329037078307,4.98127132252734,2.52194072268258,2.33129061300391,2.38400449479052
Case2_20dB,53.4150824865255,10.5595742640893,1.57638193397375,1.23192351795639,1.42133405749472,0.812915354291246,0.631856497529783,0.781920991053126,13.5642416163026,4.08181047956448,2.34675628442186,2.37330165495755
