Case,Pipe1_Standard,Pipe1_Chen,Pipe1_EKF_LE,Pipe1_AFEKF,Pipe5_Standard,Pipe5_Chen,Pipe5_EKF_LE,Pipe5_AFEKF,Flow_Standard,Flow_Chen,Flow_EKF_LE,Flow_AFEKF
Case1_Clean,1.44055621923128,1.31169508660153,1.24452968926584,1.36795498016881,0.69536698010983,0.65553569926364,0.511924958723575,0.664718802729925,2.24703456264369,2.19212104340193,2.14567584425291,2.19955171645665
Case2_10dB,15.1881844108327,2.44251711606297,1.27674238369339,1.3638206034862,2.07907685381474,0.706335377572484,0.54196129193136,0.704187429249364,4.51461006572181,2.28097677171225,2.11314932390804,2.16307249752796
Case2_20dB,53.3394532641152,10.4228369014724,1.69900998415659,1.36374668383615,4.15699922799086,0.712159428549448,0.538737599445981,0.704177423220409,13.7194945132505,3.98288234547603,2.13347018310856,2.16311470627763
