Case,Pipe1_Standard,Pipe1_Chen,Pipe1_EKF_LE,Pipe1_AFEKF,Pipe5_Standard,Pipe5_Chen,Pipe5_EKF_LE,Pipe5_AFEKF,Flow_Standard,Flow_Chen,Flow_EKF_LE,Flow_AFEKF
Case1_Clean,1.27827430950087,1.16191389418506,1.07067799695903,1.16603258385388,0.740320610949109,0.704377314504879,0.566461150019815,0.714279414542647,2.28603906305615,2.22832930138175,2.18706195337716,2.23817149913873
Case2_10dB,16.3824743736749,2.4390326147283,1.14746294571078,1.19932232476563,0.912908046087587,0.718746384284438,0.568343781154589,0.720264922236568,4.71226774888361,2.31857421805368,2.16477720887192,2.21690205334975
Case2_20dB,51.3729116442785,8.66632066575663,1.58828544612845,1.1996083119823,2.24348973534772,0.704176475571828,0.576437634226016,0.720206340991287,13.1616207578449,3.80705234305741,2.19033281225237,2.21779839229207
