Case,Pipe1_Standard,Pipe1_Chen,Pipe1_EKF_LE,Pipe1_AFEKF,Pipe5_Standard,Pipe5_Chen,Pipe5_EKF_LE,Pipe5_AFEKF,Flow_Standard,Flow_Chen,Flow_EKF_LE,Flow_AFEKF
Case1_Clean,1.9220913273949,1.64660251993031,1.48563933264792,1.61507964946334,0.701941998160336,0.668556963171274,0.556237387455324,0.659019965339039,2.67880879706227,2.59758966659054,2.55094134760418,2.58968888211924
Case2_10dB,16.666427042287,2.4517281547971,1.50403624721192,1.56839251592483,2.05908132223419,0.693713091966209,0.565623709689476,0.673654018332791,5.12995267318716,2.91168568285055,2.75309872342306,2.79838759031753
Case2_20dB,52.234051958486,9.74234115598564,1.79131091632352,1.56763625884317,6.18375380997235,0.728493671534893,0.565238264450434,0.674522493205339,13.1842349943579,4.13880232090958,2.76412863313245,2.79836862245121
