Case,Pipe1_Standard,Pipe1_Chen,Pipe1_EKF_LE,Pipe1_AFEKF,Pipe5_Standard,Pipe5_Chen,Pipe5_EKF_LE,Pipe5_AFEKF,Flow_Standard,Flow_Chen,Flow_EKF_LE,Flow_AFEKF
Case1_Clean,1.24402895654955,1.08778001162675,0.991011158678269,1.10144426005702,0.822871172638382,0.777337670802786,0.607149025638493,0.788299673654081,2.01816243592025,1.96210405644036,1.91484789386331,1.97974770611866
Case2_10dB,15.7210625379995,2.299173859683,1.03952271179306,1.03246286442396,2.22937784256419,0.792881190291548,0.613862726355108,0.778735784859368,4.42384923907224,1.90511010696679,1.74217968264133,1.79829291199472
Case2_20dB,54.0590412965842,9.2893167129698,1.48571883626793,1.03205816927312,5.84426283926039,0.797232361274422,0.618894103946971,0.779246359544285,13.6868783398522,3.38687621149837,1.7674938315408,1.79439801723947
