Case,Pipe1_Standard,Pipe1_Chen,Pipe1_EKF_LE,Pipe1_AFEKF,Pipe5_Standard,Pipe5_Chen,Pipe5_EKF_LE,Pipe5_AFEKF,Flow_Standard,Flow_Chen,Flow_EKF_LE,Flow_AFEKF
Case1_Clean,1.5577975166227,1.38510549624788,1.32623855778457,1.40398750137546,0.790793693210901,0.748829090819431,0.592970313150507,0.761539916406723,2.1893157529894,2.12657414714828,2.04838196778043,2.11044345107155
Case2_10dB,16.9265144550428,2.42284893527003,1.37538335213715,1.45244393872603,0.832349420226862,0.785003250090974,0.612770812770077,0.785716478720668,4.89427851475164,2.2719325389838,2.05201745322472,2.11677645562703
Case2_20dB,56.1987334288241,8.9054794399087,1.82539360903839,1.4522618946203,1.30367841971857,0.781259855715936,0.616253320562285,0.786229082640713,14.2457075770654,3.52232276813182,2.09474616162168,2.11815091612793
