Case,Pipe1_Standard,Pipe1_Chen,Pipe1_EKF_LE,Pipe1_AFEKF,Pipe5_Standard,Pipe5_Chen,Pipe5_EKF_LE,Pipe5_AFEKF,Flow_Standard,Flow_Chen,Flow_EKF_LE,Flow_AFEKF
Case1_Clean,1.55286346020052,1.37773946545783,1.27506353863251,1.39216599094056,0.849539996027811,0.808123636863258,0.637163643676763,0.819960178756526,2.44039457818589,2.37078453275764,2.32602893300903,2.37671119142024
Case2_10dB,16.4546824179096,2.56829390116703,1.19934127744284,1.33265705813028,0.814124441619388,0.815822393026374,0.625326865558357,0.813302739240049,4.919846412634,2.65398555671017,2.50017538456266,2.54799682856213
Case2_20dB,49.6519612461015,6.73409250408157,1.74985492785963,1.33319168420392,5.81232808960583,0.82175193062239,0.645578301495696,0.810355956668239,12.6887096136443,3.84291086663237,2.51570474037294,2.54828885989867
