Case,Pipe1_Standard,Pipe1_Chen,Pipe1_EKF_LE,Pipe1_AFEKF,Pipe5_Standard,Pipe5_Chen,Pipe5_EKF_LE,Pipe5_AFEKF,Flow_Standard,Flow_Chen,Flow_EKF_LE,Flow_AFEKF
Case1_Clean,1.67455321973208,1.45927551812342,1.30645218440154,1.46741294777996,0.758935669266658,0.725518137468845,0.591811612294279,0.735958828504297,2.20095534325838,2.13145639270964,2.08040493845082,2.14962782799882
Case2_10dB,16.3461070401144,2.83250029397816,1.34026561907131,1.43679112156174,0.777804456764205,0.754201647675094,0.613637536197533,0.757695558192594,4.66673872674519,2.10247852054142,1.91708635434806,1.97694342818575
Case2_20dB,51.7161862719173,9.93518039863571,1.60254733837839,1.43607918307724,2.38581441020619,0.738472655760135,0.624899753720827,0.756460093259519,12.8877189864536,3.76658027025119,1.94614917836879,1.97577829946195
