Case,Pipe1_Standard,Pipe1_Chen,Pipe1_EKF_LE,Pipe1_AFEKF,Pipe5_Standard,Pipe5_Chen,Pipe5_EKF_LE,Pipe5_AFEKF,Flow_Standard,Flow_Chen,Flow_EKF_LE,Flow_AFEKF
Case1_Clean,1.63180467217895,1.474968289633,1.47844405551746,1.48486723449737,0.774083800836312,0.727095110711203,0.600318449127688,0.732855828199177,1.97651877002648,1.92160303660736,1.89899342633865,1.94828195662414
Case2_10dB,16.6258286629854,2.64539720448847,1.52648065761471,1.40062086766457,0.915590528536101,0.72794015671986,0.586874632121625,0.732810451292374,4.60311536344484,1.81844893484207,1.65750945777389,1.7004341645479
Case2_20dB,51.8736068051682,8.83332033052298,1.87644375159588,1.40101579759596,6.397240455957,0.73187829258532,0.607748402222088,0.735769958759315,13.1682413261281,3.1157629497571,1.6857623339883,1.70103463970402
