Case,Pipe1_Standard,Pipe1_Chen,Pipe1_EKF_LE,Pipe1_AFEKF,Pipe5_Standard,Pipe5_Chen,Pipe5_EKF_LE,Pipe5_AFEKF
Case1_Clean,1.16752098006632,1.16749223099122,1.17330089481498,1.18042790489464,0.487354923312431,0.487266060804722,0.488749183398351,0.498260178643973
Case2_10dB,9.37889322722346,1.0784095213519,1.13134707861608,1.11640863229989,5.83717243765869,0.486152194651051,0.479272719044736,0.472963773327141
Case2_20dB,37.0751894235336,1.59718242094374,1.37331521325089,1.11687975440781,2.13663966778155,0.479566197116334,0.470324422736217,0.472200797629983
Case3_Outlier_Leak,11.3786624469647,1.45955351354368,1.45997286709955,1.37029388686464,3.47002054767236,3.7500917543272,1.67701085593693,1.75108242226444
Case4_Pure_Leak,1.25763916170381,1.24321278239444,1.25308911344884,1.24593859186811,1.74743201037844,3.4970747881486,1.75346846731265,1.59447537951777
