Case,Pipe1_Standard,Pipe1_Chen,Pipe1_EKF_LE,Pipe1_AFEKF,Pipe5_Standard,Pipe5_Chen,Pipe5_EKF_LE,Pipe5_AFEKF
Case1_Clean,1.3254867379262,1.32545919301626,1.33950087801623,1.34446305100644,0.432274431499337,0.432192849866485,0.500112898694402,0.564770897297854
Case2_10dB,12.161463126265,1.53438286161535,1.56272743833486,1.47475292739132,3.13903635907976,0.469099648807124,0.505585443640924,0.465581096499502
Case2_20dB,34.9177264718016,1.64454649611382,1.71375398986508,1.46884658534324,8.56680767605158,0.479004073969707,0.600179670211698,0.507963286344773
Case3_Outlier_Leak,11.6921706836156,1.48080211020973,1.29331204310562,1.25727362109489,5.29580114440885,3.71557238968713,1.76574091976936,1.5907423207547
Case4_Pure_Leak,1.22956940656323,1.22280615311255,1.22965964025879,1.22838542957438,1.72090440031917,3.51963922915023,1.91448992877439,1.82857335754299
