Case,Pipe1_Standard,Pipe1_Chen,Pipe1_EKF_LE,Pipe1_AFEKF,Pipe5_Standard,Pipe5_Chen,Pipe5_EKF_LE,Pipe5_AFEKF
Case1_Clean,1.13501959786072,1.13497114322755,1.12279252275306,1.1469745432923,0.456960144128896,0.456859475345291,0.457793095953399,0.477455905335461
Case2_10dB,11.0359323051375,1.19068397445586,1.18097179058033,1.12159585624603,3.07988561222213,0.460085556780216,0.451642811175331,0.461003554994844
Case2_20dB,36.8124039132936,1.80668365397063,1.56952951280664,1.12178373529575,16.4436582020989,0.480025071288742,0.483016684037568,0.460943237802699
Case3_Outlier_Leak,10.2366586675182,1.21667421211147,1.2188040913841,1.21069248070352,6.21861462346575,3.81621876687041,1.72575214634742,1.53516838323774
Case4_Pure_Leak,0.982110372230056,0.952708694601775,1.00229419493496,0.969372661278902,1.61489529703722,3.51258853451546,1.52753293208237,1.43849743616096
