Case,Pipe1_Standard,Pipe1_Chen,Pipe1_EKF_LE,Pipe1_AFEKF,Pipe5_Standard,Pipe5_Chen,Pipe5_EKF_LE,Pipe5_AFEKF
Case1_Clean,1.23491564336286,1.23488146745702,1.21007837714928,1.24782460879154,0.469454573737688,0.469353046732998,0.48972571685671,0.545539740260592
Case2_10dB,14.9208463981525,1.3638334927539,1.34336427454451,1.36003054118356,5.43370412471466,0.491904919055483,0.473070255551555,0.485717889819043
Case2_20dB,36.1188479267974,1.51491315614299,1.61372377678126,1.36047162976937,5.82177367025034,0.492375765477873,0.534757578183543,0.489079344065133
Case3_Outlier_Leak,11.0350459526979,0.927265735524689,0.989847210953683,0.950783337112983,3.24872224691726,3.76306656377311,1.77268865574674,1.64437726118797
Case4_Pure_Leak,1.2778039349072,1.26818139018883,1.28185883376787,1.26887481158657,1.76026439121997,3.55967566338073,1.66240162372299,1.42704528370741
