Case,Pipe1_Standard,Pipe1_Chen,Pipe1_EKF_LE,Pipe1_AFEKF,Pipe5_Standard,Pipe5_Chen,Pipe5_EKF_LE,Pipe5_AFEKF
Case1_Clean,1.10522109543715,1.10511978899704,1.11762129849732,1.11045478027799,0.453016502725483,0.452918749568422,0.45891826034155,0.473108977231131
Case2_10dB,11.06707298515,1.25767260844863,1.22008507917943,1.19829380211574,2.89504613909663,0.470503145038417,0.50951088725928,0.464313708559217
Case2_20dB,30.4021620921723,1.47395492979442,1.46319187074264,1.19707659356883,1.69041808810045,0.475187626325877,0.462091530930917,0.485047710504973
Case3_Outlier_Leak,13.4614999067501,1.08978727495271,0.975906170758474,0.964034677823533,6.49332840927828,3.77864888445136,1.60281197343391,1.71899953475978
Case4_Pure_Leak,1.1488837771177,1.13041088939467,1.14391560126831,1.14583896145262,1.66896964734093,3.52027279525924,1.75557115188088,1.469116188141
