Case,Pipe1_Standard,Pipe1_Chen,Pipe1_EKF_LE,Pipe1_AFEKF,Pipe5_Standard,Pipe5_Chen,Pipe5_EKF_LE,Pipe5_AFEKF
Case1_Clean,1.07947111878651,1.07945046739249,1.08182368465904,1.08860831624565,0.428901068244478,0.428817980055624,0.471954406693416,0.532270057913644
Case2_10dB,11.8796072324886,1.08824766983849,1.09223944140859,1.05225115259399,5.87517402109045,0.465099678632224,0.513086607602678,0.445025919205152
Case2_20dB,47.6825219769033,1.72307894285177,1.25612806710275,1.04959931584294,14.9992371992921,0.492052491165964,0.57737543550603,0.444069811335039
Case3_Outlier_Leak,10.8141479918282,1.02403218452475,1.16153128072101,1.15506554591593,3.46102593219415,3.73879260123169,1.64452385693563,1.71794779110041
Case4_Pure_Leak,1.16017245801375,1.14688948608501,1.15818709751996,1.17220219967174,1.64980548899207,3.4802667952452,1.66218336454867,1.57661266020906
