Case,Pipe1_Standard,Pipe1_Chen,Pipe1_EKF_LE,Pipe1_AFEKF,Pipe5_Standard,Pipe5_Chen,Pipe5_EKF_LE,Pipe5_AFEKF
Case1_Clean,1.0543388835031,1.05431436090493,1.04724667384102,1.0547038661732,0.485637268485765,0.485548587991779,0.501683589902808,0.524977660885668
Case2_10dB,11.350171414999,1.09652385579345,1.15478913835684,1.09347033890566,2.78868147688804,0.497576551380881,0.478969307099467,0.491017879859989
Case2_20dB,32.9138720275976,1.54994486662232,1.48120074089367,1.09340861314702,16.1558026075402,0.505760500334407,0.530178003607327,0.490622955431552
Case3_Outlier_Leak,9.68252884105581,1.236323938439,1.18492936863191,1.20412771857044,4.41554151777711,3.82430626600661,1.73813034067189,1.82928634954547
Case4_Pure_Leak,0.976958589261788,0.955271377125157,0.971762860190297,0.985207721847172,1.71954307592212,3.52529276518808,1.82979746806302,1.54637123854527
