Case,Pipe1_Standard,Pipe1_Chen,Pipe1_EKF_LE,Pipe1_AFEKF,Pipe5_Standard,Pipe5_Chen,Pipe5_EKF_LE,Pipe5_AFEKF
Case1_Clean,1.28672712980427,1.28669805532767,1.36412556935857,1.35630500775496,0.494462224350514,0.494360322039333,0.55363125146924,0.613177330615065
Case2_10dB,10.4982555264925,1.3723541619688,1.50845008897548,1.44581720218987,0.514358911854825,0.507353059455344,0.480930174382341,0.516374029207545
Case2_20dB,30.4421812671282,1.44740127015228,1.6356714376619,1.44626820001247,8.76541234662973,0.510909128665638,0.616856665426435,0.543770006280019
Case3_Outlier_Leak,10.3444089350637,1.12449280965141,1.16468572431718,1.15346034308686,5.96816351302696,3.75989822449732,1.57975650877179,1.48939062069082
Case4_Pure_Leak,1.06741290190214,1.05660756195057,1.06624024185857,1.06105680239581,1.63281654468759,3.53805002090441,1.66506084590468,1.2780817080644
