Case,Pipe1_Standard,Pipe1_Chen,Pipe1_EKF_LE,Pipe1_AFEKF,Pipe5_Standard,Pipe5_Chen,Pipe5_EKF_LE,Pipe5_AFEKF
Case1_Clean,1.1877878576113,1.18776142174339,1.22624356584098,1.19657658894317,0.449188970188231,0.449101465503759,0.458049468620361,0.478054139031193
Case2_10dB,13.4895035040661,1.25347933975471,1.23234671066898,1.17146001784236,2.54133276119338,0.466730298347588,0.639791334734284,0.586538235464413
Case2_20dB,44.9828275581028,1.48047424286436,1.52856616132493,1.1713219162444,10.3218306220841,0.465577181719979,0.878230485449781,0.610989968300682
Case3_Outlier_Leak,10.6634186476922,1.37452396114156,1.38477208996513,1.37212533169674,5.83906598743941,3.77720788203541,1.43664866200467,1.24749032546016
Case4_Pure_Leak,1.16521385512104,1.14777570558193,1.16537656383357,1.17413435721211,1.75068638085826,3.49643287359938,1.60887030935921,1.3872979303876
