Case,Pipe1_Standard,Pipe1_Chen,Pipe1_EKF_LE,Pipe1_AFEKF,Pipe5_Standard,Pipe5_Chen,Pipe5_EKF_LE,Pipe5_AFEKF
Case1_Clean,1.35971856922073,1.35969077924805,1.36859682925999,1.36711633994564,0.503209808523905,0.503105062120768,0.502996631714127,0.511715283022363
Case2_10dB,12.4931288840528,1.32309080398223,1.37915073420997,1.34811900383449,5.23700392240362,0.539808488980043,0.549085923742876,0.616246639299317
Case2_20dB,41.8934256119175,1.77464954962037,1.7056041517389,1.34748913319059,18.2609953104687,0.530123515049018,0.545505446798627,0.587062242232736
Case3_Outlier_Leak,10.1927817154549,1.29478027684542,1.25847502777991,1.19120525198321,3.96342887502237,3.81266108001129,1.7955097360192,1.91148146806221
Case4_Pure_Leak,1.1018976230734,1.08915609731826,1.08039864707108,1.09471220003126,1.71161249048003,3.486199515854,1.57477586734428,1.26878642623357
