Case,Pipe1_Standard,Pipe1_Chen,Pipe1_EKF_LE,Pipe1_AFEKF,Pipe5_Standard,Pipe5_Chen,Pipe5_EKF_LE,Pipe5_AFEKF
Case1_Clean,1.12314476120912,1.12311792210152,1.12582400934546,1.13844669782137,0.421170772604256,0.421102398639264,0.421940887280272,0.425742526825731
Case2_10dB,11.7538789242988,1.16121929290298,1.19169280637207,1.2134426249855,5.34336848253976,0.420452866146881,0.393948114356645,0.402165329769888
Case2_20dB,48.8443843355474,1.71189190426249,1.41402112719052,1.21312924319625,16.5392822286184,0.459297728425582,0.655671205858728,0.402372349164388
Case3_Outlier_Leak,10.2052589283583,1.30601791211977,1.24201227595544,1.2077105951583,6.43134620297749,3.81831674747766,1.80372258313358,1.66121363882965
Case4_Pure_Leak,1.15353350041578,1.12493930909119,1.17785247623137,1.14984788339455,1.72929947134024,3.5043002878197,1.81615929441554,1.55226725456183
