Case,Pipe1_Standard,Pipe1_Chen,Pipe1_EKF_LE,Pipe1_AFEKF,Pipe5_Standard,Pipe5_Chen,Pipe5_EKF_LE,Pipe5_AFEKF
Case1_Clean,0.95895266519271,0.95892251072326,0.928440719474999,0.979231327427264,0.489040157149379,0.488946407269879,0.508746261805089,0.671224981028662
Case2_10dB,9.49225331631865,1.04895703322932,0.945949376556292,0.939379236309802,3.77094667346388,0.48722586888837,0.489565215127483,0.512938567009158
Case2_20dB,35.0342265510649,1.4995498856526,1.24895436528684,0.939294275391774,8.32868578366735,0.481488649211996,0.514105851521185,0.524365573390618
Case3_Outlier_Leak,10.5970281880437,1.22315331819655,1.29029308315256,1.19409224216213,3.80451993517715,3.7019589804991,1.7921814210195,1.59114772740696
Case4_Pure_Leak,1.02367834010059,0.993618659661411,1.05527540423458,1.02234834514488,1.70335146190148,3.51910448615361,1.83968198797824,1.85795941274196
