Case,Pipe1_Standard,Pipe1_Chen,Pipe1_EKF_LE,Pipe1_AFEKF,Pipe5_Standard,Pipe5_Chen,Pipe5_EKF_LE,Pipe5_AFEKF
Case1_Clean,1.30749946917862,1.30747178728213,1.32811022050003,1.33126720369378,0.41912567802772,0.419029992861475,0.42168926802936,0.429626386518858
Case2_10dB,12.7076195333726,1.47034075341031,1.45724686311424,1.37927820865221,2.96416819371204,0.468687539360593,0.461320127246768,0.472332634876783
Case2_20dB,35.4230583448698,1.84901524114839,1.76382004259105,1.37934811651852,8.45250226891277,0.473442578858315,0.555924755944827,0.478901460505766
Case3_Outlier_Leak,10.1721299432347,1.36095190755797,1.25913978004589,1.20389803789645,6.32189293122978,3.77720119234494,1.825958523359,1.58436039457113
Case4_Pure_Leak,1.05265913611395,1.03748700150556,1.11442496829788,1.07950129308485,1.70764874621453,3.49603263173077,2.00510395815226,1.7725884362062
