Case,Pipe1_Standard,Pipe1_Chen,Pipe1_EKF_LE,Pipe1_AFEKF,Pipe5_Standard,Pipe5_Chen,Pipe5_EKF_LE,Pipe5_AFEKF
Case1_Clean,1.41141328500848,1.41139313526915,1.53052431915143,1.47754888249554,0.472009650695351,0.471914757211752,0.511313075113973,0.547594580347701
Case2_10dB,9.63608266244767,1.13727260661516,1.38064609147312,1.30522903553127,3.36726200045146,0.450124284604297,0.496149042354711,0.539795412909616
Case2_20dB,38.9058915694817,1.68334686719005,1.74885839206886,1.30566039149844,5.9527879151864,0.455593948690795,0.482448089558476,0.469225854379661
Case3_Outlier_Leak,13.6138655601009,1.32534316472524,1.29721066003943,1.25423106684758,3.75667517232552,3.75359526015906,1.34172020161188,1.16782614408317
Case4_Pure_Leak,1.42656582391135,1.41040446242234,1.44246698553786,1.43068991615732,1.65368785705204,3.52052803020631,1.80069624577268,1.76396119982292
