Case,Pipe1_Standard,Pipe1_Chen,Pipe1_EKF_LE,Pipe1_AFEKF,Pipe5_Standard,Pipe5_Chen,Pipe5_EKF_LE,Pipe5_AFEKF
Case1_Clean,1.21391546683638,1.21388234575225,1.23084840551985,1.2243026489956,0.441984201910603,0.441908870653904,0.491391657076293,0.530206911052863
Case2_10dB,17.1165870238389,1.38704118793385,1.33688240517667,1.30233721538282,2.63655437483123,0.474472049915909,0.480749689097151,0.48983497571915
Case2_20dB,43.5594830181985,1.54626275245135,1.55471850387862,1.30159366947245,7.78103638327083,0.487340477916334,0.652081283161108,0.490026860117482
Case3_Outlier_Leak,10.320950593788,1.20658450101951,1.19959612723632,1.2104306642103,3.73156275106086,3.79489486781895,1.7150811690677,1.52486246200245
Case4_Pure_Leak,1.10866027819991,1.08127390002817,1.05534944033921,1.0581212264765,1.66987684320544,3.52405244020949,1.62521166679187,1.47302914525577
