Case,Pipe1_Standard,Pipe1_Chen,Pipe1_EKF_LE,Pipe1_AFEKF,Pipe5_Standard,Pipe5_Chen,Pipe5_EKF_LE,Pipe5_AFEKF
Case1_Clean,1.3217126766728,1.32168907161461,1.3346252923155,1.32762639518584,0.416104460719358,0.416045416580362,0.40539950880141,0.419402727893737
Case2_10dB,9.92967482279616,1.13029750937268,1.15715522334007,1.16571316156139,3.29880201742784,0.439124840978989,0.437499190813879,0.443842712524072
Case2_20dB,34.1459984697307,1.55073151676502,1.41017081520741,1.16549513478946,8.69061991676088,0.433372229044508,0.518778097663005,0.446082252102762
Case3_Outlier_Leak,11.3063408124505,1.02852026724628,1.09030475723997,1.03726080812496,4.11655938680996,3.71334115371778,1.8692733980309,1.80961410745403
Case4_Pure_Leak,1.40698465229311,1.3851218852561,1.42288795334917,1.41389755498607,1.71549229085303,3.52736861543002,1.84855881991104,1.65591169625665
