Case,Pipe1_Standard,Pipe1_Chen,Pipe1_EKF_LE,Pipe1_AFEKF,Pipe5_Standard,Pipe5_Chen,Pipe5_EKF_LE,Pipe5_AFEKF
Case1_Clean,1.09663879918707,1.09661969937122,1.11641539155731,1.09866569976729,0.434924776846182,0.434856995142729,0.467976424153486,0.504244113426605
Case2_10dB,11.3152847695699,1.21188202160247,1.22533476272434,1.18768499214946,2.92969410578387,0.453468521684013,0.485467497043532,0.50436830141131
Case2_20dB,32.9320713317988,1.41195133921865,1.38620362970945,1.1876787144201,2.21409848087718,0.468944240249037,0.562340410146843,0.464821156499658
Case3_Outlier_Leak,10.4032679662276,1.00404831699409,0.968566167930044,0.956504433484985,5.9577196237351,3.79787074611072,1.8382663962243,1.72981512507305
Case4_Pure_Leak,1.12818262938664,1.11091117459415,1.25224962273798,1.18726499859627,1.67951885369057,3.49309045914823,1.70995530787744,1.44295559222609
