Case,Pipe1_Standard,Pipe1_Chen,Pipe1_EKF_LE,Pipe1_AFEKF,Pipe5_Standard,Pipe5_Chen,Pipe5_EKF_LE,Pipe5_AFEKF
Case1_Clean,1.27562858637967,1.27559718066145,1.31700265359241,1.30067864291197,0.457494396952733,0.457402113516536,0.455544184604863,0.466004812941216
Case2_10dB,10.8075978445894,1.28460005648371,1.41480217863109,1.37559175305372,0.935005397418833,0.458973634732311,0.452370155148356,0.470469030137432
Case2_20dB,37.8386831122572,1.54856140528099,1.67069445572763,1.37560150661795,11.2249860196785,0.462569559365384,0.468453555079107,0.4707956622524
Case3_Outlier_Leak,9.78412681922302,1.27002288762997,1.39359647061353,1.33666372258493,1.79381191253389,3.81904849620521,1.67780191984642,1.94428270593637
Case4_Pure_Leak,1.49645840211707,1.47758342635521,1.51483024128089,1.49758759237826,1.69296874733401,3.53911712692499,1.51176223413804,1.25960492036789
