Case,Pipe1_Standard,Pipe1_Chen,Pipe1_EKF_LE,Pipe1_AFEKF,Pipe5_Standard,Pipe5_Chen,Pipe5_EKF_LE,Pipe5_AFEKF
Case1_Clean,0.965101149963085,0.965071340455689,0.957661310859426,0.965801607716817,0.428780978363207,0.428708676468838,0.432411930471976,0.474282186663312
Case2_10dB,10.0297138849199,0.900278222253611,0.95807383843957,0.942986888732961,3.08438775839493,0.429763457302947,0.516416763701199,0.609214833903308
Case2_20dB,40.1088131155995,1.19138815355295,1.23712004664118,0.943177411466779,16.5294532023777,0.448211269323609,1.01093548308962,0.486527337801412
Case3_Outlier_Leak,12.0932230872919,1.09642259673052,1.15829573160608,1.0883067195897,2.01844809415552,3.79993133465092,1.73324965224767,2.09912171706815
Case4_Pure_Leak,1.44686120387909,1.43027474504658,1.44661154162217,1.44834350351648,1.776508585513,3.52906018965929,2.11062126295174,2.09688407782658
