Case,Pipe1_Standard,Pipe1_Chen,Pipe1_EKF_LE,Pipe1_AFEKF,Pipe5_Standard,Pipe5_Chen,Pipe5_EKF_LE,Pipe5_AFEKF
Case1_Clean,1.014786769128,1.01473754258331,1.03669366177062,1.02458537873318,0.409120219347212,0.409041134195949,0.413754827960195,0.425489247619917
Case2_10dB,8.28800038626276,0.983578766491694,1.04508583697596,1.0284831239697,5.21062725459522,0.447182372809549,0.444723509769815,0.442273969300313
Case2_20dB,32.7986977203464,1.38943020772534,1.3715545237762,1.02772381281963,7.29455245211346,0.448601891110241,0.518471879266748,0.442679895890595
Case3_Outlier_Leak,9.66250257355076,1.59006381054562,1.56246125031722,1.57512611379226,1.79981098806986,3.79410268879021,1.40437581538264,1.3247447236288
Case4_Pure_Leak,1.19386154110558,1.18591631266707,1.17353406669859,1.18599122208672,1.6833512592217,3.51290582121299,1.50352735423058,1.33466024319935
