Case,Pipe1_Standard,Pipe1_Chen,Pipe1_EKF_LE,Pipe1_AFEKF,Pipe5_Standard,Pipe5_Chen,Pipe5_EKF_LE,Pipe5_AFEKF
Case1_Clean,1.15678916602571,1.15676442345848,1.16109433189342,1.14833966332159,0.423889743372763,0.423808552717793,0.455441427423994,0.506042388630656
Case2_10dB,13.0279681444049,1.25878416568607,1.2836033635103,1.17309203351423,3.03649018429171,0.451157720911474,0.474141085065286,0.487087513537722
Case2_20dB,33.1024426816443,1.36124301650901,1.40430551165388,1.17490031492837,14.6696338839073,0.451198274711264,0.768298831479534,0.459109309658776
Case3_Outlier_Leak,10.2429258170231,1.28101026976953,1.34338024397731,1.28021260586455,3.4528563893887,3.76253803211725,1.50218148321572,1.43073446086795
Case4_Pure_Leak,0.982802113139151,0.973180648677191,0.982035476602671,1.00017616590901,1.66647444978409,3.58242470272945,1.8550682217409,1.53421927638117
