Case,Pipe1_Standard,Pipe1_Chen,Pipe1_EKF_LE,Pipe1_AFEKF,Pipe5_Standard,Pipe5_Chen,Pipe5_EKF_LE,Pipe5_AFEKF
Case1_Clean,1.27745860494691,1.27742829622865,1.32595226424344,1.30178521527295,0.447183752812755,0.447098134373224,0.456098606240198,0.470297631967853
Case2_10dB,13.5269449598634,1.48855392250869,1.47819080976643,1.38001931341111,3.65602336723849,0.451224515388273,0.478533354542119,0.524746343206703
Case2_20dB,43.1918383706382,1.75461924348854,1.75281462977822,1.37996418819449,11.9069034284568,0.464826903219322,0.79759291562203,0.553213717326966
Case3_Outlier_Leak,10.8549254762881,1.05745095725333,0.995254251674919,1.02804171120017,5.86629399344759,3.73077028815166,1.90261724278847,1.80582415238083
Case4_Pure_Leak,1.12699405336823,1.0916972800241,1.12424294353632,1.13450507121081,1.70585810096078,3.51567615594323,1.74771327470399,1.56093573162814
