Case,Pipe1_Standard,Pipe1_Chen,Pipe1_EKF_LE,Pipe1_AFEKF,Pipe5_Standard,Pipe5_Chen,Pipe5_EKF_LE,Pipe5_AFEKF
Case1_Clean,1.22041795735259,1.22040115061689,1.28356521020138,1.24196421477657,0.449934561475873,0.449833048066202,0.43501343470976,0.45679765129334
Case2_10dB,10.8217308983071,1.19380183522654,1.2710881710531,1.19371662721404,5.7802245787099,0.433336967324385,0.412087066663326,0.442107514011932
Case2_20dB,36.29667806107,1.68392387057835,1.59813818334667,1.19397690563141,8.97325110756393,0.443875613843051,0.411180614384445,0.443422907360695
Case3_Outlier_Leak,9.55204856259688,1.233104871711,1.22937356640374,1.21549498861699,6.40813816045644,3.79036238297669,1.8390366086941,1.6739117668547
Case4_Pure_Leak,1.0574227056588,1.05571967203846,1.04404970610947,1.07148347655304,1.7353700569215,3.44796180485772,1.72924524706672,1.56670594376969
