Case,Pipe1_Standard,Pipe1_Chen,Pipe1_EKF_LE,Pipe1_AFEKF,Pipe5_Standard,Pipe5_Chen,Pipe5_EKF_LE,Pipe5_AFEKF
Case1_Clean,1.27924013882378,1.27920456763554,1.26617077580995,1.27330207638776,0.395129633358142,0.395055112756208,0.393888880373938,0.402887829324774
Case2_10dB,11.845522145975,1.11021809540697,1.21101396866083,1.22973668340651,3.2413002517735,0.375189742957876,0.355374294512586,0.408844278695436
Case2_20dB,31.1985208773753,1.22953554375286,1.33803426982855,1.22942900106809,16.1305970551896,0.385196212671723,0.397272307031939,0.395575739334351
Case3_Outlier_Leak,9.33420030960193,1.23257708993685,1.40269572385288,1.2201837503063,4.01451444055808,3.73791258429321,1.68198494076717,1.57518948649976
Case4_Pure_Leak,1.0269466463976,1.00279881200611,1.0087897356517,1.00836154254,1.69096792139237,3.49038979198599,1.38116299952419,1.10591644568945
