Case,Pipe1_Standard,Pipe1_Chen,Pipe1_EKF_LE,Pipe1_AFEKF,Pipe5_Standard,Pipe5_Chen,Pipe5_EKF_LE,Pipe5_AFEKF
Case1_Clean,1.20267195678398,1.20262854746508,1.27651003276656,1.24074616989885,0.464190039850172,0.464111672822526,0.464965992524947,0.469904918112749
Case2_10dB,14.7999512627711,1.20222084363678,1.32891882003708,1.21335377379873,3.59164451221457,0.434647442991322,0.449957132977982,0.441510213689979
Case2_20dB,33.9101081257857,1.46411109251302,1.6882586484405,1.21293500208383,17.7136123130586,0.422654761744184,0.487720910908331,0.441476369239977
Case3_Outlier_Leak,11.733716450783,1.35560524973905,1.35266993566308,1.37618859106816,4.32696705741895,3.79359616302092,1.77764504360182,2.16147039828015
Case4_Pure_Leak,1.2999057563788,1.29062147084904,1.43937963039898,1.27622293705414,1.74906834224085,3.49062621653202,1.68977881787166,1.35623628951444
