Case,Pipe1_Standard,Pipe1_Chen,Pipe1_EKF_LE,Pipe1_AFEKF,Pipe5_Standard,Pipe5_Chen,Pipe5_EKF_LE,Pipe5_AFEKF
Case1_Clean,1.1981136094824,1.19808239922746,1.19452304355379,1.21539670907144,0.455741282532946,0.455660740653895,0.487662800393759,0.520677761196915
Case2_10dB,11.7329064887335,1.37273495394743,1.21179433037705,1.23461114216811,2.49763379862365,0.474494999078404,0.564491376024794,0.614993252682462
Case2_20dB,31.6605015817887,1.40726011799656,1.24742374163269,1.22808595115943,9.0914553028331,0.470366118082979,0.665382975804255,0.63789433704621
Case3_Outlier_Leak,10.7900908789426,1.28180431104757,1.13349726303043,1.08195611938409,1.88912768718605,3.75938457872916,1.90908400296365,1.81086960261853
Case4_Pure_Leak,1.17926288524948,1.1560476355986,1.2201711521476,1.20431396572768,1.78172618142962,3.46995953620331,2.00141459918856,1.72652110627787
