Case,Pipe1_Standard,Pipe1_Chen,Pipe1_EKF_LE,Pipe1_AFEKF,Pipe5_Standard,Pipe5_Chen,Pipe5_EKF_LE,Pipe5_AFEKF
Case1_Clean,1.16029260673572,1.16025992941068,1.20043657943426,1.17969653273378,0.534063550141393,0.533912007455849,0.544269285966251,0.575128760450405
Case2_10dB,14.2122457559779,1.20708473267588,1.22864672099446,1.22471510992495,0.698227229574425,0.554244213972538,0.538643719125374,0.552583432004677
Case2_20dB,32.3719720425133,1.82254127815958,1.62210007588724,1.22511336881369,9.34456654505945,0.548504525810723,0.589049038398512,0.552480156208293
Case3_Outlier_Leak,10.1897116031164,1.34626592971156,1.45335103380836,1.38014066264802,3.73483491651515,3.73329555795543,1.86415143435389,1.81545435281591
Case4_Pure_Leak,1.30765334060534,1.27914553108105,1.35000881069868,1.29704966208705,1.69924821583369,3.55280012663532,1.60233128337075,1.44248858298575
