Case,Pipe1_Standard,Pipe1_Chen,Pipe1_EKF_LE,Pipe1_AFEKF,Pipe5_Standard,Pipe5_Chen,Pipe5_EKF_LE,Pipe5_AFEKF
Case1_Clean,1.15645103655852,1.1564151872115,1.18453306457128,1.16921242291039,0.492257225834772,0.492161952383626,0.50841230310722,0.536211548818535
Case2_10dB,10.3153668427217,1.12194878465444,1.19842002539826,1.1244697068167,3.10383618606233,0.526217235214727,0.56219190300835,0.668420133487898
Case2_20dB,28.6015335299226,1.34532955996559,1.39553898874117,1.12438329688262,15.617892732911,0.561941290092599,0.679340910649788,0.663124511986737
Case3_Outlier_Leak,10.2448373476369,1.11472100122911,1.04283715156527,1.04375364385585,3.29144475769484,3.75301367382716,1.76827517917416,1.7061387945331
Case4_Pure_Leak,1.19070336765553,1.17935728884176,1.17094291969755,1.17154617047331,1.69365411423137,3.48277503875557,1.76132296741847,1.62870026385298
