Case,Pipe1_Standard,Pipe1_Chen,Pipe1_EKF_LE,Pipe1_AFEKF,Pipe5_Standard,Pipe5_Chen,Pipe5_EKF_LE,Pipe5_AFEKF
Case1_Clean,1.24301894772641,1.2429877206187,1.33313984265717,1.29446857770537,0.456903464851794,0.456814230709307,0.540544328903358,0.622102290894715
Case2_10dB,14.1631350013534,1.4265399791845,1.50189992789415,1.4107721194113,2.75361362008931,0.448943971008268,0.477954487346717,0.480399149473659
Case2_20dB,53.5892911154336,1.84761899048681,1.74719893444705,1.42017046145157,9.39167105820672,0.44972825004052,0.614549319232085,0.507988097914479
Case3_Outlier_Leak,11.3930987407406,1.36827413343836,1.35192978192765,1.2651925701009,3.38264113390226,3.7623484381229,1.66541528693828,1.43890606732758
Case4_Pure_Leak,1.24401157861977,1.22638534011475,1.22482249985098,1.22979998467893,1.7439005369636,3.426258360429,1.78988479004836,1.60173630699236
