Case,Pipe1_Standard,Pipe1_Chen,Pipe1_EKF_LE,Pipe1_AFEKF,Pipe5_Standard,Pipe5_Chen,Pipe5_EKF_LE,Pipe5_AFEKF
Case1_Clean,1.41444479043696,1.41442955861453,1.46273008265618,1.43617377067291,0.414748074005439,0.414665003618813,0.438993739293695,0.505731078899404
Case2_10dB,12.3248234216553,1.44086654515594,1.42722973961131,1.32850573648014,3.08627135916289,0.364642031400336,0.362894277413254,0.364400201404614
Case2_20dB,40.2104785161877,1.73659244789522,1.46301862797483,1.32832176396634,14.5450100135325,0.37189537542908,0.653049370318909,0.364079581169955
Case3_Outlier_Leak,11.5575810925511,1.18002621578799,1.19283002231304,1.10742987149133,1.87040757649387,3.76930670648539,1.67110995001857,1.55357241007339
Case4_Pure_Leak,1.05585615921604,1.03962323769141,1.06617066608816,1.04373971226583,1.79271800324782,3.47901287681358,1.74116670713476,1.55286911344316
