Case,Pipe1_Standard,Pipe1_Chen,Pipe1_EKF_LE,Pipe1_AFEKF,Pipe5_Standard,Pipe5_Chen,Pipe5_EKF_LE,Pipe5_AFEKF
Case1_Clean,1.35858933464902,1.35856067562497,1.3889936315115,1.38997102343799,0.416590920850378,0.416526096114754,0.411904574681452,0.416429086893145
Case2_10dB,14.9829965290117,1.38478865341908,1.4312564325128,1.42855449295021,5.75370504075985,0.402620197804941,0.416834654551684,0.408600005959185
Case2_20dB,53.9955799028229,1.968652152872,1.72304224560543,1.42893283208627,9.68968271285626,0.408071154096628,0.482479515593661,0.408445656586644
Case3_Outlier_Leak,11.4277987163311,1.26395266329383,1.12638721347746,1.01669430890694,3.32544178622459,3.78454819173328,1.66819071409219,1.81464513101109
Case4_Pure_Leak,1.37221324128446,1.35999814658236,1.35957019096836,1.35169361250045,1.75418971422317,3.49349206774269,1.60086318538105,1.24866820692154
