Case,Pipe1_Standard,Pipe1_Chen,Pipe1_EKF_LE,Pipe1_AFEKF,Pipe5_Standard,Pipe5_Chen,Pipe5_EKF_LE,Pipe5_AFEKF
Case1_Clean,1.2869585249174,1.28693081343034,1.4114046621304,1.35523605818728,0.452541215544859,0.45244333317167,0.58520534570435,0.717070898273731
Case2_10dB,16.1081875264863,1.24428991690274,1.46557169466852,1.38088750775598,3.1788160283172,0.457098900143536,0.537015965451057,0.590432423017358
Case2_20dB,30.5174116887725,1.46617366714096,1.68969183188408,1.38086424210645,18.7459374071743,0.45409980783844,0.49326239911464,0.603741247984223
Case3_Outlier_Leak,10.4191024224997,1.30105705482935,1.2220321612426,1.19008908632244,4.04484585491426,3.78422826047299,1.34816899249762,1.0884366982375
Case4_Pure_Leak,1.07252604667667,1.05205854097962,1.07639672940259,1.05800492106082,1.63428072418457,3.51577791900319,1.74231357532893,1.49266181340079
