Case,Pipe1_Standard,Pipe1_Chen,Pipe1_EKF_LE,Pipe1_AFEKF,Pipe5_Standard,Pipe5_Chen,Pipe5_EKF_LE,Pipe5_AFEKF
Case1_Clean,1.21198479305707,1.21194852430095,1.20946352939777,1.21837123651158,0.458573679286172,0.458506237574297,0.489576599015519,0.536048151797692
Case2_10dB,10.9624789896875,1.3227700925734,1.29975994036702,1.22868311986941,3.06364575881816,0.467602138612916,0.477753615196208,0.518630512134658
Case2_20dB,37.3834724696937,1.6496958919394,1.63513850508744,1.22882736429417,1.41115101919504,0.46932150362865,0.500042466122191,0.522823418725437
Case3_Outlier_Leak,10.8121685620621,1.26936474563767,1.21084258780848,1.19809091982356,5.79201317418095,3.79650080145288,1.42794127730339,1.24828776579859
Case4_Pure_Leak,1.02104634794408,1.00110131131336,1.05556353594912,1.04687786918163,1.79200328814506,3.45264616233697,1.84055562599495,1.52756790048836
