Case,Pipe1_Standard,Pipe1_Chen,Pipe1_EKF_LE,Pipe1_AFEKF,Pipe5_Standard,Pipe5_Chen,Pipe5_EKF_LE,Pipe5_AFEKF
Case1_Clean,1.25803289331475,1.25800095464419,1.25068536649395,1.27651320219883,0.379959925106947,0.379884468699097,0.377922715951925,0.384786349335482
Case2_10dB,11.8344754509071,1.3804739066904,1.29661609327967,1.28032318876349,2.60415964955887,0.377182997710026,0.372667974184974,0.400471347851423
Case2_20dB,33.2814638903324,1.80033570901306,1.6298368356555,1.28253535885327,1.28848117702825,0.377891844238737,0.442555955383404,0.399088223738009
Case3_Outlier_Leak,10.6590837021336,1.04411816370654,1.20678357363678,1.14605764585315,1.88224931534457,3.75099022882091,1.93259585885764,1.75540929949893
Case4_Pure_Leak,1.23539217994858,1.20661294818269,1.23806928123242,1.22784957777922,1.76217198986926,3.50873669636304,1.99705216553225,1.75389828171626
