Case,Pipe1_Standard,Pipe1_Chen,Pipe1_EKF_LE,Pipe1_AFEKF,Pipe5_Standard,Pipe5_Chen,Pipe5_EKF_LE,Pipe5_AFEKF
Case1_Clean,1.22385175340721,1.22382107120224,1.27885144032271,1.26650648296191,0.402447209250992,0.402372274306829,0.403997627624583,0.411205725906624
Case2_10dB,11.6421961790279,1.427432163286,1.42518896511763,1.3029802481216,0.983603806914525,0.42791699336059,0.429150375789806,0.453073287007572
Case2_20dB,29.2168169162623,1.53873829385992,1.61852756259734,1.3033466315578,2.01297549018515,0.429117570891874,0.49169043688935,0.451071840021843
Case3_Outlier_Leak,10.8239632495137,1.47905919143419,1.55818346787651,1.50151063738931,1.89723582638938,3.71273295991788,1.89386432460028,1.66080218984918
Case4_Pure_Leak,1.07107298136807,1.05375166876566,1.09828338181015,1.06683015071046,1.71079144450121,3.52619564424547,1.77010236506395,1.41404737934651
