Case,Pipe1_Standard,Pipe1_Chen,Pipe1_EKF_LE,Pipe1_AFEKF,Pipe5_Standard,Pipe5_Chen,Pipe5_EKF_LE,Pipe5_AFEKF
Case1_Clean,1.10955983837312,1.10952872025072,1.10170790559627,1.11667504993382,0.463245998640169,0.463146193145237,0.465219333663238,0.472837245457594
Case2_10dB,10.9867161341829,1.0301508823319,1.13693151600672,1.0945109007291,6.03218006811997,0.480360383095583,0.512103467519949,0.493722405551933
Case2_20dB,33.848797374691,1.29826347192389,1.45798235473241,1.09450199781565,8.69554876290101,0.480783134501824,0.627814699731872,0.493861482870738
Case3_Outlier_Leak,12.9537675086051,1.23618976975483,1.15775915718428,1.13439902098174,5.7961881016196,3.82554462746651,2.00887493316033,2.4599584000335
Case4_Pure_Leak,1.11148150014354,1.09156522378893,1.21346099387991,1.18865403368887,1.67579015331687,3.49523707751334,1.85338753729452,1.71191454039657
