Case,Pipe1_Standard,Pipe1_Chen,Pipe1_EKF_LE,Pipe1_AFEKF,Pipe5_Standard,Pipe5_Chen,Pipe5_EKF_LE,Pipe5_AFEKF
Case1_Clean,1.0745026238382,1.07445932688353,1.06814682220321,1.09891889600978,0.449171012153444,0.449082270316955,0.512461339751964,0.635931508354854
Case2_10dB,10.718643663305,1.118714967019,1.0476049191339,1.04032859026622,0.625265629367256,0.466682267676383,0.44703646457566,0.464545935443028
Case2_20dB,58.0555984219246,1.79490460600804,1.3933996468328,1.04030242968209,1.9646509063238,0.468962590688824,0.462487928225966,0.464515044263711
Case3_Outlier_Leak,11.0788305603452,1.10727837923975,1.06038175452655,1.08653918700344,3.21815858793952,3.74542419797669,1.73181668245159,1.64818074143674
Case4_Pure_Leak,1.3102591231387,1.2828854175442,1.29090957510178,1.30112416626935,1.72559438098583,3.50817548237904,2.02895936951903,1.78132273139445
