Case,Pipe1_Standard,Pipe1_Chen,Pipe1_EKF_LE,Pipe1_AFEKF,Pipe5_Standard,Pipe5_Chen,Pipe5_EKF_LE,Pipe5_AFEKF
Case1_Clean,1.09460923466914,1.09457339870304,1.07360200975276,1.08054458968577,0.490492204917453,0.490411798812571,0.491678134251741,0.49896370309583
Case2_10dB,10.3760728790236,1.21222365313117,1.14786098463826,1.12822121170759,0.851316169575055,0.507758410438165,0.51942320641363,0.556110798951964
Case2_20dB,36.0937715051909,1.4701616303757,1.37958263435228,1.12778229063834,10.9200037902056,0.531273067968039,0.540555064728417,0.52867692227337
Case3_Outlier_Leak,8.54990715905626,1.28484567858415,1.26607083365131,1.28027010219341,5.91249441513176,3.74214188342629,1.48275506668078,1.27355654383335
Case4_Pure_Leak,1.50376363549651,1.49301505090302,1.561413103194,1.51882334267138,1.77900003914175,3.45585709659413,1.83048255586989,1.52189797843547
