Case,Pipe1_Standard,Pipe1_Chen,Pipe1_EKF_LE,Pipe1_AFEKF,Pipe5_Standard,Pipe5_Chen,Pipe5_EKF_LE,Pipe5_AFEKF
Case1_Clean,1.41659882343743,1.12160645359835,1.22165143785404,1.18586306107836,0.674627308107895,0.437080558062251,0.437070244223497,0.443644548633147
Case2_10dB,16.6606323407992,1.14870754633734,1.20879935688853,1.14464470153806,1.33625426019981,0.456605317868414,0.513677642380071,0.512726055330443
Case2_20dB,55.9116378201909,1.43124697533702,1.48034682730717,1.14956742165404,3.35522406313148,0.458558734745861,0.574098733186204,0.524279918182534
Case3_Outlier_Leak,16.962784220654,1.02906719582562,1.0867913041918,1.10456777867211,1.30175106644183,3.76364178727156,1.72642149768756,1.49393806479143
Case4_Pure_Leak,1.61917969941016,1.29401022845172,1.31462174012126,1.31781324580836,0.846001757843628,3.45263573767633,2.02134569198324,1.83024073999008
