Case,Pipe1_Standard,Pipe1_Chen,Pipe1_EKF_LE,Pipe1_AFEKF,Pipe5_Standard,Pipe5_Chen,Pipe5_EKF_LE,Pipe5_AFEKF
Case1_Clean,1.22986183813886,1.07168850713635,1.08279127097445,1.08724557699248,0.582717743010121,0.386214618856562,0.39585444898287,0.42047317783331
Case2_10dB,14.428932442899,1.09473658992907,1.06770740125171,1.0422562967822,5.19631319542427,0.406316687614774,0.417217360215964,0.484525096678109
Case2_20dB,62.2264268968827,1.77255159088748,1.39068579294658,1.04258527190842,18.9554265277946,0.40337491468046,0.432668186177098,0.412115111065508
Case3_Outlier_Leak,14.4326485679306,1.37472891787888,1.26775240151397,1.2416406924621,6.07303938532982,3.85458374313888,1.62933591769148,1.70010374369435
Case4_Pure_Leak,1.78505874410787,1.42065580398551,1.46775722903517,1.45265745158576,0.85336952971607,3.51068052579417,1.93764468860147,1.87179801850898
