Case,Pipe1_Standard,Pipe1_Chen,Pipe1_EKF_LE,Pipe1_AFEKF,Pipe5_Standard,Pipe5_Chen,Pipe5_EKF_LE,Pipe5_AFEKF
Case1_Clean,1.22511099877814,1.04785142932862,1.04874436350076,1.04094354388591,0.706073854859939,0.46482678004663,0.456107129519251,0.508952708502185
Case2_10dB,15.4617831863435,1.12579093237642,1.11301602380877,1.04912509375478,4.6196574026841,0.479041842519965,0.461630065449373,0.510389852361257
Case2_20dB,49.4558613004345,1.42600445050422,1.39706809871934,1.05064836925628,18.8359803388517,0.483811242934814,0.573882405614753,0.517015897238531
Case3_Outlier_Leak,17.757827649972,1.09055642737254,1.14096342514527,1.10836442109147,3.674458244628,3.76246423574052,1.73070324701149,1.49725399965524
Case4_Pure_Leak,1.4314913758286,1.12927700252027,1.15592561184622,1.13443130929986,0.875189668352968,3.53527860909447,1.61884238502685,1.57826570778779
