Case,Pipe1_Standard,Pipe1_Chen,Pipe1_EKF_LE,Pipe1_AFEKF,Pipe5_Standard,Pipe5_Chen,Pipe5_EKF_LE,Pipe5_AFEKF
Case1_Clean,1.52295027976818,1.14493691085524,1.20397534917052,1.17004576946954,0.662557820610106,0.426067607141946,0.44023455830204,0.47284151821813
Case2_10dB,17.6668794336033,1.39096468874345,1.42808456839537,1.25245712496617,1.5365944254708,0.435875286129963,0.442804656671269,0.432684918073474
Case2_20dB,48.4800389001861,1.56576565519353,1.61517936165748,1.25217448124416,1.84852035792051,0.438746100809847,0.559220940508282,0.433180229483966
Case3_Outlier_Leak,16.0485384588513,1.2767985841049,1.28405640318651,1.27519745672807,7.94711398307027,3.79415252683366,1.96887792357731,1.86288694823533
Case4_Pure_Leak,2.07686753160823,1.37986143507531,1.56459551604879,1.38107986472108,0.8567316031562,3.52228835461054,2.01714537454289,2.31410769233125
