Case,Pipe1_Standard,Pipe1_Chen,Pipe1_EKF_LE,Pipe1_AFEKF,Pipe5_Standard,Pipe5_Chen,Pipe5_EKF_LE,Pipe5_AFEKF
Case1_Clean,1.83780723752369,1.46581135683967,1.47485135609141,1.47422901500857,0.738609577714179,0.471724649569509,0.473759500012263,0.480534780890878
Case2_10dB,17.377737544703,1.56980532814886,1.5370223328993,1.54495376025136,0.735496631530017,0.451895796398386,0.460780032454022,0.460640619394185
Case2_20dB,59.9398858714732,2.02743218136928,1.9834618518422,1.54474551983755,2.58903447349699,0.456367712659509,0.764654521695928,0.547327225285296
Case3_Outlier_Leak,14.5072635424108,1.30344813596425,1.1199211615023,1.11313429301658,3.92782382494291,3.80284914983307,1.75651316143296,1.56364015394338
Case4_Pure_Leak,1.81462168758681,1.37802435337755,1.38490390204837,1.40294785995315,0.84998763440343,3.54288878203447,1.83960091921373,1.87688656709413
