Case,Pipe1_Standard,Pipe1_Chen,Pipe1_EKF_LE,Pipe1_AFEKF,Pipe5_Standard,Pipe5_Chen,Pipe5_EKF_LE,Pipe5_AFEKF
Case1_Clean,1.36606082636791,1.17511967949085,1.17145339764054,1.17434214020326,0.695963362930779,0.435635647743245,0.436231841199162,0.441949405840849
Case2_10dB,14.2034656904894,1.32856971177237,1.21005839023075,1.20461361910605,1.24719289875069,0.438956767491354,0.435798069577228,0.451003578435855
Case2_20dB,51.1415803190581,1.94372271559533,1.48017730051265,1.20563410742454,19.0051358717901,0.454974387398376,0.484291394293212,0.44395437590659
Case3_Outlier_Leak,15.3963986318065,1.19122689654751,1.16590871443564,1.15426216486651,6.44496956324724,3.77556653677928,1.52538919274372,1.57137146348097
Case4_Pure_Leak,1.7304276826445,1.26907836666995,1.27682456664225,1.27843160132954,0.871614446928721,3.48857373194275,1.89670335392617,1.7538393648923
