Case,Pipe1_Standard,Pipe1_Chen,Pipe1_EKF_LE,Pipe1_AFEKF,Pipe5_Standard,Pipe5_Chen,Pipe5_EKF_LE,Pipe5_AFEKF
Case1_Clean,1.6815243909339,1.29478063816308,1.29957016457251,1.30794886000785,0.701373378734913,0.438185893858803,0.437946568661134,0.445547651494215
Case2_10dB,16.2535443436164,1.40000617469892,1.40567276761878,1.36340078947039,6.73008669313958,0.454491277824768,0.464016401859318,0.441169911820471
Case2_20dB,55.6416133332854,1.99486402709348,1.72754388098129,1.36570564576735,4.5142612172591,0.454783956141288,0.427905844307714,0.437379183071235
Case3_Outlier_Leak,17.6696897265219,1.17368442288474,1.31082759475636,1.22058525657984,6.38955155779415,3.77519189397174,1.70604784616669,1.6721716602667
Case4_Pure_Leak,1.54276750528118,1.16867552983182,1.18859456928816,1.20081422449442,0.802476485657421,3.51623817117415,1.87456889037975,1.57404428603636
