Case,Pipe1_Standard,Pipe1_Chen,Pipe1_EKF_LE,Pipe1_AFEKF,Pipe5_Standard,Pipe5_Chen,Pipe5_EKF_LE,Pipe5_AFEKF
Case1_Clean,1.52412239003441,1.19978798381688,1.25159414077316,1.23118382563459,0.692727930914782,0.46114384963985,0.454642117143419,0.466784225454958
Case2_10dB,17.0906952505803,1.18822362911643,1.21781338480313,1.18384983477968,6.63474334753411,0.474583139764731,0.49821149155399,0.480267712712342
Case2_20dB,46.9152605817722,1.41493436682319,1.5930970583106,1.18209431690982,1.65405234661249,0.480921655923705,0.577038854746007,0.620770479412186
Case3_Outlier_Leak,14.7019114618673,1.30446319473624,1.29167317524652,1.27326172505226,3.64712541249251,3.81188513619725,1.58206027461763,1.44113564962262
Case4_Pure_Leak,1.34140370133257,1.07552344427536,1.21646251144327,1.14380839428495,0.89534304145827,3.54182213069381,1.84298475126497,1.5773737464031
