Case,Pipe1_Standard,Pipe1_Chen,Pipe1_EKF_LE,Pipe1_AFEKF,Pipe5_Standard,Pipe5_Chen,Pipe5_EKF_LE,Pipe5_AFEKF
Case1_Clean,1.80094844368791,1.27540940806015,1.38566479264274,1.33970710369709,0.574629495995678,0.368271343374352,0.370482654002025,0.373347324445667
Case2_10dB,16.7440915273583,1.39558402799462,1.50615137065904,1.39291755824683,7.18368018101249,0.365646472894734,0.401062054268219,0.393565553769702
Case2_20dB,43.1083299738014,1.470645548229,1.53862176982331,1.39282256423153,10.4173853699964,0.379401375017103,0.453041501209715,0.393626756906696
Case3_Outlier_Leak,14.8772545343089,1.43965296482884,1.24241011267392,1.25071755272561,0.857773711801278,3.77033744599888,1.64167243649038,1.67659595174955
Case4_Pure_Leak,1.39693410537375,1.08504173671372,1.07293465160737,1.08201449247216,0.96526952735073,3.48764040898285,2.04096678948388,1.8391823605478
