Case,Pipe1_Standard,Pipe1_Chen,Pipe1_EKF_LE,Pipe1_AFEKF,Pipe5_Standard,Pipe5_Chen,Pipe5_EKF_LE,Pipe5_AFEKF
Case1_Clean,1.45093465889822,1.13981826024015,1.1315838101616,1.16433029721625,0.803930913773506,0.506589111500141,0.51659186215377,0.545828456775343
Case2_10dB,16.8114785768436,1.28459713010013,1.22228540003701,1.2482524262476,1.03606461455616,0.51983659630772,0.516070741375117,0.517302147663499
Case2_20dB,50.7494741794573,1.55260136685736,1.51598561822729,1.24264745493902,12.2576016174134,0.519732989712723,0.549939371627751,0.547608471122188
Case3_Outlier_Leak,16.1049541913879,1.29118686251054,1.18448214993795,1.14907624626565,3.0775109338468,3.70835498393278,1.74276049312131,2.04058527080528
Case4_Pure_Leak,1.37452090934677,1.09812545901069,1.12983849215092,1.11105558029933,0.933812982631265,3.51027309816456,1.86770062840604,1.67732363851791
