Case,Pipe1_Standard,Pipe1_Chen,Pipe1_EKF_LE,Pipe1_AFEKF,Pipe5_Standard,Pipe5_Chen,Pipe5_EKF_LE,Pipe5_AFEKF
Case1_Clean,1.7505920382569,1.32579106174164,1.34618412287653,1.33909419464992,0.701642498881977,0.422504639797455,0.42543221989265,0.448088905611495
Case2_10dB,18.0002882108248,1.39951285959934,1.47092180389608,1.44524754921923,1.2684462034656,0.413027486863286,0.440457685244607,0.447912377888389
Case2_20dB,47.1322729062019,1.79553887328339,1.58120823833406,1.44605440958583,6.73296020620322,0.414708618504945,0.513429072405198,0.428352354517353
Case3_Outlier_Leak,18.0340062408397,1.17086221339195,1.24671978872789,1.21340405424633,7.92561958529691,3.74999974089296,1.73547515592276,1.54709518130177
Case4_Pure_Leak,1.35714176439108,0.990866835908121,1.0311696601291,1.01439278405264,0.919642058609767,3.50962817948282,1.8403517343983,1.66805293982886
