Case,Pipe1_Standard,Pipe1_Chen,Pipe1_EKF_LE,Pipe1_AFEKF,Pipe5_Standard,Pipe5_Chen,Pipe5_EKF_LE,Pipe5_AFEKF
Case1_Clean,1.41999712644739,1.03548655692597,1.03029224791682,1.0334054422817,0.674089092887117,0.416042553776862,0.438356312156831,0.452709044751655
Case2_10dB,17.1638077730331,1.2181621776832,1.09846406058952,1.06256585489203,0.934071956348768,0.421130617169129,0.566535981746038,0.490771791042405
Case2_20dB,48.9295862711794,1.7307497166717,1.45404650878838,1.06195964976455,13.278858206165,0.425185776418868,0.4503075907977,0.499747846385829
Case3_Outlier_Leak,17.9987579194599,1.23867838807762,1.37968172525687,1.40143929986812,5.95318547837171,3.75335991296752,1.55533687528366,1.6760020497286
Case4_Pure_Leak,1.97888320408496,1.43828328340558,1.48824153324935,1.47113313319168,0.988753833354782,3.53232518082998,1.89765328262878,1.83807103086314
