Case,Pipe1_Standard,Pipe1_Chen,Pipe1_EKF_LE,Pipe1_AFEKF,Pipe5_Standard,Pipe5_Chen,Pipe5_EKF_LE,Pipe5_AFEKF
Case1_Clean,1.50293314375274,1.20127940515031,1.24764078057417,1.25421143264817,0.803973529810245,0.519688037367813,0.538075019501785,0.576860785564727
Case2_10dB,15.2451924278883,1.21793078921137,1.28499788136618,1.23826623165542,7.24833877492267,0.538373821558355,0.554996290694482,0.557144343864231
Case2_20dB,51.0801693141341,1.78237948224967,1.62854128705871,1.23785116740613,4.08285622330231,0.539449301781455,0.550306088296829,0.557133901036798
Case3_Outlier_Leak,17.4525984436224,1.36696463029788,1.51970140877637,1.26214448793486,3.59577479599503,3.80504546037169,1.76584530746893,1.72277460048778
Case4_Pure_Leak,1.45026542283162,1.10639230531298,1.12073227289468,1.12130752127112,0.856987137284899,3.51301523987429,1.82447432680171,1.78021959814789
