Case,Pipe1_Standard,Pipe1_Chen,Pipe1_EKF_LE,Pipe1_AFEKF,Pipe5_Standard,Pipe5_Chen,Pipe5_EKF_LE,Pipe5_AFEKF
Case1_Clean,1.59712200420992,1.17996825374229,1.19267548265912,1.19699198902213,0.728630223996818,0.477812901875317,0.509920940501135,0.546001560565768
Case2_10dB,14.9726141106248,1.17715256395405,1.31658821228866,1.28622744303628,2.96053352688438,0.516856897399387,0.533534118725871,0.568034514852847
Case2_20dB,43.8069474655969,1.41173501122664,1.54052495864815,1.28838613867268,10.4397804492834,0.507746467198308,0.606269910315666,0.569126174473131
Case3_Outlier_Leak,15.3368023172216,0.979513030274492,1.04788177719093,0.996237377108268,1.1207702505125,3.76660967419511,1.54751526613762,1.49397859710677
Case4_Pure_Leak,1.40329518334041,1.13107281709247,1.16360663136463,1.14935321051543,0.8782328022986,3.55490956142847,1.54072936694171,1.31880493386166
