Case,Pipe1_Standard,Pipe1_Chen,Pipe1_EKF_LE,Pipe1_AFEKF,Pipe5_Standard,Pipe5_Chen,Pipe5_EKF_LE,Pipe5_AFEKF
Case1_Clean,1.71009438188287,1.26007498342073,1.32674429483331,1.25558061392344,0.634011178336206,0.425988294401954,0.458468331313853,0.500400529947006
Case2_10dB,15.3740108155952,1.31426997843211,1.39185225235062,1.26453245806728,8.05702081064987,0.441886369332378,0.507937613560705,0.445557570813925
Case2_20dB,52.0653456742515,1.87928974490106,1.77823575713887,1.26511732286064,10.5436448022549,0.462751463797797,0.586405601496336,0.44680034046674
Case3_Outlier_Leak,17.9078578203014,1.07462643487906,1.01469830081693,1.01116914748441,4.79075387605401,3.7722089140712,1.97783781247463,1.61435946128346
Case4_Pure_Leak,1.73841543085937,1.26058813519915,1.34254672565029,1.30413992164341,0.863451770086092,3.48874167160122,1.73637139332109,1.55987533958019
