Case,Pipe1_Standard,Pipe1_Chen,Pipe1_EKF_LE,Pipe1_AFEKF,Pipe5_Standard,Pipe5_Chen,Pipe5_EKF_LE,Pipe5_AFEKF
Case1_Clean,1.55686400276878,1.20531936983311,1.20262415289391,1.21790075949187,0.61112493951708,0.433892359742284,0.439841535364475,0.457115864142309
Case2_10dB,15.2242869572118,1.32690724203586,1.22019249971955,1.18926899621819,1.10325712473403,0.433180601579205,0.427646660260492,0.429550646977749
Case2_20dB,49.2758185781727,1.55504498709021,1.52879663039681,1.19037239106221,9.57108015317788,0.42979571355858,0.442088981192524,0.434375768148561
Case3_Outlier_Leak,15.2875992440403,1.08237205217446,1.09380291893213,1.05729057502113,1.39662337371275,3.71902742872178,1.75587950522,1.48075160432095
Case4_Pure_Leak,1.38818213591276,1.20460139026433,1.21130114927288,1.21087817245365,0.937372981168015,3.49664292019561,1.47670536625118,1.25841724981791
