Case,Pipe1_Standard,Pipe1_Chen,Pipe1_EKF_LE,Pipe1_AFEKF,Pipe5_Standard,Pipe5_Chen,Pipe5_EKF_LE,Pipe5_AFEKF
Case1_Clean,1.49869469904978,1.2390908118966,1.23938883897572,1.23604240465762,0.697142102970309,0.480032828293763,0.480454161264641,0.487443750050455
Case2_10dB,17.2035481304069,1.21364265701334,1.21663005942129,1.21323195282384,3.63128171605356,0.488928944778595,0.509227208240026,0.510052899247125
Case2_20dB,51.4240412980136,1.44002553872244,1.34192837120146,1.2130868324848,12.7239072794873,0.492353133273615,0.753059670637048,0.508228678704146
Case3_Outlier_Leak,15.0953416951948,1.13711806339236,1.14711999940367,1.09582735364482,5.5178121686306,3.75683424203887,1.59645668068276,1.45893769155302
Case4_Pure_Leak,1.40870113083429,1.08095921526608,1.1121939849318,1.14011370123683,1.03092134227711,3.48863487314921,1.97063992810691,1.8508713629559
