Case,Pipe1_Standard,Pipe1_Chen,Pipe1_EKF_LE,Pipe1_AFEKF,Pipe5_Standard,Pipe5_Chen,Pipe5_EKF_LE,Pipe5_AFEKF
Case1_Clean,1.79341010813915,1.40058375090727,1.43006488896388,1.42992340075241,0.644940142802868,0.412595701078988,0.412931023337376,0.419004052791491
Case2_10dB,16.219940194618,1.32071943583448,1.50974623786894,1.45927833873281,6.42758119291114,0.438753018234907,0.441980740956479,0.437123743713389
Case2_20dB,47.6596700693208,1.57398717392573,1.63148654891457,1.45559908170486,13.2649187596167,0.429410256121657,0.507838720639274,0.436918520148993
Case3_Outlier_Leak,17.9764528424157,1.28887362659584,1.10030118164429,1.02293620471261,8.06808974957999,3.69488923713597,1.73139106628208,1.56298381291972
Case4_Pure_Leak,1.35502388607235,1.08643020844936,1.10884399889248,1.11267649095814,1.00799565241348,3.53412854734039,1.85209844606547,1.76464628033905
