Case,Pipe1_Standard,Pipe1_Chen,Pipe1_EKF_LE,Pipe1_AFEKF,Pipe5_Standard,Pipe5_Chen,Pipe5_EKF_LE,Pipe5_AFEKF
Case1_Clean,1.66045177838464,1.23888366976204,1.28997887360367,1.24151089319488,0.688381806992905,0.470659512209057,0.469566846902602,0.487278719897614
Case2_10dB,15.4045468823204,1.22477983464181,1.30567655945759,1.19575281639998,1.69767421891968,0.424455483371089,0.485439986374618,0.480480421411479
Case2_20dB,55.5912936903916,1.47165263717166,1.56329896952517,1.19463186170912,6.62948932991424,0.428721394078402,0.44404579267624,0.500776892828607
Case3_Outlier_Leak,15.1315285216657,1.14888204987566,1.07252999917002,1.02574432841275,1.70948324199808,3.79669785980655,1.69390538903645,1.43418133800147
Case4_Pure_Leak,1.37923620280284,1.07287960561944,1.11244847856243,1.10441021009705,0.805221360560406,3.52012953847244,1.88379335651588,1.70436475299015
