Case,Pipe1_Standard,Pipe1_Chen,Pipe1_EKF_LE,Pipe1_AFEKF,Pipe5_Standard,Pipe5_Chen,Pipe5_EKF_LE,Pipe5_AFEKF
Case1_Clean,1.37796790316749,1.08308714839559,1.09293890202614,1.1445198515876,0.689522747317127,0.469441702652113,0.492954836555611,0.527790845605788
Case2_10dB,17.3004219496532,1.24942912088497,1.1946634687177,1.19849742217312,1.29813549439757,0.494975352125176,0.538847421839538,0.538070392150749
Case2_20dB,68.6187672524946,1.67657442363742,1.3693095344584,1.19966308761614,9.37209172450059,0.50606848080756,0.605768022076474,0.510567545786142
Case3_Outlier_Leak,15.6923710375398,1.37583051779544,1.15253606681182,1.17029730511082,6.33304781522814,3.78091910282765,1.79692106902916,1.71431870836198
Case4_Pure_Leak,1.257358825037,1.06864851605061,1.0935203079512,1.09341806160926,1.08252907389382,3.4871243008426,2.07660361891635,1.93866551932557
