Case,Pipe1_Standard,Pipe1_Chen,Pipe1_EKF_LE,Pipe1_AFEKF,Pipe5_Standard,Pipe5_Chen,Pipe5_EKF_LE,Pipe5_AFEKF
Case1_Clean,1.70204463173182,1.23083835981596,1.22509961658754,1.25448829397561,0.728341021962684,0.460594679395458,0.462443682152698,0.471850734728222
Case2_10dB,14.8370678904857,1.42972773138505,1.41878881120019,1.36262292632332,3.59936549438649,0.428992318864729,0.420471511882296,0.421850864701672
Case2_20dB,48.7801171461091,1.56645431960672,1.59138471616156,1.36254256988232,1.53502819945352,0.429638983094132,0.437172579821118,0.422055729279078
Case3_Outlier_Leak,16.1484876642731,1.59761866125633,1.55527338434809,1.50118101814925,1.46307835496861,3.81308815111648,1.79564574662922,1.87867630667323
Case4_Pure_Leak,1.4214503301041,1.15412934899299,1.16932914882813,1.17502141583775,0.898877778263442,3.51217822524338,1.92885810508882,1.82000247611529
