Case,Pipe1_Standard,Pipe1_Chen,Pipe1_EKF_LE,Pipe1_AFEKF,Pipe5_Standard,Pipe5_Chen,Pipe5_EKF_LE,Pipe5_AFEKF
Case1_Clean,1.67800757267803,1.26098431948405,1.25776662395197,1.2722885283518,0.652356729284206,0.452234408481936,0.457031604279595,0.471613547321706
Case2_10dB,15.6602274286034,1.12513951885068,1.23920468683263,1.18152396233985,5.39025221502914,0.444591346592374,0.480226250071553,0.455290230334072
Case2_20dB,58.7412561568227,1.5077537306447,1.39625195259508,1.18056082082925,3.66900605082878,0.445265975730147,0.475264287679493,0.451187832661128
Case3_Outlier_Leak,16.7638949812027,1.42961129387971,1.32494555005579,1.28136565392605,1.23909260494198,3.75539137325229,1.50644380785378,1.38650843833844
Case4_Pure_Leak,1.57643806090883,1.2595430430021,1.30446337185087,1.32396893071947,0.889047678826605,3.50277537166666,1.90116902995554,1.94566418939429
