Case,Pipe1_Standard,Pipe1_Chen,Pipe1_EKF_LE,Pipe1_AFEKF,Pipe5_Standard,Pipe5_Chen,Pipe5_EKF_LE,Pipe5_AFEKF
Case1_Clean,1.37266090532295,1.15563821205878,1.12105963335644,1.16516105413565,0.634655619236192,0.439546546064855,0.436753474202004,0.445027049000215
Case2_10dB,18.0643283254142,1.28181581942099,1.22008806116373,1.20152925624072,3.60661120216496,0.425204652636893,0.493492407477168,0.54128235536845
Case2_20dB,49.9178096797865,1.47081664082851,1.39071898510852,1.2021761202289,3.39847754991667,0.425595501853322,0.491353205145002,0.523328989619185
Case3_Outlier_Leak,17.6169155836119,1.60177368802034,1.59756614314271,1.52920605481277,1.84427348579622,3.77921926061744,1.92637994894363,1.821607996739
Case4_Pure_Leak,1.33855209483222,1.10078458264764,1.09425853516349,1.11402146239614,0.856322029751542,3.54314504283073,1.69067984153913,1.45525810861241
