Case,Pipe1_Standard,Pipe1_Chen,Pipe1_EKF_LE,Pipe1_AFEKF,Pipe5_Standard,Pipe5_Chen,Pipe5_EKF_LE,Pipe5_AFEKF
Case1_Clean,1.60789098992565,1.20100625332647,1.1963393969442,1.2149456100246,0.692889859924252,0.477232534498911,0.481331454583369,0.484137227168379
Case2_10dB,14.5302030251276,1.28847678216214,1.30126040802255,1.28851541523738,7.95429053015149,0.509410805905317,0.500644304967632,0.505786163724143
Case2_20dB,56.4663240533633,1.62745953795127,1.41278289348452,1.28672639709681,3.92431142251268,0.512431128680342,0.655590851231811,0.507434431993274
Case3_Outlier_Leak,18.1059468031178,1.3146247684715,1.22585871280553,1.20543715253896,4.94382224203922,3.78634939561804,1.70334653807583,1.68239560864844
Case4_Pure_Leak,1.28744441282538,0.983195030007808,1.02434283650356,1.00036270324836,0.970938875931051,3.47197216758354,1.98391515003883,1.98836318846827
