Case,Pipe1_Standard,Pipe1_Chen,Pipe1_EKF_LE,Pipe1_AFEKF,Pipe5_Standard,Pipe5_Chen,Pipe5_EKF_LE,Pipe5_AFEKF
Case1_Clean,1.44635456377013,1.18616986468223,1.18874832866123,1.19273511991227,0.702938495190904,0.441170745240344,0.441312226872267,0.449229070321149
Case2_10dB,15.526156543264,1.2615685951106,1.19800594399136,1.16780983987815,3.42126542559233,0.437130537462534,0.419656748354396,0.422810607337127
Case2_20dB,57.437419246634,1.52166648357573,1.41749171168453,1.16647762312685,9.50906246524616,0.444384824806733,0.445068789455243,0.421764208961872
Case3_Outlier_Leak,14.6504829461464,1.36634015822054,1.25930983848326,1.18814138929089,4.99299867854483,3.71253242540282,1.84464458907553,1.76789868776514
Case4_Pure_Leak,1.18038991923033,0.983367136737065,0.987648291399635,0.979805700524046,0.839499297951319,3.51988247518953,1.74887754706036,1.37422066101029
