Case,Pipe1_Standard,Pipe1_Chen,Pipe1_EKF_LE,Pipe1_AFEKF,Pipe5_Standard,Pipe5_Chen,Pipe5_EKF_LE,Pipe5_AFEKF
Case1_Clean,1.24235565675818,1.06992087550796,1.0596224806035,1.07005734458206,0.65340909766831,0.41199709113626,0.412176967292657,0.419559297037632
Case2_10dB,19.1583886523644,1.1757447340077,1.12728559421185,1.08201631379308,3.54622858609301,0.390176617504921,0.403094941397507,0.433850047123194
Case2_20dB,49.202002815906,1.64010579251826,1.45775313800188,1.08177271583006,19.099512754934,0.412359559052251,0.505826490387835,0.440975296446871
Case3_Outlier_Leak,18.9689296082171,1.23868416919138,1.16039085776576,1.15146653580532,3.76700385371107,3.75829326417311,1.76991154322231,1.62437154847017
Case4_Pure_Leak,1.55573275012175,1.21210622917449,1.24996961347664,1.23599106739399,0.931676510947795,3.49321391335163,1.97821977768137,1.94412114148078
