Case,Pipe1_Standard,Pipe1_Chen,Pipe1_EKF_LE,Pipe1_AFEKF,Pipe5_Standard,Pipe5_Chen,Pipe5_EKF_LE,Pipe5_AFEKF
Case1_Clean,1.96350647360705,1.35870297151509,1.3643940865188,1.38406112295581,0.687541399131943,0.440949959740138,0.445671560529542,0.475424728158433
Case2_10dB,16.5920619973308,1.50017903206291,1.5079953590832,1.5155768181682,6.99440284909149,0.421230932701729,0.439363633654753,0.492867894797179
Case2_20dB,46.9174461216699,1.7266670494152,1.66280748418583,1.51663593282531,20.9399927169974,0.412794088066616,0.427683796245129,0.474040027554967
Case3_Outlier_Leak,15.1190971745099,1.15470438316787,1.16433985306944,1.16562060609979,1.58885410140001,3.7561307264199,1.71390773506076,1.59694788137657
Case4_Pure_Leak,1.32555183509217,1.13448301096052,1.21327644558438,1.20976161750016,0.955938658373835,3.54470732944209,1.8282570247005,1.71618662095753
