Case,Pipe1_Standard,Pipe1_Chen,Pipe1_EKF_LE,Pipe1_AFEKF,Pipe5_Standard,Pipe5_Chen,Pipe5_EKF_LE,Pipe5_AFEKF
Case1_Clean,1.29557304355763,1.02233375042028,1.09873025201195,1.07854599928922,0.646677020787477,0.426690499186397,0.414720681453547,0.418384682857404
Case2_10dB,15.7049385504743,1.14616967063799,1.19658846751518,1.13446889803517,1.73893127312806,0.427882379567208,0.475503971072437,0.483854979494814
Case2_20dB,53.182452047699,1.47021516192385,1.41845363027097,1.13547543415588,19.1400471223282,0.431630340179742,0.440781430202175,0.50616837556477
Case3_Outlier_Leak,14.709493849314,1.30162477366451,1.34547828381477,1.35817342666709,1.0251896813718,3.84834356737463,1.54174634514717,1.45030193082526
Case4_Pure_Leak,1.53635363265195,1.21238909717045,1.22818590625847,1.22041101531138,0.951043844831842,3.43104296524554,1.73601365623167,1.70796599681434
