Case,Pipe1_Standard,Pipe1_Chen,Pipe1_EKF_LE,Pipe1_AFEKF,Pipe5_Standard,Pipe5_Chen,Pipe5_EKF_LE,Pipe5_AFEKF
Case1_Clean,1.65681559286568,1.22710463527296,1.23801160584315,1.21805181292264,0.638450293649113,0.425791914371919,0.475615760639174,0.53104873978144
Case2_10dB,15.0878977651713,1.29173705755364,1.21186225271129,1.17434288516586,7.14786420898362,0.461465634178819,0.486267251268821,0.515863298689872
Case2_20dB,54.6078634076561,1.55946174524816,1.41921703404348,1.17404992834366,12.4796607981305,0.478197177485924,0.537556108753861,0.521140117449574
Case3_Outlier_Leak,15.0543973762452,1.39828104631699,1.41467009453922,1.39070238396645,7.34124353361919,3.74299797323414,1.57338428126486,1.54250361243013
Case4_Pure_Leak,1.41419175225971,1.19517440765411,1.20419305567455,1.19627259446368,0.869974633035136,3.50918537816059,1.90378447197666,1.71005316894964
