Case,Pipe1_Standard,Pipe1_Chen,Pipe1_EKF_LE,Pipe1_AFEKF,Pipe5_Standard,Pipe5_Chen,Pipe5_EKF_LE,Pipe5_AFEKF
Case1_Clean,1.19372457892735,1.01195184027073,1.02909862225317,1.02690834770581,0.673745321249688,0.444183912221244,0.445955597181076,0.451326215231263
Case2_10dB,17.4197108958009,1.08841617740866,1.06680948352916,1.07404003693351,3.49599689887651,0.484769370430885,0.563574279725949,0.554302048111885
Case2_20dB,50.3642948986588,1.22244485188994,1.34902530245777,1.07695641114146,13.0882764742536,0.486042653875208,0.755565695876752,0.639949034415919
Case3_Outlier_Leak,17.5720667659075,1.40158645248205,1.31533151389507,1.1510631432225,3.14505562763665,3.77663744553215,1.66664992419105,1.57930367930111
Case4_Pure_Leak,1.28965876756678,1.00750414297794,1.06505416255222,1.02939889757393,0.920432779570928,3.53012260746863,1.93722516665384,1.80347486373276
