Case,Pipe1_Standard,Pipe1_Chen,Pipe1_EKF_LE,Pipe1_AFEKF,Pipe5_Standard,Pipe5_Chen,Pipe5_EKF_LE,Pipe5_AFEKF
Case1_Clean,1.41358171547857,1.14087810084344,1.13816182008784,1.13806144779549,0.693961975415154,0.457797760945929,0.454038911986739,0.477839966674712
Case2_10dB,15.898921361853,1.25190179170219,1.17198807402592,1.09173832778819,1.10270110170875,0.453142652307071,0.439833265570084,0.455908347568658
Case2_20dB,53.4362917496954,1.50880330463025,1.45453054006387,1.09156233550884,3.13910134292018,0.46705209422356,0.689414317339335,0.455819858789233
Case3_Outlier_Leak,14.5263720097256,1.35442886179537,1.42501418269607,1.43854447449336,3.70763688643857,3.78164834766943,1.82288932942089,1.7252699368949
Case4_Pure_Leak,1.55213627559615,1.1016631982877,1.18140032697242,1.14244727698292,0.786432628046694,3.54945565658704,1.64440590250516,1.41833529769197
