Case,Pipe1_Standard,Pipe1_Chen,Pipe1_EKF_LE,Pipe1_AFEKF,Pipe5_Standard,Pipe5_Chen,Pipe5_EKF_LE,Pipe5_AFEKF
Case1_Clean,1.45944936857488,1.11855693636434,1.14103947880669,1.13241950338355,0.71051559748478,0.468032182466711,0.467842642314275,0.47564607403701
Case2_10dB,16.8198721280519,1.24690880179894,1.17447829702678,1.12098129704781,3.04623416552441,0.480874652868761,0.50793675061432,0.551044994914865
Case2_20dB,57.9806624705924,1.69665453999709,1.37099662165143,1.12096614005257,12.9692046488161,0.518901227656142,0.70079695286921,0.553850181909216
Case3_Outlier_Leak,15.3793689125567,1.13158987841652,1.23020326566281,1.19523288213088,6.35059106072133,3.7263659493565,1.68010858299221,1.83625458878174
Case4_Pure_Leak,1.56410875444769,1.1546072631625,1.17986012798858,1.18052757225955,0.854983530893775,3.53206031220965,1.90486981184362,1.7667521997321
