Case,Pipe1_Standard,Pipe1_Chen,Pipe1_EKF_LE,Pipe1_AFEKF,Pipe5_Standard,Pipe5_Chen,Pipe5_EKF_LE,Pipe5_AFEKF
Case1_Clean,1.47253084543339,1.18053141181096,1.22009685475963,1.19306487376649,0.701957219051629,0.448458282575809,0.494965536589248,0.549525640926123
Case2_10dB,17.4510491445066,1.29089275820884,1.33882084988061,1.21373329633452,3.47071696052219,0.472343027402629,0.517553002855166,0.552957037456953
Case2_20dB,48.7381557873358,1.35878424119658,1.3626259680676,1.21267052604787,13.2506845155959,0.493310180288339,0.787746873036008,0.714971655392569
Case3_Outlier_Leak,18.9725815814049,1.47865021510904,1.48292981104905,1.44791807221577,1.21620289994742,3.76466189380248,1.66123845494438,1.87718866292093
Case4_Pure_Leak,1.2727414919571,1.04995014840765,1.05701573096049,1.04873878407227,0.914093448892306,3.48468660594878,1.94836470171695,1.89368871622894
