Case,Pipe1_Standard,Pipe1_Chen,Pipe1_EKF_LE,Pipe1_AFEKF,Pipe5_Standard,Pipe5_Chen,Pipe5_EKF_LE,Pipe5_AFEKF
Case1_Clean,1.35320941178157,1.15753129567805,1.15977345702045,1.16951185323705,0.64114226546098,0.420678270184748,0.420164290711287,0.427944688427391
Case2_10dB,14.990892985174,1.23674797662258,1.17794440786239,1.16032902612299,6.13126558969441,0.437739076734897,0.448575303331761,0.450418084670782
Case2_20dB,46.9077033860658,1.5737510332081,1.39786393869998,1.15922755528993,10.5291590144502,0.442937231240592,0.457784163161103,0.439455501776409
Case3_Outlier_Leak,18.3682788512128,1.1217873808359,1.03778709621481,0.985532563734796,3.23711973723507,3.75358194928975,1.551302971683,1.71821357577291
Case4_Pure_Leak,1.93454202432128,1.32110451680467,1.34549352476195,1.34298034357199,0.949898485387671,3.52680439427916,2.03428024264588,1.86145012218126
