Case,Pipe1_Standard,Pipe1_Chen,Pipe1_EKF_LE,Pipe1_AFEKF,Pipe5_Standard,Pipe5_Chen,Pipe5_EKF_LE,Pipe5_AFEKF
Case1_Clean,1.97726898087846,1.68198617278424,1.4856812416668,1.7100817564585,0.795966081466868,0.753309661496874,0.597201115333185,0.769675545074037
Case2_10dB,16.6696152320474,2.91149110725918,1.52875285534538,1.69091523511135,2.53565377030652,0.811515977963181,0.615214770395483,0.797359995603774
Case2_20dB,48.9487189504906,8.16073343161083,1.872257772934,1.69126634073449,6.25342977003419,0.788683627543364,0.617507692814652,0.803043866395497
Case3_Outlier_Leak,16.1982412274286,2.74453799912435,1.28913147572714,1.38066425288377,2.8220862379873,3.6486361561667,0.97701244795432,0.775493167773512
Case4_Pure_Leak,1.66195989031768,1.45325572786511,1.35699017578137,1.35549109976192,0.813865655330884,3.60740305271666,1.51241523213625,1.9517547938669
