Case,Pipe1_Standard,Pipe1_Chen,Pipe1_EKF_LE,Pipe1_AFEKF,Pipe5_Standard,Pipe5_Chen,Pipe5_EKF_LE,Pipe5_AFEKF
Case1_Clean,1.27827430950087,1.16191389418506,1.07067799695903,1.16603258385388,0.740320610949109,0.704377314504879,0.566461150019815,0.714279414542647
Case2_10dB,16.3824743736749,2.4390326147283,1.14746294571078,1.19932232476563,0.912908046087587,0.718746384284438,0.568343781154589,0.720264922236568
Case2_20dB,51.3729116442785,8.66632066575663,1.58828544612845,1.1996083119823,2.24348973534772,0.704176475571828,0.576437634226016,0.720206340991287
Case3_Outlier_Leak,17.2186765239284,2.7467092902266,1.34703233745098,1.43871882851544,2.0888266659649,3.66204802666419,1.25848416596171,1.53926730098139
Case4_Pure_Leak,1.58035438448279,1.36210480396866,1.24438985793338,1.33412139305104,0.845519634735503,3.59366151761452,1.11383098139207,0.863419216214328
