Case,Pipe1_Standard,Pipe1_Chen,Pipe1_EKF_LE,Pipe1_AFEKF,Pipe5_Standard,Pipe5_Chen,Pipe5_EKF_LE,Pipe5_AFEKF
Case1_Clean,2.10335971362876,1.75851681508548,1.51040878226539,1.75325946805626,0.612135143583169,0.581074030181393,0.484627378217816,0.589841494143312
Case2_10dB,17.0129368311624,2.58542970513371,1.5988857541575,1.74737852462644,2.30339533028036,0.590979476672469,0.473634135401117,0.573481769043439
Case2_20dB,50.0231237688154,8.42213489999365,1.91563383643443,1.7465933914988,2.88413633669787,0.566014737217902,0.473216037747093,0.575337982401232
Case3_Outlier_Leak,16.8267540129006,2.57820640528342,1.32785229618645,1.38711002917997,1.93986328077516,3.71316972638805,1.12465712197114,0.954141456156319
Case4_Pure_Leak,1.52841959833235,1.36180586062069,1.27443853638337,1.37914323746522,0.855255136335501,3.61614197702639,1.50080151270489,1.18442045746804
