Case,Pipe1_Standard,Pipe1_Chen,Pipe1_EKF_LE,Pipe1_AFEKF,Pipe5_Standard,Pipe5_Chen,Pipe5_EKF_LE,Pipe5_AFEKF
Case1_Clean,1.5622607640095,1.36416707142257,1.19712966191404,1.36139134037424,0.73341264039746,0.697400536162001,0.552789567435758,0.689434662453806
Case2_10dB,16.3308051940972,2.34956817227964,1.23348623099824,1.30324274995568,3.22147464484449,0.68815096589426,0.544992291095812,0.669521632342814
Case2_20dB,52.5399195528104,10.4804257611568,1.43230598872876,1.30618519292189,2.97340541547102,0.69907355642943,0.584888420934187,0.668427006710746
Case3_Outlier_Leak,17.2647422016236,2.11540451089387,1.10161391039753,1.0736705762626,2.05258039163255,3.71225267926629,1.37702950813947,0.794319413917923
Case4_Pure_Leak,1.37464793926655,1.25723384056695,1.16799544681857,1.20027886215461,0.768507860082652,3.64253033509322,0.840830776283973,1.23821099466885
