Case,Pipe1_Standard,Pipe1_Chen,Pipe1_EKF_LE,Pipe1_AFEKF,Pipe5_Standard,Pipe5_Chen,Pipe5_EKF_LE,Pipe5_AFEKF
Case1_Clean,1.81195687963702,1.50145417717632,1.32615931261078,1.52969613601247,0.808263956608659,0.771600593520369,0.615964851743426,0.779631302173004
Case2_10dB,16.0369833210113,3.10265510208586,1.36908800575338,1.61067264019742,0.795229433887243,0.749403929142022,0.600476024361493,0.757167426581089
Case2_20dB,51.4683316634659,10.1054518602167,1.84165612723634,1.54584183616585,2.54249788602817,0.771514611067947,0.595115032328228,0.738806974603001
Case3_Outlier_Leak,15.5722575973797,2.12104251730219,1.25721512889067,1.35043509775977,0.938899886387936,3.71191848236889,0.952432570246168,0.799922266295721
Case4_Pure_Leak,1.74552993384013,1.48877842135265,1.30246667546107,1.35366936872467,0.921830278287788,3.56174079109378,1.22258062435892,1.67834716438912
