Case,Pipe1_Standard,Pipe1_Chen,Pipe1_EKF_LE,Pipe1_AFEKF,Pipe5_Standard,Pipe5_Chen,Pipe5_EKF_LE,Pipe5_AFEKF
Case1_Clean,1.57405373966669,1.38346327342186,1.28842700043057,1.42513200818538,0.819519990581109,0.774162618008389,0.606108403785713,0.78191628835804
Case2_10dB,15.4416853033307,2.56292537189971,1.30909006968873,1.40217522096926,1.15626514196984,0.775539982931219,0.589735894102574,0.76989451040131
Case2_20dB,52.6193934606806,11.4448660659843,1.8803532744026,1.40206598432491,3.01507522212738,0.948970319554567,0.588978208274108,0.772208744018236
Case3_Outlier_Leak,17.4575132232235,2.64381343546174,1.31235180802078,1.42639731713743,2.21722066936344,3.73602752641453,0.941846797843488,0.743235768940725
Case4_Pure_Leak,1.43059989137055,1.26808757702692,1.14395911358195,1.18453783034638,0.728972615493215,3.51764297904767,1.44729783573449,1.50099039465274
