Case,Pipe1_Standard,Pipe1_Chen,Pipe1_EKF_LE,Pipe1_AFEKF,Pipe5_Standard,Pipe5_Chen,Pipe5_EKF_LE,Pipe5_AFEKF
Case1_Clean,1.29599978947611,1.20544933978748,1.13849829960872,1.21199377149547,0.849210495237988,0.802816637076474,0.631634036145987,0.811793176658569
Case2_10dB,17.3364333374121,3.10959237978108,1.16011672528294,1.10997317625124,1.40988676712738,0.832745418720635,0.628178611711712,0.832596178674785
Case2_20dB,51.1476648551964,8.99450324101541,1.70723772746741,1.11231741684241,8.03383379906337,0.834337800191182,0.658381607964029,0.83270736512402
Case3_Outlier_Leak,16.1672193544901,3.13161916839671,1.2221416195754,1.30213847882888,3.32659333835259,3.80008168014996,0.887803184394426,0.821516720418459
Case4_Pure_Leak,2.04161165404185,1.70867586932098,1.46452586125292,1.70293340293959,0.76516772395742,3.47407503329291,1.11413286876697,0.82721215382933
