Case,Pipe1_Standard,Pipe1_Chen,Pipe1_EKF_LE,Pipe1_AFEKF,Pipe5_Standard,Pipe5_Chen,Pipe5_EKF_LE,Pipe5_AFEKF
Case1_Clean,1.42087244903296,1.192569031558,1.12363528849396,1.21408473974682,0.935833898132309,0.884880228955796,0.683139338158408,0.877676225903047
Case2_10dB,16.1221792247869,2.47981880971558,1.14696061369082,1.15445058684403,0.946266590169191,0.869833476822391,0.670380594329861,0.863755803121206
Case2_20dB,50.7790586068256,6.58275898761765,1.50708764608461,1.15316369787445,1.75483581898766,0.840155685184037,0.671893721344262,0.865834384059149
Case3_Outlier_Leak,17.3752465233074,2.44679502034201,1.32871807760962,1.35488301937229,1.42258983256511,3.86531878722699,1.60330071777681,1.31219959672054
Case4_Pure_Leak,1.93224686348015,1.63493470119064,1.45351448002501,1.60492061414652,0.868714371150618,3.57966320145151,1.3190252050927,0.99083337177277
