Case,Pipe1_Standard,Pipe1_Chen,Pipe1_EKF_LE,Pipe1_AFEKF,Pipe5_Standard,Pipe5_Chen,Pipe5_EKF_LE,Pipe5_AFEKF
Case1_Clean,1.73192755396789,1.56920488683946,1.39764794885025,1.5598544092513,0.791216755318004,0.750398474538088,0.581589774891914,0.763746863298275
Case2_10dB,16.8975479560887,2.9160862159899,1.53554589846443,1.69627722441486,2.59955724563531,0.771532265890083,0.583923653916378,0.773408622623986
Case2_20dB,51.1805295964163,8.51461656851646,1.90686663397935,1.69625715046041,2.27459100859366,0.746181898663467,0.575274372453444,0.77323685017103
Case3_Outlier_Leak,17.2960673271061,2.39116875819866,1.34510951690626,1.26425127467705,3.50058188969843,3.71989052932942,0.968890510976285,0.83619370653172
Case4_Pure_Leak,1.34836439316406,1.28282543840029,1.20402685090276,1.2720962177893,0.867568351447271,3.55665425877841,1.23799313228551,0.912034575098951
