Case,Pipe1_Standard,Pipe1_Chen,Pipe1_EKF_LE,Pipe1_AFEKF,Pipe5_Standard,Pipe5_Chen,Pipe5_EKF_LE,Pipe5_AFEKF
Case1_Clean,1.30551121203988,1.16133394454288,1.11127411225624,1.18396460714628,0.707788108757959,0.66691979788114,0.535536781054738,0.674939355125812
Case2_10dB,17.1235933853559,2.17911178982359,1.13722443915572,1.15800514423701,2.47652759642694,0.686628949821678,0.54179617950877,0.684798985098052
Case2_20dB,50.7606994783543,9.7464975165,1.42667452188382,1.15831981580285,5.78881664157545,0.719340953237741,0.54203167142359,0.683068437002991
Case3_Outlier_Leak,16.8636513206508,2.31004049033819,1.55802610804212,1.29907290101641,2.44052701732319,3.79001964832758,1.33787764451555,1.46846407215229
Case4_Pure_Leak,1.34104735065331,1.21788552063514,1.10174479958961,1.22468248035,0.856125071487707,3.5803518026702,1.26946454341764,0.890295251385394
