Case,Pipe1_Standard,Pipe1_Chen,Pipe1_EKF_LE,Pipe1_AFEKF,Pipe5_Standard,Pipe5_Chen,Pipe5_EKF_LE,Pipe5_AFEKF
Case1_Clean,1.47502253767283,1.32228364208883,1.22453116207487,1.38554910874527,0.741430643625741,0.707961765902326,0.562253287637741,0.718213750661145
Case2_10dB,17.2257202242425,2.21358955347347,1.29966271841895,1.41730854010257,3.28230537995747,0.684080286087087,0.56509263790298,0.683184475690808
Case2_20dB,49.1026263968315,7.35594567401548,1.65714036773833,1.41705417654639,3.1847516687442,0.674662152631222,0.56543503288784,0.681764894608353
Case3_Outlier_Leak,17.046716520425,2.42093731009691,1.12504821900757,1.1928380518591,2.05565500787694,3.65948294663152,1.10269616870454,1.11672488534896
Case4_Pure_Leak,1.52821262677795,1.30394161763919,1.17391336941018,1.27831020684689,0.743500623395565,3.49765053417535,1.01857760922553,0.762612233453267
