Case,Pipe1_Standard,Pipe1_Chen,Pipe1_EKF_LE,Pipe1_AFEKF,Pipe5_Standard,Pipe5_Chen,Pipe5_EKF_LE,Pipe5_AFEKF
Case1_Clean,1.46258596617403,1.27466136289938,1.23618741738025,1.31143284294853,0.870288810447293,0.823307875927122,0.645471566355632,0.834844558216391
Case2_10dB,15.8041053283476,2.68755967637902,1.44467516447835,1.40888176994841,1.91144296821754,0.844791245022021,0.661273280170119,0.854920731527304
Case2_20dB,55.0044103714411,10.9214145194807,1.66475224588355,1.41092323734022,2.93211470518608,0.972350658229496,0.658591677175834,0.854228037789594
Case3_Outlier_Leak,16.6122077492451,2.54821852996761,1.36057169654062,1.39167414050224,2.4614151254141,3.79860051315853,1.17060222343538,0.968040324766843
Case4_Pure_Leak,1.58707162974728,1.34082043193462,1.24693718073495,1.3053148588923,0.756458045983406,3.49904178058055,1.14175444968085,1.05250534436878
