Case,Pipe1_Standard,Pipe1_Chen,Pipe1_EKF_LE,Pipe1_AFEKF,Pipe5_Standard,Pipe5_Chen,Pipe5_EKF_LE,Pipe5_AFEKF
Case1_Clean,1.22532219577793,1.1667549087458,1.11370555148358,1.17892655954777,0.78518061494171,0.748920344088465,0.639581247718098,0.765372173609218
Case2_10dB,16.6536590489296,2.86198713061968,1.22996675149999,1.23317348402927,1.33272787610461,0.772720980980809,0.657959576332266,0.768531892238415
Case2_20dB,50.3407878260458,9.51525706618254,1.82324717776357,1.23440814949108,3.81996460178126,0.683978908988508,0.62096602885564,0.763998737800855
Case3_Outlier_Leak,16.1913687201593,2.62819399553855,1.26546411770567,1.28267291807766,2.71522005302653,3.66867966644532,1.46263376478662,1.22293301845321
Case4_Pure_Leak,1.31808478625599,1.17530385447573,1.0790254811666,1.159123846746,0.824178694519502,3.52390706747006,1.54621146288864,1.09815275075176
