Case,Pipe1_Standard,Pipe1_Chen,Pipe1_EKF_LE,Pipe1_AFEKF,Pipe5_Standard,Pipe5_Chen,Pipe5_EKF_LE,Pipe5_AFEKF
Case1_Clean,1.17633320817267,1.0336765811323,0.965020534186772,1.08682838551545,0.662813634283849,0.629953268773013,0.523287485497105,0.637224794429884
Case2_10dB,16.0915192443993,2.40497881821518,1.05396375997388,1.15876863526521,3.17454800183375,0.668901513945139,0.554768658077521,0.674059895351323
Case2_20dB,54.9937217608237,10.1872774379281,1.35718777187921,1.1586733124614,8.20147036618621,0.733245186568372,0.550332137092777,0.674148970031416
Case3_Outlier_Leak,17.0569420863961,2.40263873831917,1.22945411021817,1.16072570297944,2.10655756068735,3.57267442798938,1.34922036670277,0.89239663776858
Case4_Pure_Leak,1.73646119597,1.52991716052732,1.37206601735851,1.5181000285694,0.88212617879377,3.59804625107017,1.32141205389787,0.854159626904674
