Case,Pipe1_Standard,Pipe1_Chen,Pipe1_EKF_LE,Pipe1_AFEKF,Pipe5_Standard,Pipe5_Chen,Pipe5_EKF_LE,Pipe5_AFEKF
Case1_Clean,1.49381966002369,1.30791739901069,1.17799292436744,1.31539854622375,0.80116119164299,0.759635056571649,0.598549190152856,0.766791694733134
Case2_10dB,17.1196028045177,2.41685601063132,1.18504699618616,1.25359551020706,3.40345012042217,0.772843603180841,0.603561562937783,0.77710768635263
Case2_20dB,51.2747825754507,9.58838641704373,1.59038609443896,1.25266110817455,1.36321714643571,0.792349839128107,0.602992777463018,0.777183491138226
Case3_Outlier_Leak,15.7075781769098,2.86326946211022,1.31499252153113,1.3599213785686,3.37887742527844,3.69012186030689,0.983712393939188,0.821081676261928
Case4_Pure_Leak,1.46059993744213,1.24690928856585,1.23728228518499,1.2915614199311,0.850835256619592,3.60138430877132,1.27774494585409,0.876184350720849
