Case,Pipe1_Standard,Pipe1_Chen,Pipe1_EKF_LE,Pipe1_AFEKF,Pipe5_Standard,Pipe5_Chen,Pipe5_EKF_LE,Pipe5_AFEKF
Case1_Clean,1.50451260761864,1.31951047931208,1.20057004239002,1.33740155468878,0.919439944376554,0.871647253674483,0.653600645659072,0.86713181602197
Case2_10dB,16.3503556975611,2.71123024680834,1.34177503629531,1.45440981232869,0.958384842220147,0.922960884302617,0.688816470476817,0.912016043834409
Case2_20dB,53.6154316738168,9.64942914308321,1.76563979153895,1.45440196947845,2.28415373973497,0.89069843007476,0.68497961602271,0.914068752306419
Case3_Outlier_Leak,15.9648491647132,2.55297863508179,1.59870228143441,1.49507575149015,0.940000570369621,3.66278801854158,1.07177294568219,0.951850939337939
Case4_Pure_Leak,1.68694214275258,1.43149723171504,1.28640655923813,1.39983105618958,0.898183908402697,3.61395594404249,0.94429554586325,0.902988867763216
