Case,Pipe1_Standard,Pipe1_Chen,Pipe1_EKF_LE,Pipe1_AFEKF,Pipe5_Standard,Pipe5_Chen,Pipe5_EKF_LE,Pipe5_AFEKF
Case1_Clean,1.47406311077933,1.33310544905228,1.20980623480638,1.35505825686774,0.745336345514167,0.710355329711865,0.566581882748283,0.719486899342725
Case2_10dB,17.0362896335917,2.86303323410272,1.25808467952701,1.34784057316998,0.781623977422152,0.722355845743835,0.561580512210992,0.718843852983599
Case2_20dB,52.5928720318033,9.90129688304535,1.71021360943623,1.34791421729952,2.650263327452,0.717469900340642,0.566976019887233,0.724070801361809
Case3_Outlier_Leak,15.7774524100986,2.70521173755376,1.29567871846329,1.27213762670573,0.894834653335736,3.75932288003836,1.35402846115607,1.74931190909598
Case4_Pure_Leak,1.82645895356665,1.58313953910002,1.46518886056617,1.56220437925112,0.777622230643011,3.52478602349222,1.35691050884338,1.21700956236158
