Case,Pipe1_Standard,Pipe1_Chen,Pipe1_EKF_LE,Pipe1_AFEKF,Pipe5_Standard,Pipe5_Chen,Pipe5_EKF_LE,Pipe5_AFEKF
Case1_Clean,1.34245831621918,1.16633104246563,1.09313741625474,1.23207093872951,0.859610173721505,0.814158168421089,0.639155837765922,0.82560234865322
Case2_10dB,16.8257352527226,2.29039677815906,1.08536776450487,1.27133342139399,2.48410771755881,0.803702269083576,0.629459383266002,0.805905282550031
Case2_20dB,55.4478161572291,9.43526211348781,1.41407122298437,1.27219617429561,5.94018345676932,0.794520087673167,0.628269904124792,0.806092335340106
Case3_Outlier_Leak,16.3030612961729,2.27885050784855,1.23107935005681,1.30666152305907,1.35619434755062,3.75972699580448,1.05467451744567,0.958504939391822
Case4_Pure_Leak,1.36701980117874,1.22122756881629,1.15560322408849,1.22366464494855,0.840869053180042,3.51793994504193,1.4609000954659,1.01019508188702
