Case,Pipe1_Standard,Pipe1_Chen,Pipe1_EKF_LE,Pipe1_AFEKF,Pipe5_Standard,Pipe5_Chen,Pipe5_EKF_LE,Pipe5_AFEKF
Case1_Clean,1.56864023630584,1.35734705358083,1.20224633045038,1.32125874840455,0.817226877488841,0.774545047590963,0.622253008475643,0.755067749500595
Case2_10dB,16.4009629945468,2.65101851040072,1.27195254169149,1.31141581467406,1.22847801104298,0.829301802715684,0.665010680427447,0.774226003170677
Case2_20dB,51.2724791864083,9.84755910673191,1.60707280900474,1.31154006695698,1.38712031796543,0.797959881458177,0.658246544878751,0.771390343979549
Case3_Outlier_Leak,17.3170663247256,2.17049094007722,1.24224400357019,1.16203731566961,1.27597530927318,3.67599878551503,0.997951025004488,0.920001389037769
Case4_Pure_Leak,1.50562773675337,1.32255321013085,1.20453338617547,1.26404763061306,0.843785481195457,3.55499379421744,1.36497540646065,1.06946862591387
