Case,Pipe1_Standard,Pipe1_Chen,Pipe1_EKF_LE,Pipe1_AFEKF,Pipe5_Standard,Pipe5_Chen,Pipe5_EKF_LE,Pipe5_AFEKF
Case1_Clean,1.63262716351485,1.40876921150228,1.35174772165345,1.42254151772113,0.74248971467444,0.707475673072098,0.557228659885012,0.706140675337368
Case2_10dB,16.9144477083665,2.2673561298463,1.42523608029617,1.4263465461723,2.66488813601098,0.751639944107208,0.593109603663663,0.747496994446715
Case2_20dB,55.658282326772,10.6726009562632,1.72265289078212,1.42625421975719,4.03023544334765,0.780107939979959,0.59238829336138,0.750853899274584
Case3_Outlier_Leak,17.4792880259902,2.46352289094629,1.26242229972257,1.32290357746248,3.28430683325167,3.80398625118664,1.44692239537257,1.05328629622791
Case4_Pure_Leak,1.67464504368937,1.44771289635674,1.30422225899639,1.35826373853039,0.798973426334783,3.57125817173149,1.17519414434201,1.23092811234575
