Case,Pipe1_Standard,Pipe1_Chen,Pipe1_EKF_LE,Pipe1_AFEKF,Pipe5_Standard,Pipe5_Chen,Pipe5_EKF_LE,Pipe5_AFEKF
Case1_Clean,1.48342742426584,1.30982421704377,1.16598911612912,1.31812204011363,0.721108853384113,0.684799473536671,0.555100238777763,0.693802759885498
Case2_10dB,17.2446051653252,2.64374590372839,1.25099730909258,1.35692027945886,3.17002000196202,0.716193395502086,0.568501888936972,0.716011610946718
Case2_20dB,53.8513838547742,10.578201248315,1.54483056347645,1.35673945213937,1.27874215443798,0.725568058851617,0.57477895186089,0.716065043330499
Case3_Outlier_Leak,15.7435570190814,2.46698560944169,1.23487767893773,1.26774257438015,1.83889256803799,3.7083797480961,1.0371150840021,0.870451963879665
Case4_Pure_Leak,1.35316745138233,1.1980286793954,1.08974684320204,1.1877137442885,0.875702149388212,3.53506334470564,1.03091844460236,0.885977495497779
