Case,Pipe1_Standard,Pipe1_Chen,Pipe1_EKF_LE,Pipe1_AFEKF,Pipe5_Standard,Pipe5_Chen,Pipe5_EKF_LE,Pipe5_AFEKF
Case1_Clean,2.13467499705905,1.81068515665174,1.61235221724615,1.85186192938993,0.917087623651971,0.85972747086394,0.66142158454216,0.872685793328512
Case2_10dB,16.9624809215662,2.64370128123596,1.75435167932074,1.97827131497139,1.32675520659277,0.834678392513065,0.646563257281114,0.837320498796266
Case2_20dB,54.4771163892721,11.0550533803423,2.02091913680785,1.97895509420961,2.78441370415952,0.842548341813999,0.63044897592094,0.833416236839097
Case3_Outlier_Leak,16.4637176417893,2.6651801998964,1.68607225610476,1.34069686870501,2.19366786067821,3.73162092054356,1.43422404995445,1.07408690070274
Case4_Pure_Leak,1.48670785470139,1.28478772974289,1.14830182887199,1.25068546187912,0.866287100277318,3.56587674409653,1.23053136056485,0.997305975741228
