Case,Pipe1_Standard,Pipe1_Chen,Pipe1_EKF_LE,Pipe1_AFEKF,Pipe5_Standard,Pipe5_Chen,Pipe5_EKF_LE,Pipe5_AFEKF
Case1_Clean,1.7474176649227,1.4911204921364,1.35326423176719,1.52407497310008,0.91245040092426,0.863529742774845,0.680205507374649,0.875372002492373
Case2_10dB,15.6244582046621,2.32755885866317,1.32331021823198,1.46668385607722,1.21571049819977,0.876805244665959,0.683580176565189,0.876445138050833
Case2_20dB,51.4698828334511,10.2419579666375,1.8329113004879,1.46592610012529,1.43153236790028,0.896902666298546,0.69638146639968,0.876393792180713
Case3_Outlier_Leak,17.17272941245,2.45057602935349,1.22546400017906,1.2510730717844,2.16006315227322,3.7939408685588,0.964922529240308,0.948714299661194
Case4_Pure_Leak,1.41472830597604,1.25709810596038,1.15634155056426,1.24678739029842,0.727295997033244,3.47640767507062,1.35177711580079,0.907699703403539
