Case,Pipe1_Standard,Pipe1_Chen,Pipe1_EKF_LE,Pipe1_AFEKF,Pipe5_Standard,Pipe5_Chen,Pipe5_EKF_LE,Pipe5_AFEKF
Case1_Clean,1.82154363376025,1.57913018321685,1.43932621634521,1.61239452478513,0.796572691089241,0.75679188021746,0.606527788031241,0.770975142529217
Case2_10dB,17.1748818578546,2.57312391904206,1.53338867026737,1.74037487740809,3.23946871605258,0.753445596425414,0.592483343845528,0.751558589072119
Case2_20dB,53.4651649004588,9.51526832267696,2.04850351098264,1.74003443198903,7.78384977046038,0.704860937607997,0.607379003059716,0.751270456286
Case3_Outlier_Leak,16.9088807392722,2.31773718030882,1.06328621093117,1.09843032237322,0.949603097694988,3.74436179608508,0.983299015736059,0.955490174045199
Case4_Pure_Leak,1.33088092373667,1.22632709202504,1.16514937101771,1.17454612491272,0.880186303840259,3.56343849771373,1.61275085902978,1.63238828109411
