Case,Pipe1_Standard,Pipe1_Chen,Pipe1_EKF_LE,Pipe1_AFEKF,Pipe5_Standard,Pipe5_Chen,Pipe5_EKF_LE,Pipe5_AFEKF
Case1_Clean,1.62422800131881,1.38075567139105,1.24378444225335,1.42407520441773,0.700265802621259,0.661457514689666,0.522001622308657,0.669703779979821
Case2_10dB,17.0540595678202,2.64863404983172,1.34025380143102,1.50258067319303,2.04542483222955,0.694346889958116,0.537854749418074,0.69631051059947
Case2_20dB,50.8165478728026,7.92412170047392,1.75534508947373,1.47161874884696,5.8632980478397,0.692273050994489,0.554697902603534,0.679869807751883
Case3_Outlier_Leak,15.7983333327065,2.41974679807848,1.26311375947352,1.25950915977096,2.25065327464607,3.71656932590711,1.02565184421151,0.790250593491903
Case4_Pure_Leak,1.36535498711801,1.21561366297991,1.1359575318033,1.18630865422179,0.821654576311059,3.56466582505231,1.35313716145134,1.05589116853325
