Case,Pipe1_Standard,Pipe1_Chen,Pipe1_EKF_LE,Pipe1_AFEKF,Pipe5_Standard,Pipe5_Chen,Pipe5_EKF_LE,Pipe5_AFEKF
Case1_Clean,1.43692768362794,1.20089207637408,1.0674251082682,1.21439759611382,0.852639440826836,0.813094124332892,0.64218318349747,0.828981550164254
Case2_10dB,16.8032073124972,2.46919639037528,1.15066132170787,1.0885739997521,1.37615490732888,0.85466914769786,0.662049222299257,0.860575119404736
Case2_20dB,50.6001195010688,8.89376640084364,1.77474394081885,1.08871711274634,7.89828790788131,0.837719832561153,0.662560672288643,0.859996969608074
Case3_Outlier_Leak,17.7470496005978,2.22554308088179,1.07852939885954,1.13841954755365,1.35883199753049,3.69611661232513,1.01343255589464,0.972981666346994
Case4_Pure_Leak,1.36753119577452,1.2381542460046,1.32108701025501,1.27640829958319,0.800416020539416,3.51753471874901,1.05512405752554,0.889358536163131
