Case,Pipe1_Standard,Pipe1_Chen,Pipe1_EKF_LE,Pipe1_AFEKF,Pipe5_Standard,Pipe5_Chen,Pipe5_EKF_LE,Pipe5_AFEKF
Case1_Clean,1.45431950910724,1.29208811469481,1.23121165706855,1.27962897591625,0.767353990301681,0.728741831235046,0.554433798765983,0.712605134921422
Case2_10dB,15.8357631074441,2.68788012099764,1.2862621802605,1.29724408278567,2.51864192209141,0.656756959609857,0.532422555493005,0.647890565616907
Case2_20dB,54.1698460279913,11.2179087977636,1.80132033651502,1.29745962851296,5.8825374034185,0.681307917522332,0.551160122097176,0.647718060837202
Case3_Outlier_Leak,16.4672490860427,2.45950902513265,1.20578099641413,1.18748531445565,1.38824447492521,3.67259404691878,0.793543729746433,0.694412002175448
Case4_Pure_Leak,1.47631214827992,1.32279577731803,1.59761239233516,1.32265785323068,0.771422905075452,3.58396976326062,1.24066991153371,1.00871364286272
