Case,Pipe1_Standard,Pipe1_Chen,Pipe1_EKF_LE,Pipe1_AFEKF,Pipe5_Standard,Pipe5_Chen,Pipe5_EKF_LE,Pipe5_AFEKF
Case1_Clean,1.67455321973208,1.45927551812342,1.30645218440154,1.46741294777996,0.758935669266658,0.725518137468845,0.591811612294279,0.735958828504297
Case2_10dB,16.3461070401144,2.83250029397816,1.34026561907131,1.43679112156174,0.777804456764205,0.754201647675094,0.613637536197533,0.757695558192594
Case2_20dB,51.7161862719173,9.93518039863571,1.60254733837839,1.43607918307724,2.38581441020619,0.738472655760135,0.624899753720827,0.756460093259519
Case3_Outlier_Leak,15.678680980932,2.43360086296276,1.37305955425841,1.28616367236537,0.885861764117311,3.74451055334943,1.09919044679738,0.935611012541081
Case4_Pure_Leak,1.65810643677084,1.43798671019805,1.30448503750971,1.42779830310529,0.734158912019373,3.58820400173006,1.07411046157484,0.781515060457518
