Period,P_RMSE_Standard,P_RMSE_Chen,P_RMSE_EKF_LE,P_RMSE_AFEKF,M_RMSE_Standard,M_RMSE_Chen,M_RMSE_EKF_LE,M_RMSE_AFEKF,Pipe1_Standard,Pipe1_Chen,Pipe1_EKF_LE,Pipe1_AFEKF,Pipe5_Standard,Pipe5_Chen,Pipe5_EKF_LE,Pipe5_AFEKF
Full_Period,0.104653181758863,0.0662376585607354,0.062137697618409,0.0590646045721156,2.33988785413154,3.00205221748164,2.31535177902607,2.3251220939912,1.42047338065814,1.23592930578732,1.15691789680659,1.24191564925126,0.910031556510626,3.56307024486244,1.37895737043369,1.21964135320945
Normal_0to12h,0.105848303875104,0.0697185209916332,0.0625205514165334,0.0604957014731865,2.22411516771828,3.03400594479136,2.07565100682535,2.10841952226754,1.31620551735896,1.18627117883047,1.13582512560768,1.20971127837283,0.938788403175367,3.91897426295166,1.16431938333788,1.05064694858231
Leak_12to24h,0.104933583397533,0.0729971787831885,0.0654217199349891,0.0594510513150806,2.25838867690503,3.5212123051019,2.39883741202922,2.35431134153407,1.46639180692005,1.28259269788913,1.21363044993019,1.26736603294002,0.968908755513887,4.94200605602236,1.83151120732294,1.52208132449409
