Period,P_RMSE_Standard,P_RMSE_Chen,P_RMSE_EKF_LE,P_RMSE_AFEKF,M_RMSE_Standard,M_RMSE_Chen,M_RMSE_EKF_LE,M_RMSE_AFEKF,Pipe1_Standard,Pipe1_Chen,Pipe1_EKF_LE,Pipe1_AFEKF,Pipe5_Standard,Pipe5_Chen,Pipe5_EKF_LE,Pipe5_AFEKF
Full_Period,0.101557734522313,0.0630575940345024,0.0559568548040371,0.0561013600751158,2.38642456178936,3.01753777207252,2.34885732856782,2.38447540736516,1.66815453209373,1.4601849899206,1.32896925022722,1.47999672999237,0.752201186136678,3.46938966443728,1.14228562994886,0.776035303833505
Normal_0to12h,0.101602133087912,0.060532467045818,0.0516264829671488,0.0527893395775562,2.10836376238015,2.92927375736808,2.02766812285223,2.06319686366509,1.6218244748431,1.43090834591796,1.33411817196841,1.45541622727906,0.704341395959731,3.79186559450938,0.899915995421522,0.687314862849084
Leak_12to24h,0.102474192358115,0.0696820994485549,0.0569200164962558,0.0568010700919844,2.19450690433619,3.45176934421204,2.26947760216155,2.26674479372814,1.75228773169197,1.53642963150381,1.40038023947489,1.55426909870839,0.826714312765059,4.83230813832175,1.52550168278028,0.89422227777786
