Period,P_RMSE_Standard,P_RMSE_Chen,P_RMSE_EKF_LE,P_RMSE_AFEKF,M_RMSE_Standard,M_RMSE_Chen,M_RMSE_EKF_LE,M_RMSE_AFEKF,Pipe1_Standard,Pipe1_Chen,Pipe1_EKF_LE,Pipe1_AFEKF,Pipe5_Standard,Pipe5_Chen,Pipe5_EKF_LE,Pipe5_AFEKF
Full_Period,0.106247047302151,0.0680607978036118,0.0645976995054313,0.0609822881847072,2.71063955457245,3.29978727469762,2.6881051438022,2.68388058000472,1.52282822170331,1.34991550018739,1.45122197657533,1.28727281731866,0.801516054689411,3.58279098214233,1.14096290247736,1.04103648947047
Normal_0to12h,0.105947886449269,0.0707665355458974,0.0701482208172014,0.0626851464497508,3.08592495154498,3.69979777408602,2.99170910831885,2.98434290826991,1.5672065297425,1.2913136690311,1.55383603190658,1.14932264680176,0.859739293748429,3.96143173784629,0.890670182999588,1.26652934812977
Leak_12to24h,0.106610910701613,0.0749302528041851,0.0625132071979384,0.0628667351316737,2.99209444001978,4.02370178802398,3.00515756455761,3.01481221878736,1.7238778034014,1.51188778572177,1.38236583303749,1.39688515082178,0.76936844313705,4.97030486640142,1.47228818861581,1.23515989581133
