Period,P_RMSE_Standard,P_RMSE_Chen,P_RMSE_EKF_LE,P_RMSE_AFEKF,M_RMSE_Standard,M_RMSE_Chen,M_RMSE_EKF_LE,M_RMSE_AFEKF,Pipe1_Standard,Pipe1_Chen,Pipe1_EKF_LE,Pipe1_AFEKF,Pipe5_Standard,Pipe5_Chen,Pipe5_EKF_LE,Pipe5_AFEKF
Full_Period,0.105395869781677,0.0666774869791024,0.0599660788889332,0.0589983314742604,2.27606432062497,2.95031343812186,2.26776777184131,2.256222084927,1.63741492906883,1.44853318632165,1.34208981002363,1.44237294472403,0.827802456078748,3.5734827722706,1.23689273261206,0.859762985069995
Normal_0to12h,0.106325587064713,0.0659571620476437,0.0570146641996017,0.0563847589218747,2.00944714557418,2.87848700273845,1.9568644986637,1.94572555615043,1.66721858209675,1.51244357143909,1.43024074267212,1.5088878476786,0.807139700207535,3.94618898078389,0.955626210510379,0.855166668243126
Leak_12to24h,0.107787013946243,0.0781938030365655,0.0678996959300367,0.0651237850327376,2.36776474291912,3.58480011527066,2.44745782983441,2.3942714324597,1.53901438038271,1.33470285023781,1.23732783508317,1.31087166439106,0.715825837319189,4.94225771492971,1.60984802679994,0.825545366005266
