Period,P_RMSE_Standard,P_RMSE_Chen,P_RMSE_EKF_LE,P_RMSE_AFEKF,M_RMSE_Standard,M_RMSE_Chen,M_RMSE_EKF_LE,M_RMSE_AFEKF,Pipe1_Standard,Pipe1_Chen,Pipe1_EKF_LE,Pipe1_AFEKF,Pipe5_Standard,Pipe5_Chen,Pipe5_EKF_LE,Pipe5_AFEKF
Full_Period,0.102106211565251,0.0643418181783287,0.0589673696276434,0.0581030935110989,2.56536875046448,3.18451474518126,2.55179718671597,2.58150630566492,1.72170577878571,1.59077084678421,1.51569096021134,1.61021230618655,0.887323288696084,3.61161854453194,1.34736133385527,1.01847447629133
Normal_0to12h,0.101365306284541,0.0624249018929657,0.0576716059330317,0.0575267628591768,2.26481030394575,3.09172554842138,2.24250673655722,2.26928218064433,1.45997088540121,1.40727057213541,1.43374380857054,1.43113128005253,0.849633916895514,3.98515794542856,1.02810070069026,0.933719543759258
Leak_12to24h,0.104385204306071,0.0730354285898763,0.0625359729094849,0.0602874751772282,2.4234757339711,3.64828105076634,2.52684677369514,2.49508345445086,1.45058347621752,1.38614067615894,1.33980311244143,1.36988354458284,0.846569567989942,4.99906426697995,1.77125441398205,1.14203547320837
