Period,P_RMSE_Standard,P_RMSE_Chen,P_RMSE_EKF_LE,P_RMSE_AFEKF,M_RMSE_Standard,M_RMSE_Chen,M_RMSE_EKF_LE,M_RMSE_AFEKF,Pipe1_Standard,Pipe1_Chen,Pipe1_EKF_LE,Pipe1_AFEKF,Pipe5_Standard,Pipe5_Chen,Pipe5_EKF_LE,Pipe5_AFEKF
Full_Period,0.100698403785416,0.0582761637012804,0.0530876626062843,0.0523033058796412,2.2859285907855,2.94350625637044,2.3038181090206,2.29541426685257,1.14470309755147,1.03170096210843,1.00097027474711,1.02422271315206,0.785671684523747,3.4614524691749,1.33641300489825,0.903096901606103
Normal_0to12h,0.103601143807824,0.0635978087528894,0.0567744101918292,0.0567504194279765,2.49832812970909,3.23708345612978,2.42991981517135,2.44445921552816,1.01059803661713,0.925146278747029,0.978896110782899,0.938779058754915,0.684390700763995,3.90073650429324,0.841346090318969,0.863909032587106
Leak_12to24h,0.0974673378485389,0.0642756739641952,0.0552663204725157,0.0533466923536596,2.47698904505858,3.62302469162631,2.59345199246617,2.54463263382924,1.30983578996466,1.14019732103342,1.04760971052102,1.1235924682488,0.743083600878533,4.79996722731283,1.78304156294482,1.00848361625265
