Period,P_RMSE_Standard,P_RMSE_Chen,P_RMSE_EKF_LE,P_RMSE_AFEKF,M_RMSE_Standard,M_RMSE_Chen,M_RMSE_EKF_LE,M_RMSE_AFEKF,Pipe1_Standard,Pipe1_Chen,Pipe1_EKF_LE,Pipe1_AFEKF,Pipe5_Standard,Pipe5_Chen,Pipe5_EKF_LE,Pipe5_AFEKF
Full_Period,0.103483700788987,0.0638990867424943,0.0571478697898759,0.0569865229949971,2.30225382028259,2.99939201039294,2.32476443798864,2.35501798487031,1.15368129593956,1.09587325294361,1.1132527281856,1.09682304156926,0.817737008340149,3.60952794005909,1.38072542527273,1.3252176955252
Normal_0to12h,0.102903673732388,0.0652718821206441,0.0575287487148994,0.0570590100225757,2.22296665559593,3.05580573946769,2.16595340390374,2.20902055457792,1.24974906268425,1.15444694529697,1.1843830206545,1.15186923301162,0.807573349718803,3.95279583591958,0.993959322777277,1.17358773614566
Leak_12to24h,0.104451799439423,0.0741076493693396,0.063440040987731,0.0620553353993945,2.51394897231729,3.71766765669991,2.63936239115002,2.64155460319095,1.18852144551185,1.16356580216067,1.16319148327358,1.15159559973674,0.774464524393326,5.00468880030022,1.86110875352833,1.72366053668266
