Period,P_RMSE_Standard,P_RMSE_Chen,P_RMSE_EKF_LE,P_RMSE_AFEKF,M_RMSE_Standard,M_RMSE_Chen,M_RMSE_EKF_LE,M_RMSE_AFEKF,Pipe1_Standard,Pipe1_Chen,Pipe1_EKF_LE,Pipe1_AFEKF,Pipe5_Standard,Pipe5_Chen,Pipe5_EKF_LE,Pipe5_AFEKF
Full_Period,0.103365012078872,0.0636011918821039,0.0576086751730514,0.0590456975653633,2.63024575308044,3.22665842700839,2.5913869258587,2.64561387220396,1.67464504368937,1.44771289635674,1.30422225899639,1.35826373853039,0.798973426334783,3.57125817173149,1.17519414434201,1.23092811234575
Normal_0to12h,0.103463425607627,0.0604360825223497,0.0530057952623277,0.0545176041090419,2.14181941348454,2.98267337105464,2.04883921116213,2.0918265216024,1.67565521277922,1.4414826826607,1.29722579818773,1.26619146260658,0.754700466620224,3.94108250122869,0.91276007019619,1.21404829301763
Leak_12to24h,0.100802040056391,0.0716118994376888,0.0608465830068434,0.0632176740452015,2.87943758663282,3.93251621108085,2.90283150348365,2.96381457971215,1.71793097968712,1.42980487726817,1.24221093095307,1.22008908602101,0.843291882085033,4.96561461156595,1.55456038889741,1.578588113278
