Period,P_RMSE_Standard,P_RMSE_Chen,P_RMSE_EKF_LE,P_RMSE_AFEKF,M_RMSE_Standard,M_RMSE_Chen,M_RMSE_EKF_LE,M_RMSE_AFEKF,Pipe1_Standard,Pipe1_Chen,Pipe1_EKF_LE,Pipe1_AFEKF,Pipe5_Standard,Pipe5_Chen,Pipe5_EKF_LE,Pipe5_AFEKF
Full_Period,0.104265632694412,0.0608430170502716,0.0550834010612893,0.0562397848250479,2.5025628492729,3.12168230482738,2.43134718980467,2.4928285181049,1.74000547994076,1.49829336948734,1.32619163374226,1.49784489040184,0.852756558141834,3.59489601882914,1.22632109391464,0.935532185585336
Normal_0to12h,0.103750882875001,0.0605681752558557,0.0563545287985657,0.0561757573725893,2.39175704087259,3.16725065637351,2.2626008873865,2.30458230496677,1.27712644258314,1.19837342477044,1.12920791872104,1.16907511454256,0.844999844726175,3.97812825854825,0.910258971313926,0.782950597488545
Leak_12to24h,0.104667512527983,0.0648035913563816,0.0532142889714263,0.0540082889995837,2.63337934618346,3.76372896214255,2.67535434273602,2.70848231441865,1.72420066838951,1.47609193765712,1.27791013415772,1.48822907231248,0.961038066316432,5.00316063968798,1.64043028592292,1.12442893171237
