Period,P_RMSE_Standard,P_RMSE_Chen,P_RMSE_EKF_LE,P_RMSE_AFEKF,M_RMSE_Standard,M_RMSE_Chen,M_RMSE_EKF_LE,M_RMSE_AFEKF,Pipe1_Standard,Pipe1_Chen,Pipe1_EKF_LE,Pipe1_AFEKF,Pipe5_Standard,Pipe5_Chen,Pipe5_EKF_LE,Pipe5_AFEKF
Full_Period,0.103629581338387,0.0582262544938118,0.0513068913914105,0.0531826318877137,2.07257854204412,2.80643348034033,2.0937354230012,2.11492694229854,1.36701980117874,1.22122756881629,1.15560322408849,1.22366464494855,0.840869053180042,3.51793994504193,1.4609000954659,1.01019508188702
Normal_0to12h,0.103162189157741,0.0600294445581706,0.0491609492878327,0.0527187439196962,1.96457260829427,2.86764155899842,1.90454342377629,1.95636539193064,1.02094998749307,0.905283013515866,0.85320094064006,0.900381248524563,0.810598955853975,3.89944819146882,0.981934293695134,0.937881437909677
Leak_12to24h,0.102885933961107,0.0644019970368098,0.0522435755622625,0.0528391522608327,2.03641218433273,3.39213729196972,2.21347324553624,2.17211022518954,1.23561925050187,1.13559287302857,1.04519941726957,1.12612546849117,0.929603038908991,4.8921041377553,1.98536409884448,1.23772018879118
