Period,P_RMSE_Standard,P_RMSE_Chen,P_RMSE_EKF_LE,P_RMSE_AFEKF,M_RMSE_Standard,M_RMSE_Chen,M_RMSE_EKF_LE,M_RMSE_AFEKF,Pipe1_Standard,Pipe1_Chen,Pipe1_EKF_LE,Pipe1_AFEKF,Pipe5_Standard,Pipe5_Chen,Pipe5_EKF_LE,Pipe5_AFEKF
Full_Period,0.104609646436456,0.0659300595611015,0.0576608634909783,0.0595949136602463,2.56519212519985,3.17298786952179,2.54360128043338,2.58591969493304,1.43096760072349,1.28559199882923,1.17970344336783,1.26253506770773,0.786536290487042,3.54923911509135,1.22477894251756,1.18595700847862
Normal_0to12h,0.105457921986756,0.0657869441548857,0.0555128540895443,0.0591675358797137,2.27256635986283,3.07541280348478,2.19842513383266,2.25999640895929,1.18525890048899,1.07054957299913,0.986095838630828,1.00235993299223,0.676282463212889,3.93799393714835,0.874586309708123,1.25241245096126
Leak_12to24h,0.106827970797111,0.0761200320620548,0.0643700193233528,0.0652164531865675,2.77747960449077,3.85872793849376,2.84615953409112,2.87557069270834,1.26096662746302,1.14230107270272,1.06834923739736,1.11835654181552,0.763634720751176,4.92680315309306,1.62768479328303,1.5149901842218
