Period,P_RMSE_Standard,P_RMSE_Chen,P_RMSE_EKF_LE,P_RMSE_AFEKF,M_RMSE_Standard,M_RMSE_Chen,M_RMSE_EKF_LE,M_RMSE_AFEKF,Pipe1_Standard,Pipe1_Chen,Pipe1_EKF_LE,Pipe1_AFEKF,Pipe5_Standard,Pipe5_Chen,Pipe5_EKF_LE,Pipe5_AFEKF
Full_Period,0.103377630440211,0.063867533198573,0.0571890019965322,0.0560238126730952,2.49582348696331,3.12875807040888,2.47005991715986,2.42652523535341,1.30090634912624,1.19527353295738,1.11586498526427,1.19556631474639,0.942798726465549,3.53034964355318,1.17860706615611,0.927929903460854
Normal_0to12h,0.103675315992626,0.0649700484513274,0.0566320912741511,0.0552080739690057,2.2105856715257,3.01825825202408,2.11211450385195,2.07589580376247,1.36458521835838,1.30682749569431,1.23975018790574,1.30121377205382,0.980114791293893,3.84694300912228,0.974140937951755,0.948108952593694
Leak_12to24h,0.103917175154515,0.0682077892036143,0.0563368244786383,0.0546414418425458,2.46963299092717,3.65658574334127,2.55374972027085,2.46477533636308,1.14853442588598,1.05488439129796,1.00394128661594,1.05490683506927,1.09537181196451,4.9079299879815,1.56447813473518,1.09902574698003
