Period,P_RMSE_Standard,P_RMSE_Chen,P_RMSE_EKF_LE,P_RMSE_AFEKF,M_RMSE_Standard,M_RMSE_Chen,M_RMSE_EKF_LE,M_RMSE_AFEKF,Pipe1_Standard,Pipe1_Chen,Pipe1_EKF_LE,Pipe1_AFEKF,Pipe5_Standard,Pipe5_Chen,Pipe5_EKF_LE,Pipe5_AFEKF
Full_Period,0.105777732112449,0.0629743018765292,0.0546612674015296,0.055440053088219,2.44536194550912,3.09660610678138,2.44541973160878,2.45461698990525,1.52841959833235,1.36180586062069,1.27443853638337,1.37914323746522,0.855255136335501,3.61614197702639,1.50080151270489,1.18442045746804
Normal_0to12h,0.108815573327185,0.0665894763276988,0.0571298318477614,0.0576669452139356,2.52391252896518,3.28175578217491,2.44869261874689,2.47821167551889,1.4993286363741,1.37067246542164,1.31338426474179,1.40116941697501,0.911020319979858,3.99995863211061,0.957219064757147,0.889242496656519
Leak_12to24h,0.105353508278511,0.0686741204473904,0.0556159543891403,0.0542298250214025,2.53003882730497,3.72368937438453,2.65466263229579,2.6062141947929,1.42972011376588,1.29371137982783,1.24150884893727,1.28083221987849,0.882286632508878,5.01970501544437,2.03507909594959,1.49653144392186
