Period,P_RMSE_Standard,P_RMSE_Chen,P_RMSE_EKF_LE,P_RMSE_AFEKF,M_RMSE_Standard,M_RMSE_Chen,M_RMSE_EKF_LE,M_RMSE_AFEKF,Pipe1_Standard,Pipe1_Chen,Pipe1_EKF_LE,Pipe1_AFEKF,Pipe5_Standard,Pipe5_Chen,Pipe5_EKF_LE,Pipe5_AFEKF
Full_Period,0.105250913208311,0.0647885981342985,0.0575793969744585,0.0578760349324131,2.48979135558756,3.12054014905388,2.4809675169708,2.49019972687358,1.50562773675337,1.32255321013085,1.20453338617547,1.26404763061306,0.843785481195457,3.55499379421744,1.36497540646065,1.06946862591387
Normal_0to12h,0.105911065239012,0.0610700644404166,0.0536901081814509,0.0533594186768018,2.30171031413666,3.10486270140605,2.21223524751679,2.23328293071355,1.34290241548688,1.22983842030791,1.15398286896496,1.13854906579844,0.844543636939896,3.95625133276455,0.782859936034389,0.849150797653541
Leak_12to24h,0.10478179473684,0.0724004762917227,0.0603697884152296,0.0593872001883529,2.81717845952102,3.89074452400948,2.87358248382498,2.86090469301541,1.58745135556615,1.37023163379293,1.20070417498606,1.24874176116037,0.875645404775337,4.93501050194062,1.830586982967,1.29845351358517
