Period,P_RMSE_Standard,P_RMSE_Chen,P_RMSE_EKF_LE,P_RMSE_AFEKF,M_RMSE_Standard,M_RMSE_Chen,M_RMSE_EKF_LE,M_RMSE_AFEKF,Pipe1_Standard,Pipe1_Chen,Pipe1_EKF_LE,Pipe1_AFEKF,Pipe5_Standard,Pipe5_Chen,Pipe5_EKF_LE,Pipe5_AFEKF
Full_Period,0.10554990646222,0.0640446220092701,0.0583677050589214,0.057347349577419,2.91067170869729,3.44876668422316,2.90788563753724,2.88098384986176,1.81900359801155,1.57196888521358,1.51529308920263,1.56362785606406,0.821915875484525,3.62032271419133,1.44127388802501,0.859863369856767
Normal_0to12h,0.106418416449376,0.065956969339242,0.0617255993404345,0.0594541882266472,2.64997042803021,3.34039817115188,2.60859614491929,2.57326853092104,1.65358456050581,1.49901204678146,1.55425564778609,1.45162250013583,0.791873376915068,3.96182553042881,0.824552705808284,0.811757972011635
Leak_12to24h,0.104703145780823,0.0683454555092569,0.0562625146771124,0.0536776237890584,2.9034160876625,3.96121927443065,2.9734587818102,2.92919089479662,1.67868769351699,1.45703091205302,1.27162293110673,1.39416112298842,0.765290816882439,5.01790191303772,1.93336262769533,0.891303609753534
