Period,P_RMSE_Standard,P_RMSE_Chen,P_RMSE_EKF_LE,P_RMSE_AFEKF,M_RMSE_Standard,M_RMSE_Chen,M_RMSE_EKF_LE,M_RMSE_AFEKF,Pipe1_Standard,Pipe1_Chen,Pipe1_EKF_LE,Pipe1_AFEKF,Pipe5_Standard,Pipe5_Chen,Pipe5_EKF_LE,Pipe5_AFEKF
Full_Period,0.10372476869242,0.0661228552113465,0.0598877042576005,0.0633611892538942,2.38071824361014,3.02935620392633,2.3988988091876,2.43817752751568,1.29168266523235,1.1901443376103,1.12063220586807,1.23989757023197,0.815747925931202,3.46956969880765,1.43077535937539,1.41348432753302
Normal_0to12h,0.1022633184987,0.06253062357411,0.0544238690183783,0.0612388035299073,2.20399570901861,3.00540574392452,2.14908704735177,2.21443725556208,1.09426617615208,1.00234980416998,0.983864078212081,1.11904715546712,0.592439065476315,3.7919038770915,0.730964116064337,0.787788840142874
Leak_12to24h,0.104279763622369,0.0749665535238247,0.0649920906520065,0.0647788228920015,2.36714042486792,3.58367255510949,2.50625316610318,2.50860887286249,1.1198273483602,1.06131682527644,1.00291508312043,1.01864436108174,0.868861048561254,4.82088330900473,1.94197608875346,1.87589549609856
