Period,P_RMSE_Standard,P_RMSE_Chen,P_RMSE_EKF_LE,P_RMSE_AFEKF,M_RMSE_Standard,M_RMSE_Chen,M_RMSE_EKF_LE,M_RMSE_AFEKF,Pipe1_Standard,Pipe1_Chen,Pipe1_EKF_LE,Pipe1_AFEKF,Pipe5_Standard,Pipe5_Chen,Pipe5_EKF_LE,Pipe5_AFEKF
Full_Period,0.102117997182145,0.0600493653465429,0.0523302086655252,0.0543135472641852,2.64740080918715,3.22810365297886,2.56624349066244,2.61832178483483,1.93224686348015,1.63493470119064,1.45351448002501,1.60492061414652,0.868714371150618,3.57966320145151,1.3190252050927,0.99083337177277
Normal_0to12h,0.102544983687276,0.060955917011957,0.0523416356988192,0.0546223623886675,2.74654513206194,3.40450949798652,2.59320432083803,2.65132400788228,2.01494034765795,1.70316315617817,1.54831134423176,1.63475891990256,0.920947169437866,3.94048995745169,1.0432771261762,1.06380445993508
Leak_12to24h,0.10086572347801,0.065335006607516,0.0517921900852393,0.0524699264080812,2.59396188716086,3.72977900410058,2.61624187671941,2.62603056221193,1.84471447736589,1.5689651533009,1.36295354099042,1.48232542427745,0.891916139712224,4.96513315010582,1.76158459499582,1.18718655356308
