Period,P_RMSE_Standard,P_RMSE_Chen,P_RMSE_EKF_LE,P_RMSE_AFEKF,M_RMSE_Standard,M_RMSE_Chen,M_RMSE_EKF_LE,M_RMSE_AFEKF,Pipe1_Standard,Pipe1_Chen,Pipe1_EKF_LE,Pipe1_AFEKF,Pipe5_Standard,Pipe5_Chen,Pipe5_EKF_LE,Pipe5_AFEKF
Full_Period,0.104467191387465,0.0607409095840297,0.055158481615899,0.0573974730099671,2.44547333018484,3.08840644023316,2.46249715534037,2.49150637335226,1.41667337612444,1.28560317521882,1.19989338576667,1.26236255484599,0.777768287316212,3.56165099355503,1.28648107791255,0.949378368836948
Normal_0to12h,0.10603968172875,0.0617653241640504,0.0538738218427,0.0553699789949491,2.52717197791041,3.25125673546376,2.49666277714659,2.52639466007694,1.44623609162289,1.32839098977988,1.28316455656443,1.30265324030393,0.796888579764881,3.92634050255087,0.74204295021891,0.838953700711336
Leak_12to24h,0.103879309187346,0.0672583569518701,0.0591267218038686,0.0607125415935977,2.66430945127036,3.79042164138721,2.75661125698393,2.78419795344813,1.53391934739146,1.34705425885558,1.21394986237854,1.29384110833022,0.746468356939768,4.94680773354928,1.72326026168444,1.10680913107668
