Period,P_RMSE_Standard,P_RMSE_Chen,P_RMSE_EKF_LE,P_RMSE_AFEKF,M_RMSE_Standard,M_RMSE_Chen,M_RMSE_EKF_LE,M_RMSE_AFEKF,Pipe1_Standard,Pipe1_Chen,Pipe1_EKF_LE,Pipe1_AFEKF,Pipe5_Standard,Pipe5_Chen,Pipe5_EKF_LE,Pipe5_AFEKF
Full_Period,0.105612245562866,0.0660138087217438,0.0574373062279049,0.0636327256229793,2.49099954971804,3.14690027467015,2.47512536462867,2.59644872636326,1.37464793926655,1.25723384056695,1.16799544681857,1.20027886215461,0.768507860082652,3.64253033509322,0.840830776283973,1.23821099466885
Normal_0to12h,0.106051326903097,0.0673936400535915,0.056297570578015,0.0673263677360235,1.9274568236156,2.865717425755,1.89974020836841,2.16765313392481,1.44657770240874,1.36229533398291,1.25048931283784,1.28308874065396,0.673323065739442,3.96628500647286,0.669243312551878,1.5200218130633
Leak_12to24h,0.107069093871934,0.0740380214091378,0.0630913368926852,0.0683630361138313,3.01895429376767,4.0678376264574,3.03120720342204,3.14101097902323,1.57053666670427,1.37005050024351,1.27654073342025,1.24247597192558,0.750697992526114,5.06297604284158,1.03836072133931,1.57411411723614
