Period,P_RMSE_Standard,P_RMSE_Chen,P_RMSE_EKF_LE,P_RMSE_AFEKF,M_RMSE_Standard,M_RMSE_Chen,M_RMSE_EKF_LE,M_RMSE_AFEKF,Pipe1_Standard,Pipe1_Chen,Pipe1_EKF_LE,Pipe1_AFEKF,Pipe5_Standard,Pipe5_Chen,Pipe5_EKF_LE,Pipe5_AFEKF
Full_Period,0.103537095640295,0.0616633205636589,0.0552997640846686,0.0560860734949814,2.65848952042372,3.22117101133376,2.56688430375102,2.61376552623685,1.58707162974728,1.34082043193462,1.24693718073495,1.3053148588923,0.756458045983406,3.49904178058055,1.14175444968085,1.05250534436878
Normal_0to12h,0.101293264234956,0.0615763597622999,0.0549082168910749,0.0545065906923037,2.43655941694259,3.17365943395175,2.25319512409294,2.32085011419162,1.28150606508147,1.11995434631362,1.16755371905562,1.15537860142557,0.574377237358191,3.86280699521053,0.76459277449904,1.00899233768237
Leak_12to24h,0.101757373009059,0.067921904853795,0.0577041716527083,0.058643443003991,2.67908129234214,3.75634076674475,2.72243687986934,2.74016591016144,1.7032328798879,1.39034902654289,1.20686274512094,1.30153285363787,0.732586595756986,4.85910006263507,1.47937879765367,1.27543775771733
