Period,P_RMSE_Standard,P_RMSE_Chen,P_RMSE_EKF_LE,P_RMSE_AFEKF,M_RMSE_Standard,M_RMSE_Chen,M_RMSE_EKF_LE,M_RMSE_AFEKF,Pipe1_Standard,Pipe1_Chen,Pipe1_EKF_LE,Pipe1_AFEKF,Pipe5_Standard,Pipe5_Chen,Pipe5_EKF_LE,Pipe5_AFEKF
Full_Period,0.105584076343132,0.0661453217611532,0.0575818674546963,0.0587936173950764,2.44974100041052,3.10358372883737,2.42556662100841,2.46697525465645,1.63802184045976,1.48479591607119,1.35401521953126,1.44811620652784,0.785405969645167,3.62163787216878,1.00016185293501,0.840415919039783
Normal_0to12h,0.104672694428542,0.067107123191449,0.0582447848120618,0.0597827857973051,2.49250291801729,3.26925762526908,2.44167608102586,2.47050195637417,1.4171513387726,1.27967525151061,1.16675986702661,1.20075809132895,0.762759728511198,4.0656121561876,0.763552871757988,0.82541886895738
Leak_12to24h,0.104424528918772,0.0750016678874478,0.0634003118585355,0.0627105555682295,2.55383339880571,3.73823297441757,2.59829672825181,2.62720736564347,1.59722233086538,1.43416802023787,1.30032044116656,1.36386978907745,0.811118402437852,5.03661514105431,1.29049218482194,0.950681753989165
