Period,P_RMSE_Standard,P_RMSE_Chen,P_RMSE_EKF_LE,P_RMSE_AFEKF,M_RMSE_Standard,M_RMSE_Chen,M_RMSE_EKF_LE,M_RMSE_AFEKF,Pipe1_Standard,Pipe1_Chen,Pipe1_EKF_LE,Pipe1_AFEKF,Pipe5_Standard,Pipe5_Chen,Pipe5_EKF_LE,Pipe5_AFEKF
Full_Period,0.102963281711598,0.0634341561547362,0.056912230555737,0.0580368083113205,2.29307240519374,2.97747131983013,2.29101437789744,2.32885035250848,1.45937711816793,1.33470601172761,1.21788755535061,1.31984703541577,0.780967715551302,3.51626140369564,1.18497386597064,0.979153659732437
Normal_0to12h,0.102994159453861,0.0659124692790197,0.0589811831440246,0.0592681283968748,2.55057701197298,3.26120558654757,2.47502475457822,2.53374687774824,1.55714922554858,1.40181874291852,1.26653702459258,1.37162706989667,0.676907460401269,3.79498210083387,0.896978163768687,1.06745949218729
Leak_12to24h,0.103996310220471,0.0706784071968261,0.0594810776241944,0.0608256943528373,2.42493637930162,3.63708578297015,2.52171633262304,2.53382799519186,1.40998961555515,1.31834524232626,1.20729949972134,1.28956258651469,0.730265499107561,4.87622274055873,1.5619918420434,1.13422169467661
