Period,P_RMSE_Standard,P_RMSE_Chen,P_RMSE_EKF_LE,P_RMSE_AFEKF,M_RMSE_Standard,M_RMSE_Chen,M_RMSE_EKF_LE,M_RMSE_AFEKF,Pipe1_Standard,Pipe1_Chen,Pipe1_EKF_LE,Pipe1_AFEKF,Pipe5_Standard,Pipe5_Chen,Pipe5_EKF_LE,Pipe5_AFEKF
Full_Period,0.105238539580796,0.0633685660202196,0.0573127701700849,0.059558803560285,2.81499167970585,3.37675070138169,2.74111779564438,2.84861064388141,1.72253741781936,1.43474834236626,1.30606958954606,1.39277088499354,0.783442577422219,3.62224071955041,1.55850885440659,1.66153479697392
Normal_0to12h,0.105935619894272,0.0613044852850093,0.0529791386084687,0.0567253574576878,2.45677038735106,3.20937105097963,2.26861677457953,2.41019542148751,1.73539769456345,1.47896954286868,1.40519828824894,1.4161778329953,0.728300595364448,3.9585552633845,0.6540627306866,1.02795360888184
Leak_12to24h,0.104643374294435,0.0722940013701209,0.0612038797502007,0.0645034455439362,2.87210895954413,3.95391933834512,2.95844844578657,3.05766431794239,1.74430633087314,1.43346811661804,1.23414398246284,1.30983034681123,0.817308267138499,5.0385042663851,2.11805386283019,2.22974187412693
