Period,P_RMSE_Standard,P_RMSE_Chen,P_RMSE_EKF_LE,P_RMSE_AFEKF,M_RMSE_Standard,M_RMSE_Chen,M_RMSE_EKF_LE,M_RMSE_AFEKF,Pipe1_Standard,Pipe1_Chen,Pipe1_EKF_LE,Pipe1_AFEKF,Pipe5_Standard,Pipe5_Chen,Pipe5_EKF_LE,Pipe5_AFEKF
Full_Period,0.104567232635511,0.0650826024425733,0.0580067151407274,0.0584334743128628,2.42665890121234,3.07741550982438,2.4188966157456,2.44049252820142,1.30125710703326,1.17326721305212,1.05110740636601,1.12748718115415,0.863826185758222,3.5518466140801,1.24773560663163,0.943480127498226
Normal_0to12h,0.103941487906848,0.065265602815432,0.0578662200457233,0.0568608383701593,2.35055474692172,3.12131448696746,2.26568526035352,2.28474269412377,1.2590778353829,1.104163345099,0.960729012815764,0.993742363811669,0.748639883707766,3.84660840753843,0.903603856178274,0.870706281545558
Leak_12to24h,0.104221060018258,0.0702980243156175,0.0596420050117368,0.0584451154463902,2.60093756100903,3.74611112582383,2.66145296445935,2.66709335634801,1.38779900886117,1.20047360982959,1.04701982372978,1.11228288446894,0.803329035232357,4.91324698736956,1.62346317643257,1.03563543475454
