Period,P_RMSE_Standard,P_RMSE_Chen,P_RMSE_EKF_LE,P_RMSE_AFEKF,M_RMSE_Standard,M_RMSE_Chen,M_RMSE_EKF_LE,M_RMSE_AFEKF,Pipe1_Standard,Pipe1_Chen,Pipe1_EKF_LE,Pipe1_AFEKF,Pipe5_Standard,Pipe5_Chen,Pipe5_EKF_LE,Pipe5_AFEKF
Full_Period,0.104652620742201,0.0645052671201962,0.0566071509213006,0.0584016785176476,2.42095296786553,3.08484675738748,2.37980742036862,2.42160323847771,1.38194395282639,1.27180121437329,1.35190830610767,1.28859105557275,0.90305250745497,3.63337915260098,1.18125137720169,0.911265431110809
Normal_0to12h,0.105755497864544,0.06413974836791,0.0578021176140453,0.058126498841358,1.99851582804398,2.89328640084264,1.94993299721993,1.96306636411918,1.35495613190593,1.25237820083425,1.50128859528966,1.27144525678917,0.915734950734806,3.92798993536566,1.06681735021162,0.912188741445632
Leak_12to24h,0.102953763682253,0.0654678810566559,0.0536580237307997,0.0539615891001334,1.97566904383781,3.38918696241671,2.0797629104642,2.05092072473204,1.03865297868269,0.968920830978328,0.937458011564815,0.973660415433456,0.964484985855614,5.04171546663323,1.53926714387018,1.00799291811445
