Period,P_RMSE_Standard,P_RMSE_Chen,P_RMSE_EKF_LE,P_RMSE_AFEKF,M_RMSE_Standard,M_RMSE_Chen,M_RMSE_EKF_LE,M_RMSE_AFEKF,Pipe1_Standard,Pipe1_Chen,Pipe1_EKF_LE,Pipe1_AFEKF,Pipe5_Standard,Pipe5_Chen,Pipe5_EKF_LE,Pipe5_AFEKF
Full_Period,0.104785243372225,0.0621153087146851,0.0544292530669643,0.0555620210421162,2.24657724103765,2.93929596800456,2.25813436681512,2.2655295364088,1.36535498711801,1.21561366297991,1.1359575318033,1.18630865422179,0.821654576311059,3.56466582505231,1.35313716145134,1.05589116853325
Normal_0to12h,0.101820533496349,0.0611838885032916,0.0508747896544188,0.0510071597052902,1.89399137547773,2.79485149077712,1.84403667105214,1.85904077398453,1.34836231263097,1.26273124951809,1.2041702680687,1.23419318701546,0.704035415567031,3.82581605977268,0.721320511367408,0.703557210429316
Leak_12to24h,0.108553072108493,0.0710407943601082,0.0595981563686032,0.058935312680068,2.28488304439868,3.55085652594231,2.40329861194778,2.37909216617338,1.27699272677919,1.18058696354331,1.13605774680931,1.11992375617498,0.833390768965749,4.94888374650749,1.81484440549754,1.30175152902089
