Period,P_RMSE_Standard,P_RMSE_Chen,P_RMSE_EKF_LE,P_RMSE_AFEKF,M_RMSE_Standard,M_RMSE_Chen,M_RMSE_EKF_LE,M_RMSE_AFEKF,Pipe1_Standard,Pipe1_Chen,Pipe1_EKF_LE,Pipe1_AFEKF,Pipe5_Standard,Pipe5_Chen,Pipe5_EKF_LE,Pipe5_AFEKF
Full_Period,0.105758214319058,0.0653337946519783,0.0582970114955671,0.0595338436122059,2.77574598584441,3.34185428853976,2.73599809081525,2.77003975542069,1.60373757301067,1.39443760451263,1.2745628900589,1.29034522389802,0.789679588648734,3.56947503914912,1.21275309764024,1.1595801172247
Normal_0to12h,0.106531784444403,0.0677196994501738,0.0586171946877398,0.0612223208952245,2.6325688385868,3.34378664616655,2.53382256702447,2.58062329700018,1.83827464431138,1.58552153276197,1.4279544112152,1.39001242152023,0.82431976080707,3.98193836768132,0.944411342913547,1.24399395204782
Leak_12to24h,0.105601471641812,0.0692107144489921,0.0576529210309976,0.058805117715315,2.93177842306499,3.96650214109323,2.94283013631408,2.96878942450724,1.83209771257019,1.53958127992245,1.34437255367554,1.38714295015613,0.785118705806032,4.95651809992177,1.61010980492785,1.45132814863852
