Period,P_RMSE_Standard,P_RMSE_Chen,P_RMSE_EKF_LE,P_RMSE_AFEKF,M_RMSE_Standard,M_RMSE_Chen,M_RMSE_EKF_LE,M_RMSE_AFEKF,Pipe1_Standard,Pipe1_Chen,Pipe1_EKF_LE,Pipe1_AFEKF,Pipe5_Standard,Pipe5_Chen,Pipe5_EKF_LE,Pipe5_AFEKF
Full_Period,0.101732923498552,0.0588945545565987,0.0510471908747901,0.0526451598966779,2.38344922917806,3.03577157337692,2.40470073042815,2.4216532128579,1.28479446695621,1.14279800702575,1.05384155389226,1.11619954435729,0.731289770415693,3.54415861072813,1.29401207853778,0.896874105299684
Normal_0to12h,0.100795263492568,0.0571661156405651,0.044714877126584,0.0484018537224939,2.06618961534782,2.9273517561891,2.02390648606301,2.05150668839895,1.15878062036614,1.01446962723275,0.941222948783411,0.961340582530469,0.704097855043462,3.93314655401039,0.845521933840732,0.937666190610552
Leak_12to24h,0.104027369184902,0.0668356449041954,0.0556225658597017,0.055002243286337,2.54389155671382,3.69510998829767,2.64417975687205,2.64135837049414,1.23443894817285,1.05518205455571,0.932377796737838,0.978714816078601,0.696728127129806,4.92522578220732,1.72269526666974,1.03294670710151
