Period,P_RMSE_Standard,P_RMSE_Chen,P_RMSE_EKF_LE,P_RMSE_AFEKF,M_RMSE_Standard,M_RMSE_Chen,M_RMSE_EKF_LE,M_RMSE_AFEKF,Pipe1_Standard,Pipe1_Chen,Pipe1_EKF_LE,Pipe1_AFEKF,Pipe5_Standard,Pipe5_Chen,Pipe5_EKF_LE,Pipe5_AFEKF
Full_Period,0.103917157878082,0.0641565207640134,0.0548980032762967,0.0559098041672759,2.08199386792345,2.81690071937319,2.07911442906752,2.09992894774543,1.34836439316406,1.28282543840029,1.20402685090276,1.2720962177893,0.867568351447271,3.55665425877841,1.23799313228551,0.912034575098951
Normal_0to12h,0.104024584199719,0.0645302972229726,0.0537014679922463,0.0542221404055303,2.40677215953656,3.174837237791,2.32120587896304,2.34866317133782,1.322577514574,1.26150123269526,1.18255624786312,1.24200589516579,0.871567136483102,3.92839905414533,0.955804484560348,0.893914072960633
Leak_12to24h,0.102334425072166,0.0699196246380869,0.055097943358807,0.0543231176565714,2.2487809607375,3.51032353524106,2.33461572589986,2.31731224760375,1.35872225144663,1.25763418058608,1.18374154574409,1.24335298195253,0.88234637814114,4.93242263000832,1.65923967975728,1.00759297534995
