Period,P_RMSE_Standard,P_RMSE_Chen,P_RMSE_EKF_LE,P_RMSE_AFEKF,M_RMSE_Standard,M_RMSE_Chen,M_RMSE_EKF_LE,M_RMSE_AFEKF,Pipe1_Standard,Pipe1_Chen,Pipe1_EKF_LE,Pipe1_AFEKF,Pipe5_Standard,Pipe5_Chen,Pipe5_EKF_LE,Pipe5_AFEKF
Full_Period,0.10514215784258,0.0670543756550764,0.0590743151050256,0.0588362742793235,2.43362334591617,3.05805616546528,2.39407632542453,2.42546259677178,1.32411889813424,1.1920950703864,1.10852669000668,1.18495063402623,0.959947015363521,3.48893291486141,1.21451158087941,0.970009143888487
Normal_0to12h,0.10537451023206,0.0665519069818707,0.0566012717620645,0.0567330697351058,2.24889442280456,3.04939602189521,2.14482413429094,2.15269168021609,1.37294510604456,1.245570048375,1.18754923120179,1.23531019905793,0.830867224794953,3.93139440650193,0.943965498851031,0.81104363495787
Leak_12to24h,0.106115253443155,0.0738289135464479,0.0613829886491486,0.0602901762538665,2.7021080830046,3.78100356902935,2.74189600488483,2.76207417919849,1.27278545720813,1.11002318041308,0.995201947156497,1.08440982776909,1.05370785420246,4.83534728875051,1.59449484856289,1.10556182546964
