Period,P_RMSE_Standard,P_RMSE_Chen,P_RMSE_EKF_LE,P_RMSE_AFEKF,M_RMSE_Standard,M_RMSE_Chen,M_RMSE_EKF_LE,M_RMSE_AFEKF,Pipe1_Standard,Pipe1_Chen,Pipe1_EKF_LE,Pipe1_AFEKF,Pipe5_Standard,Pipe5_Chen,Pipe5_EKF_LE,Pipe5_AFEKF
Full_Period,0.102125804594943,0.0651276374791117,0.0576885053088983,0.0594038317776566,2.50863834886756,3.11726518609665,2.45512113397812,2.50446164856725,1.57760714089615,1.35662398893738,1.21217893649906,1.30699360402063,0.844929466439478,3.51180565654464,0.985054253156863,1.06835862617454
Normal_0to12h,0.102673372355466,0.0641145610268762,0.0556728359102916,0.0585401004540727,2.49956863374371,3.20215988838282,2.41697640748905,2.47171661185162,1.30281769906332,1.09726119435047,1.02168102528724,1.1054562378995,0.704297515946287,3.78100212416152,0.783826537938636,0.967570466985514
Leak_12to24h,0.100673398655549,0.0734131912040187,0.0617618528127974,0.0626969407969076,2.69511804301797,3.78459507181313,2.70318803410686,2.74457145162754,1.64536899015031,1.36459602010764,1.19689039465913,1.24255921375723,0.707473629401559,4.84927359638,1.23564892972289,1.27080335355887
