Period,P_RMSE_Standard,P_RMSE_Chen,P_RMSE_EKF_LE,P_RMSE_AFEKF,M_RMSE_Standard,M_RMSE_Chen,M_RMSE_EKF_LE,M_RMSE_AFEKF,Pipe1_Standard,Pipe1_Chen,Pipe1_EKF_LE,Pipe1_AFEKF,Pipe5_Standard,Pipe5_Chen,Pipe5_EKF_LE,Pipe5_AFEKF
Full_Period,0.105347431846748,0.0687555870569136,0.0628063198216258,0.0611824105318049,3.0427015148114,3.54750616056274,2.95333011924803,2.98638013659978,1.85058018767054,1.58885342816525,1.42324064166528,1.59373949583047,0.930210382094065,3.62029745937746,1.60663045780573,1.19281536823915
Normal_0to12h,0.106215568683034,0.0698160851036068,0.0626101818268608,0.0596024678572881,2.83035710569114,3.48786744311552,2.65046862071424,2.70401915624195,1.70255832712411,1.50050524507169,1.42306971557039,1.4826779482767,0.855215171513275,4.02208314803914,1.04266806229999,1.00171114808379
Leak_12to24h,0.103270796678543,0.0735296350503401,0.0626127729530847,0.0603934390389508,3.03819003046968,4.03191824817288,3.06521154527119,3.03680949504128,2.09823992924357,1.79014648719049,1.53565587667334,1.73081003947829,0.975240616674483,5.01633291516044,2.16051898849207,1.47336557345682
