Period,P_RMSE_Standard,P_RMSE_Chen,P_RMSE_EKF_LE,P_RMSE_AFEKF,M_RMSE_Standard,M_RMSE_Chen,M_RMSE_EKF_LE,M_RMSE_AFEKF,Pipe1_Standard,Pipe1_Chen,Pipe1_EKF_LE,Pipe1_AFEKF,Pipe5_Standard,Pipe5_Chen,Pipe5_EKF_LE,Pipe5_AFEKF
Full_Period,0.104529897171513,0.0651075861855236,0.058538519806252,0.0585716865995608,2.77738846456093,3.34748453407018,2.65861665335387,2.71805957623153,1.68694214275258,1.43149723171504,1.28640655923813,1.39983105618958,0.898183908402697,3.61395594404249,0.94429554586325,0.902988867763216
Normal_0to12h,0.104739150899018,0.0647153057020554,0.0592043517743288,0.0584013378865272,2.65832784385647,3.35507192991147,2.45917026185908,2.51332977971146,1.87287072818703,1.60052500408719,1.45326961969062,1.56086965227255,0.92870473575365,4.0255031585783,0.935090635376233,0.932553596956309
Leak_12to24h,0.103641059900369,0.0689456134144202,0.0559145670105798,0.0560266034663182,2.54438943296053,3.73176079728344,2.55370441444289,2.58699215615179,1.34486991764994,1.16900074009823,1.07282702719023,1.09273059188824,0.850941529204898,4.99750781388951,1.1107098580386,0.899832650741098
