Period,P_RMSE_Standard,P_RMSE_Chen,P_RMSE_EKF_LE,P_RMSE_AFEKF,M_RMSE_Standard,M_RMSE_Chen,M_RMSE_EKF_LE,M_RMSE_AFEKF,Pipe1_Standard,Pipe1_Chen,Pipe1_EKF_LE,Pipe1_AFEKF,Pipe5_Standard,Pipe5_Chen,Pipe5_EKF_LE,Pipe5_AFEKF
Full_Period,0.105731371156662,0.0657853173134582,0.0578217457341945,0.0587316785557869,2.69777177838857,3.27672149500265,2.65503915056618,2.70343263921975,1.68744814255494,1.42653594488546,1.2788144180023,1.33863703878765,0.804371997445687,3.58340301182265,1.27359928230438,1.14175082090313
Normal_0to12h,0.107793979371561,0.064520063888899,0.0563463596951806,0.0576398455118196,2.32782079951005,3.12393649853375,2.2771761095571,2.32930172563774,1.48146192364687,1.33498030748223,1.26018264971261,1.31023631169681,0.738567912446914,3.96449443797212,0.964094927196204,1.14414647383661
Leak_12to24h,0.107472944496436,0.0766602041618345,0.0624323076990055,0.0631018684347496,3.26125481450435,4.20176639691272,3.22959959991785,3.26946497386559,1.87247393992976,1.49313846302788,1.26936530573088,1.31118992397493,0.830918011698378,4.9800485492395,1.70207586695807,1.43086531149358
