Period,P_RMSE_Standard,P_RMSE_Chen,P_RMSE_EKF_LE,P_RMSE_AFEKF,M_RMSE_Standard,M_RMSE_Chen,M_RMSE_EKF_LE,M_RMSE_AFEKF,Pipe1_Standard,Pipe1_Chen,Pipe1_EKF_LE,Pipe1_AFEKF,Pipe5_Standard,Pipe5_Chen,Pipe5_EKF_LE,Pipe5_AFEKF
Full_Period,0.104578548703781,0.0646784304012082,0.057048716191937,0.0579089805672953,2.49426003898111,3.11816404844144,2.447678853175,2.48868692379304,1.39714446942714,1.23974531093926,1.13425096451122,1.24949647186328,0.831992518017347,3.58030296152724,1.18263234076983,0.837230187105002
Normal_0to12h,0.105476056193169,0.0629855725994882,0.0535941076759021,0.0556073265830487,2.56573147456892,3.2843457721621,2.4415563739729,2.48876443223314,1.27291058315018,1.15240180875319,1.08057924152747,1.14602305369059,0.794041561459225,3.92857303475754,0.951254684095303,0.791877533079432
Leak_12to24h,0.105343531338603,0.0696669145624836,0.057142648550528,0.0568725222271617,2.55031685111005,3.70434908409715,2.59345915567612,2.60375361702913,1.52281790534274,1.35559104808596,1.22086797221308,1.36197789726912,0.854168894640327,4.97263761833953,1.57925389805984,0.91081623456193
