Period,P_RMSE_Standard,P_RMSE_Chen,P_RMSE_EKF_LE,P_RMSE_AFEKF,M_RMSE_Standard,M_RMSE_Chen,M_RMSE_EKF_LE,M_RMSE_AFEKF,Pipe1_Standard,Pipe1_Chen,Pipe1_EKF_LE,Pipe1_AFEKF,Pipe5_Standard,Pipe5_Chen,Pipe5_EKF_LE,Pipe5_AFEKF
Full_Period,0.103533736098299,0.061609934477764,0.0525881775620444,0.0537935984258403,2.42142631723366,3.071367866012,2.34514377372897,2.39221959676846,1.58035438448279,1.36210480396866,1.24438985793338,1.33412139305104,0.845519634735503,3.59366151761452,1.11383098139207,0.863419216214328
Normal_0to12h,0.101787415623636,0.0607426484630697,0.050591221729852,0.0511995018402769,2.39570007546457,3.16387769974334,2.22925197985987,2.27349719110337,1.70010312475484,1.41511742995802,1.28751109121739,1.36838716455425,0.901015067753106,3.95824418013223,0.891678974965893,0.893736005762714
Leak_12to24h,0.103119281757951,0.0673634115175581,0.0518507755450203,0.0522288252971451,2.44892181414784,3.65917327576449,2.47880397879026,2.50480566171636,1.57382534475359,1.31980035921839,1.13079422828329,1.25391162090272,0.802074024289443,4.9786156148131,1.44172527022752,0.89134415358644
