Period,P_RMSE_Standard,P_RMSE_Chen,P_RMSE_EKF_LE,P_RMSE_AFEKF,M_RMSE_Standard,M_RMSE_Chen,M_RMSE_EKF_LE,M_RMSE_AFEKF,Pipe1_Standard,Pipe1_Chen,Pipe1_EKF_LE,Pipe1_AFEKF,Pipe5_Standard,Pipe5_Chen,Pipe5_EKF_LE,Pipe5_AFEKF
Full_Period,0.105293401831359,0.0642945747555242,0.0580897943907704,0.0590300423075315,2.59724106740994,3.18755469464026,2.56395431851757,2.59328174503472,1.73478452349394,1.51095576105305,1.34983011462154,1.50317218146712,0.856285436411965,3.49810278625948,1.33270303046086,0.939074707936237
Normal_0to12h,0.108142971108219,0.0674722102089694,0.0605392133463875,0.0628564818869099,2.60403493333924,3.30039816200718,2.54176513402738,2.57958896744234,1.38228258135054,1.32681673979913,1.26644819501421,1.32298977469833,0.870899489190474,3.80895636191209,0.930797071628201,0.987030032315654
Leak_12to24h,0.104445569265463,0.0729900014502791,0.0630970285207967,0.061383100389568,2.68390059565985,3.7859211699184,2.74230721757012,2.72668201038943,1.86368903991114,1.61950553669356,1.45092519759748,1.57890272832476,0.944447131790902,4.86202414875894,1.79194463064041,1.11294028846942
