Period,P_RMSE_Standard,P_RMSE_Chen,P_RMSE_EKF_LE,P_RMSE_AFEKF,M_RMSE_Standard,M_RMSE_Chen,M_RMSE_EKF_LE,M_RMSE_AFEKF,Pipe1_Standard,Pipe1_Chen,Pipe1_EKF_LE,Pipe1_AFEKF,Pipe5_Standard,Pipe5_Chen,Pipe5_EKF_LE,Pipe5_AFEKF
Full_Period,0.104229341758999,0.0621142980027651,0.0553707402953852,0.0568311765396603,2.55571313466758,3.15893253983652,2.5037724768774,2.55675756944901,1.61423592418827,1.38837183058861,1.27312931984735,1.33238419649371,0.896376020299072,3.55202334959909,1.40231291811232,1.27582236156358
Normal_0to12h,0.102762335823689,0.0608228233316865,0.0531229462265696,0.0544608649415741,2.56536822937781,3.27506951987927,2.42471292608689,2.51649910068804,1.45149436347607,1.2624099836284,1.19144201919918,1.20248165061002,0.879424673875053,3.90584769939573,1.00701360205444,1.29282556912322
Leak_12to24h,0.102944579974713,0.0685989877784124,0.0568291163324299,0.0577322815140828,2.4615072784796,3.64429056733992,2.55052500061928,2.56478371849554,1.61848677208643,1.39399637522672,1.26792960046713,1.26792573035397,0.941489398062367,4.92528415852622,1.88378098489175,1.60959680421113
