Period,P_RMSE_Standard,P_RMSE_Chen,P_RMSE_EKF_LE,P_RMSE_AFEKF,M_RMSE_Standard,M_RMSE_Chen,M_RMSE_EKF_LE,M_RMSE_AFEKF,Pipe1_Standard,Pipe1_Chen,Pipe1_EKF_LE,Pipe1_AFEKF,Pipe5_Standard,Pipe5_Chen,Pipe5_EKF_LE,Pipe5_AFEKF
Full_Period,0.104246153895481,0.0640949061362695,0.0565953370815964,0.0617571358351804,2.72143562749807,3.29647759347705,2.74061971344095,2.77775954928013,1.43059989137055,1.26808757702692,1.14395911358195,1.18453783034638,0.728972615493215,3.51764297904767,1.44729783573449,1.50099039465274
Normal_0to12h,0.104009384075508,0.0632432631688514,0.0552706161022973,0.0635192113945815,2.44077688155662,3.18375607889224,2.41907907100504,2.55614896148105,1.39087145443072,1.27676802588968,1.15278985926657,1.16214073737477,0.780706672025792,3.8614583751667,0.978849003286531,1.79375431324676
Leak_12to24h,0.104665420415454,0.0725036302211347,0.060290752225667,0.0666963048715231,2.91467064531868,3.95341530702124,3.00809665280903,3.03108826962581,1.50353690526733,1.30799075979917,1.1663796230055,1.13677525141004,0.74523991814642,4.89603886562472,1.9764612899844,2.00416303513976
