Period,P_RMSE_Standard,P_RMSE_Chen,P_RMSE_EKF_LE,P_RMSE_AFEKF,M_RMSE_Standard,M_RMSE_Chen,M_RMSE_EKF_LE,M_RMSE_AFEKF,Pipe1_Standard,Pipe1_Chen,Pipe1_EKF_LE,Pipe1_AFEKF,Pipe5_Standard,Pipe5_Chen,Pipe5_EKF_LE,Pipe5_AFEKF
Full_Period,0.102217556181006,0.0623490599514762,0.0581249981695934,0.0537587038788371,2.5812697606215,3.16059298990918,2.54953025485198,2.51007905513768,1.64552446340575,1.4328799458673,1.3548139542402,1.4078589819456,0.860350551679837,3.45629050775269,1.3146288922927,0.906928628291301
Normal_0to12h,0.101821060425199,0.0647894969510742,0.0619307229873962,0.0538399008247414,2.85785497958011,3.48306923471075,2.75065764002358,2.69560997674581,1.89460243474506,1.65474989695669,1.59842858501022,1.61034330932271,0.772665402130216,3.88012872634664,0.95984852363701,0.779150811803937
Leak_12to24h,0.0998765246387931,0.0661795887004642,0.0529355231456616,0.0506335733656994,2.14163861607531,3.41240740846084,2.23910180085209,2.18117644330809,1.58241377240641,1.37764653475773,1.24028817103059,1.35454212517751,1.0096865859225,4.81365081048895,1.77849575373895,1.10866816908379
