Period,P_RMSE_Standard,P_RMSE_Chen,P_RMSE_EKF_LE,P_RMSE_AFEKF,M_RMSE_Standard,M_RMSE_Chen,M_RMSE_EKF_LE,M_RMSE_AFEKF,Pipe1_Standard,Pipe1_Chen,Pipe1_EKF_LE,Pipe1_AFEKF,Pipe5_Standard,Pipe5_Chen,Pipe5_EKF_LE,Pipe5_AFEKF
Full_Period,0.102842961282216,0.0645444547566803,0.0589978576617049,0.0565569558662882,2.97055515426316,3.49108788589126,2.79833833856395,2.85003111808693,1.70092477172198,1.44187826769223,1.48619650576664,1.45141676571492,0.789668388599803,3.57223319335826,1.16500982261105,0.913956422257893
Normal_0to12h,0.100790400278476,0.0656559938531304,0.0607406138317695,0.0557133273420198,3.08946155693672,3.6772660875873,2.73754827408565,2.79137629399677,1.92440147983651,1.59551230674489,1.77046309155611,1.60095652919815,0.725679025769943,3.93777603390323,0.833600017202543,0.735135872237812
Leak_12to24h,0.101587426806457,0.0695850772449057,0.0564721744846808,0.0545377963840757,2.53962692350227,3.71070344035863,2.59131509171714,2.61303145688684,1.48810966400944,1.27485585989434,1.14587799913624,1.26240720272829,0.693188133313924,4.94964233982231,1.50399203858045,0.989538989839277
