Period,P_RMSE_Standard,P_RMSE_Chen,P_RMSE_EKF_LE,P_RMSE_AFEKF,M_RMSE_Standard,M_RMSE_Chen,M_RMSE_EKF_LE,M_RMSE_AFEKF,Pipe1_Standard,Pipe1_Chen,Pipe1_EKF_LE,Pipe1_AFEKF,Pipe5_Standard,Pipe5_Chen,Pipe5_EKF_LE,Pipe5_AFEKF
Full_Period,0.104385790446958,0.0668798505308121,0.0622377382953355,0.0621420852896632,2.78729975087903,3.27030519707665,2.82468976635439,2.82890591229241,1.59042174325824,1.22366757060399,1.26191627685078,1.26044757138504,0.923227767888977,3.41545262718229,1.9393102739355,1.86015516770098
Normal_0to12h,0.105305058673017,0.0679711211712288,0.0619656772697143,0.0620816417221541,2.81046139555911,3.37751473365153,2.77627611545007,2.77979799381976,1.56767350957235,1.21104938826997,1.28108141659805,1.26502209374838,0.861467646681171,3.7135808039786,1.7463299894449,1.69737293262971
Leak_12to24h,0.103579422984138,0.0739555110255816,0.0658438802604048,0.0652758128370018,2.94492886035271,3.8821747451279,3.13792807244325,3.13465939851911,1.77331143272514,1.29176206669023,1.32196849254088,1.33794630855846,1.13174488424953,4.77702996000381,2.69162075975129,2.57898650269445
