Period,P_RMSE_Standard,P_RMSE_Chen,P_RMSE_EKF_LE,P_RMSE_AFEKF,M_RMSE_Standard,M_RMSE_Chen,M_RMSE_EKF_LE,M_RMSE_AFEKF,Pipe1_Standard,Pipe1_Chen,Pipe1_EKF_LE,Pipe1_AFEKF,Pipe5_Standard,Pipe5_Chen,Pipe5_EKF_LE,Pipe5_AFEKF
Full_Period,0.105946594314687,0.0648497262438458,0.0573381049507106,0.0568775628970922,2.74161907025126,3.24775796720359,2.73119614764665,2.71660612385359,1.59957700689619,1.2071781710771,1.24129279785262,1.21048373344369,0.818957241677779,3.48598417810837,1.46004978489038,1.25150287643069
Normal_0to12h,0.105217020009122,0.0673166869162969,0.0589527921903759,0.0584302141812004,2.66555276006514,3.30613896828889,2.65625191139368,2.64374414622399,1.31245950092837,1.03956152265189,1.11356403248168,1.03524432114454,0.786208927179604,3.77240360242082,1.28154487738547,1.04349196395206
Leak_12to24h,0.105697786535544,0.0743069015748987,0.0616636587064126,0.0604485530890966,2.532756381159,3.67832019420432,2.72072155622712,2.68598365833436,1.0871560597617,0.997676594059048,1.02978241915644,1.01992960485654,0.934293795122325,4.87760756534013,2.00767919817781,1.70659723063703
