Period,P_RMSE_Standard,P_RMSE_Chen,P_RMSE_EKF_LE,P_RMSE_AFEKF,M_RMSE_Standard,M_RMSE_Chen,M_RMSE_EKF_LE,M_RMSE_AFEKF,Pipe1_Standard,Pipe1_Chen,Pipe1_EKF_LE,Pipe1_AFEKF,Pipe5_Standard,Pipe5_Chen,Pipe5_EKF_LE,Pipe5_AFEKF
Full_Period,0.104019546326049,0.0647844137130544,0.0586563632705473,0.0598026230966001,2.51647943236012,3.11614211365383,2.59939849601183,2.61058720348259,1.34005321781493,1.13145591592625,1.14227610607624,1.13342573347011,0.874757776881182,3.56677449159517,1.99054303290075,1.93259538675965
Normal_0to12h,0.102603785283627,0.0644780411633527,0.0570084304419981,0.0592913570591399,2.28299005485098,3.03912856533118,2.30533609830757,2.35145294677293,1.54443657374976,1.2354177687466,1.2529677664425,1.2338969365715,0.826673369036348,3.89098063376888,1.64884467248979,1.85933026442073
Leak_12to24h,0.104286055211482,0.0731042294077471,0.0631039630851629,0.0634087520906893,2.6142236669862,3.74420374670702,2.86487542519481,2.86831989123668,1.35549224400832,1.11378700819649,1.12545325289796,1.11892842414159,0.889173926115744,4.97710005782163,2.74903509333711,2.66030900366216
