Period,P_RMSE_Standard,P_RMSE_Chen,P_RMSE_EKF_LE,P_RMSE_AFEKF,M_RMSE_Standard,M_RMSE_Chen,M_RMSE_EKF_LE,M_RMSE_AFEKF,Pipe1_Standard,Pipe1_Chen,Pipe1_EKF_LE,Pipe1_AFEKF,Pipe5_Standard,Pipe5_Chen,Pipe5_EKF_LE,Pipe5_AFEKF
Full_Period,0.104202371298566,0.0647949608125796,0.0599687941074189,0.0632706609169322,2.80873405031593,3.29633064406117,2.84270849700655,2.89968907232357,1.85833910346464,1.40286431702663,1.43982756465638,1.45256975613373,0.842060013282542,3.49314070906824,2.00275401436067,2.19864511557351
Normal_0to12h,0.10362174936414,0.0676230239901036,0.0624036411129394,0.0676421623417599,2.66572223015764,3.29072219976819,2.68150687043519,2.78459178892394,1.22256710053191,1.06714201926679,1.14966403276098,1.19210399993147,0.826709644997901,3.78351357965136,1.71466456105506,2.24255837716226
Leak_12to24h,0.105745692612928,0.0716728891989576,0.0623259044252381,0.0666645630831342,3.03981732149104,3.97750600883743,3.21756541092201,3.31153663087907,1.96854880418451,1.40444916294905,1.4297848956517,1.41457934218412,0.97251909758003,4.88761687762599,2.78356689429693,3.06098311249749
