Period,P_RMSE_Standard,P_RMSE_Chen,P_RMSE_EKF_LE,P_RMSE_AFEKF,M_RMSE_Standard,M_RMSE_Chen,M_RMSE_EKF_LE,M_RMSE_AFEKF,Pipe1_Standard,Pipe1_Chen,Pipe1_EKF_LE,Pipe1_AFEKF,Pipe5_Standard,Pipe5_Chen,Pipe5_EKF_LE,Pipe5_AFEKF
Full_Period,0.101332881827036,0.0646142268200506,0.0589108198318782,0.0586061695645849,2.65529616549378,3.19402081869784,2.69585753194612,2.69397502495462,1.34510937838447,1.06121062928602,1.09209195505028,1.09619789637938,1.03198174102717,3.53132167738085,1.94253846290865,1.82311131638014
Normal_0to12h,0.105163194099123,0.0672859788972396,0.0610307743459251,0.0605516232759312,2.70468048441215,3.35038102541295,2.69294694684416,2.6980766720898,1.2311413818734,1.01095694327041,1.07194424119443,1.07634701075504,0.949205247551306,3.8812234248271,1.67782453059961,1.63602436965576
Leak_12to24h,0.101498996071997,0.0729080417800484,0.062240202909393,0.0617495292887408,2.35507265562646,3.56477029318288,2.64189933059407,2.625262908378,1.16806373904959,0.973422192668301,1.00113223937802,1.00385185216673,1.2678280067382,4.93847814444961,2.69607875913781,2.52292266677185
