Period,P_RMSE_Standard,P_RMSE_Chen,P_RMSE_EKF_LE,P_RMSE_AFEKF,M_RMSE_Standard,M_RMSE_Chen,M_RMSE_EKF_LE,M_RMSE_AFEKF,Pipe1_Standard,Pipe1_Chen,Pipe1_EKF_LE,Pipe1_AFEKF,Pipe5_Standard,Pipe5_Chen,Pipe5_EKF_LE,Pipe5_AFEKF
Full_Period,0.104763597119557,0.06371002374816,0.0581454178499577,0.0613444797326077,2.76396710583976,3.2730565304398,2.79165664353763,2.87003050133259,1.51969989070591,1.17856061468849,1.20935187180083,1.20877862687322,0.892595275317511,3.50226960148991,1.79385697473683,2.18593480383258
Normal_0to12h,0.101590257575993,0.0619666612498128,0.0559628349048099,0.0619618911597346,2.02470612027667,2.83621103192695,2.06659784907892,2.27522854120624,1.60963904816433,1.26160756268545,1.29733590962514,1.28389232102477,0.863578607252807,3.80522710265589,1.68202345454111,2.46326675468201
Leak_12to24h,0.106649870020694,0.0744020204659149,0.0643206562313753,0.0696203612969802,3.04743095531797,3.99173880151996,3.18497078193784,3.3154210928878,1.86986413243508,1.35052647153082,1.40309032349413,1.39350880784616,0.99930047913937,4.89485093764384,2.47435746438565,3.03300167580436
