Period,P_RMSE_Standard,P_RMSE_Chen,P_RMSE_EKF_LE,P_RMSE_AFEKF,M_RMSE_Standard,M_RMSE_Chen,M_RMSE_EKF_LE,M_RMSE_AFEKF,Pipe1_Standard,Pipe1_Chen,Pipe1_EKF_LE,Pipe1_AFEKF,Pipe5_Standard,Pipe5_Chen,Pipe5_EKF_LE,Pipe5_AFEKF
Full_Period,0.105684105588776,0.0640891607227633,0.0583802992302017,0.0580271305573218,2.28501689714389,2.93797179643109,2.31912594037368,2.35498855314074,1.32855512334222,1.05580952098749,1.11249040730114,1.07590639873232,0.828725817781416,3.57178148959197,1.65561697783458,1.69088815788328
Normal_0to12h,0.104801446404507,0.0645912048090712,0.0583022798493202,0.0572368836046131,2.29266467347309,3.02229531652618,2.20764461219326,2.24485337118382,1.58550821594504,1.20725253859944,1.30733321682003,1.24646391715324,0.71916250221657,3.86710620124264,1.40037133953499,1.36539887292768
Leak_12to24h,0.105358872422936,0.0738005202448476,0.06197183952086,0.0618114431654779,2.16834713186466,3.48285480349961,2.44420193985257,2.48445926957232,1.31240458219094,1.07913356958775,1.10656113997039,1.09541826255616,0.906493710726506,4.99791389737954,2.28570481686724,2.33586347827359
