Period,P_RMSE_Standard,P_RMSE_Chen,P_RMSE_EKF_LE,P_RMSE_AFEKF,M_RMSE_Standard,M_RMSE_Chen,M_RMSE_EKF_LE,M_RMSE_AFEKF,Pipe1_Standard,Pipe1_Chen,Pipe1_EKF_LE,Pipe1_AFEKF,Pipe5_Standard,Pipe5_Chen,Pipe5_EKF_LE,Pipe5_AFEKF
Full_Period,0.102512545287745,0.063089578785148,0.0577169698085093,0.0569960281088507,2.79537467086468,3.30016785567983,2.82425852943063,2.80041139712264,1.37923620280284,1.07287960561944,1.11244847856243,1.10441021009705,0.805221360560406,3.52012953847244,1.88379335651588,1.70436475299015
Normal_0to12h,0.104186512636935,0.0636888113701041,0.0576178597139552,0.0565860446265604,2.70051996232396,3.31515489405487,2.65308520769758,2.63410436876394,1.48995385591057,1.18113670273998,1.24344612681205,1.22875027278532,0.744332551835108,3.81219706312891,1.49303472713775,1.32187169609448
Leak_12to24h,0.101424451454761,0.0730066573561325,0.0638263253961692,0.0627788752079957,2.84067374018322,3.86547719784896,3.06276378097691,3.01790202991349,1.30996880171251,1.08579081591742,1.13337776907595,1.12823004322115,0.878686025808444,4.91791306049037,2.60368340855532,2.34636824869089
