Period,P_RMSE_Standard,P_RMSE_Chen,P_RMSE_EKF_LE,P_RMSE_AFEKF,M_RMSE_Standard,M_RMSE_Chen,M_RMSE_EKF_LE,M_RMSE_AFEKF,Pipe1_Standard,Pipe1_Chen,Pipe1_EKF_LE,Pipe1_AFEKF,Pipe5_Standard,Pipe5_Chen,Pipe5_EKF_LE,Pipe5_AFEKF
Full_Period,0.10145286200676,0.0619145499996589,0.0567290325798495,0.0568906382086914,2.29920112484935,2.95815560918958,2.43614496553935,2.40898072016281,1.10424599487879,0.99812391350988,1.00791697097291,1.01554950356313,1.01414228185374,3.54615128683694,1.96176245390092,1.81778255927046
Normal_0to12h,0.100323496696425,0.0643188019804765,0.0574430887742064,0.0579298507252823,2.13935358081465,2.94791544716703,2.23092636129534,2.20417922970831,0.974871505649332,0.921543715516313,0.939551519140455,0.953280957442235,1.04495343299864,3.8653177891918,1.79253886070357,1.70576787786955
Leak_12to24h,0.0997564445798398,0.0698547990472017,0.0610743589757211,0.0604667309849755,2.45502722448716,3.63899322545976,2.7658623840131,2.72395717416042,1.03936883517949,0.992464094351523,1.03276904042456,1.03040825776024,1.15562073850211,4.95402797203148,2.72001554624066,2.51272328487314
