Period,P_RMSE_Standard,P_RMSE_Chen,P_RMSE_EKF_LE,P_RMSE_AFEKF,M_RMSE_Standard,M_RMSE_Chen,M_RMSE_EKF_LE,M_RMSE_AFEKF,Pipe1_Standard,Pipe1_Chen,Pipe1_EKF_LE,Pipe1_AFEKF,Pipe5_Standard,Pipe5_Chen,Pipe5_EKF_LE,Pipe5_AFEKF
Full_Period,0.10492362103847,0.0650808187613658,0.0580802299650381,0.0578555829711726,2.62768039101425,3.15461396213463,2.60137319723594,2.59950620276167,1.78470176847163,1.3676845135634,1.43420702865317,1.41306515228076,0.94440008375388,3.47492183440407,1.68967721603528,1.45591637367854
Normal_0to12h,0.104179118113067,0.0656843952962794,0.0571617354239923,0.0572300219449683,2.67117126068481,3.26328624443875,2.51213740407783,2.53904785496239,1.86513837201303,1.45708361646851,1.560998318731,1.52416346897514,0.946429575783226,3.75729815520274,1.56840490358434,1.46860629435208
Leak_12to24h,0.107762241084833,0.0756176994275267,0.0652604351062678,0.0641009236174418,2.84702330443215,3.84293612733072,3.0309488139792,2.99563121814495,1.79891832148995,1.31160239075495,1.36005411836185,1.35516536761942,1.08873712237558,4.85448067682789,2.3328780279014,1.98702665378579
