Period,P_RMSE_Standard,P_RMSE_Chen,P_RMSE_EKF_LE,P_RMSE_AFEKF,M_RMSE_Standard,M_RMSE_Chen,M_RMSE_EKF_LE,M_RMSE_AFEKF,Pipe1_Standard,Pipe1_Chen,Pipe1_EKF_LE,Pipe1_AFEKF,Pipe5_Standard,Pipe5_Chen,Pipe5_EKF_LE,Pipe5_AFEKF
Full_Period,0.104655343412579,0.0646200097455673,0.0599030286221238,0.0589189606010708,2.35866126523834,2.98029182912196,2.44593953091709,2.40964518708487,1.34140370133257,1.07552344427536,1.21646251144327,1.14380839428495,0.89534304145827,3.54182213069381,1.84298475126497,1.5773737464031
Normal_0to12h,0.102926973401521,0.0617955530478978,0.0570690140102198,0.0551983750385669,2.44347685265006,3.12224351472158,2.4196972825124,2.38317183919583,1.65498183265201,1.16707416565155,1.4135941680449,1.28518164867246,0.828946157238223,3.8459601659906,1.49212359843996,1.35405202776918
Leak_12to24h,0.104588148001592,0.0738813461339603,0.0641893002338863,0.0637520288083839,2.39066515535513,3.58607204782086,2.67610931668451,2.62696969873312,1.3374799455474,1.12618500796414,1.14494395302709,1.14995623889933,0.929091544354525,4.94329691306854,2.53771694824501,2.14962932530069
