Period,P_RMSE_Standard,P_RMSE_Chen,P_RMSE_EKF_LE,P_RMSE_AFEKF,M_RMSE_Standard,M_RMSE_Chen,M_RMSE_EKF_LE,M_RMSE_AFEKF,Pipe1_Standard,Pipe1_Chen,Pipe1_EKF_LE,Pipe1_AFEKF,Pipe5_Standard,Pipe5_Chen,Pipe5_EKF_LE,Pipe5_AFEKF
Full_Period,0.104751874791617,0.0632574938356202,0.0567559215676595,0.0565775591304006,2.59059445573246,3.1186843447645,2.60398567916879,2.57697351505797,1.87297719641925,1.35900308599928,1.39462711489669,1.37781276465267,0.892663247232591,3.54766291023676,1.95651354381399,1.72531468092277
Normal_0to12h,0.104142883378184,0.0626296598400414,0.0535863744416254,0.0540415326287568,2.35191602334477,3.03749975548961,2.28138985559872,2.29505286001101,2.00756302310415,1.48827802299799,1.55276061014808,1.51656792957994,0.859406106831101,3.86071978987793,1.6680505643071,1.55881726983767
Leak_12to24h,0.104568190484574,0.0731506475392095,0.0633160245592638,0.0620188266303778,2.37172023129727,3.55409745511516,2.64259919866355,2.55535879511928,1.73765359015954,1.2647865877791,1.27174644142167,1.2831340728315,1.07163239890714,4.9629545329677,2.71153531628152,2.36653487615517
