Period,P_RMSE_Standard,P_RMSE_Chen,P_RMSE_EKF_LE,P_RMSE_AFEKF,M_RMSE_Standard,M_RMSE_Chen,M_RMSE_EKF_LE,M_RMSE_AFEKF,Pipe1_Standard,Pipe1_Chen,Pipe1_EKF_LE,Pipe1_AFEKF,Pipe5_Standard,Pipe5_Chen,Pipe5_EKF_LE,Pipe5_AFEKF
Full_Period,0.103794433713111,0.0625461916503539,0.0565181430805902,0.0567354167301047,2.31829809476757,2.94885526357516,2.40325046129695,2.39299922590325,1.44866125382301,1.18379327370359,1.24250266254491,1.20317216615864,0.859106082725849,3.53263451487283,1.96559893949308,1.75853998828995
Normal_0to12h,0.105196737230925,0.0670031353185717,0.0606854132036449,0.0611832353952797,2.71571805138937,3.32906431629828,2.69144961223015,2.70344003792669,1.61902729196511,1.28405110313614,1.39439940361884,1.3216307173756,0.897093144889994,3.84496430362334,1.66534294168669,1.64415734335658
Leak_12to24h,0.103080735411064,0.071723103122441,0.0621696645823717,0.0618660545888849,2.33533340249155,3.561598374928,2.64934075779833,2.61998973116541,1.16236687601841,1.01513576326928,1.03727661029365,1.02958945446522,0.98221117221505,4.94099113863276,2.72264216137797,2.42940539696246
