Period,P_RMSE_Standard,P_RMSE_Chen,P_RMSE_EKF_LE,P_RMSE_AFEKF,M_RMSE_Standard,M_RMSE_Chen,M_RMSE_EKF_LE,M_RMSE_AFEKF,Pipe1_Standard,Pipe1_Chen,Pipe1_EKF_LE,Pipe1_AFEKF,Pipe5_Standard,Pipe5_Chen,Pipe5_EKF_LE,Pipe5_AFEKF
Full_Period,0.104584279989415,0.0619357776040489,0.0565546405423743,0.0571742876145036,2.68296136400591,3.20659631539314,2.72360537987142,2.72711220995211,1.35714176439108,0.990866835908121,1.0311696601291,1.01439278405264,0.919642058609767,3.50962817948282,1.8403517343983,1.66805293982886
Normal_0to12h,0.104845483989955,0.0632600244348728,0.0565362610835822,0.0578185055297796,2.47714503972856,3.16139162525333,2.48728119030413,2.50907483690583,1.23167346719985,0.995615888621717,1.05866663955683,1.02397600337414,0.795437423591114,3.78940939300503,1.44131460618392,1.34999809445515
Leak_12to24h,0.102560832513673,0.0696956791546726,0.0594705466692482,0.0589408734044328,2.38354454706082,3.57726266095484,2.66759267010949,2.63391832027837,1.08621550255851,0.877016509406309,0.929841955216314,0.925757165321503,1.11756774736652,4.91151913073966,2.55347814035406,2.30841182292087
