Period,P_RMSE_Standard,P_RMSE_Chen,P_RMSE_EKF_LE,P_RMSE_AFEKF,M_RMSE_Standard,M_RMSE_Chen,M_RMSE_EKF_LE,M_RMSE_AFEKF,Pipe1_Standard,Pipe1_Chen,Pipe1_EKF_LE,Pipe1_AFEKF,Pipe5_Standard,Pipe5_Chen,Pipe5_EKF_LE,Pipe5_AFEKF
Full_Period,0.103137949828843,0.0646442352198973,0.0591636160895516,0.06110360625322,2.73105678330013,3.26198719341626,2.7859232556307,2.83596125592793,1.60547439304757,1.26048255923929,1.29215901686694,1.29753294247593,0.83400105646255,3.54326692647505,1.99090100790189,2.10924860629485
Normal_0to12h,0.10184175461289,0.0644417535843981,0.0567912426548552,0.0606579957807154,2.50917235503225,3.2011826171893,2.52151533497132,2.63742362014361,1.13110043164965,0.986907069271283,1.06887391905117,1.06857695437823,0.883487980138837,3.88097262120613,1.67433311614017,2.00991655331641
Leak_12to24h,0.104590374275577,0.0749113178626098,0.0665019187805553,0.0688289825893762,2.94679925197144,3.96261056219321,3.1772143140533,3.22010101003998,1.46230191668848,1.22333511245635,1.2440211257597,1.26013948705648,0.983677586012793,4.95370722639864,2.75795983044544,2.92596330207216
