Period,P_RMSE_Standard,P_RMSE_Chen,P_RMSE_EKF_LE,P_RMSE_AFEKF,M_RMSE_Standard,M_RMSE_Chen,M_RMSE_EKF_LE,M_RMSE_AFEKF,Pipe1_Standard,Pipe1_Chen,Pipe1_EKF_LE,Pipe1_AFEKF,Pipe5_Standard,Pipe5_Chen,Pipe5_EKF_LE,Pipe5_AFEKF
Full_Period,0.102343180919726,0.0641470657745589,0.0586008165573395,0.0580438406665908,2.34454687595478,2.9725024905486,2.46108086167369,2.43347657907495,1.38574239906262,1.165946074503,1.17838141426663,1.16922077823108,1.02050346420705,3.49442918705331,1.95519183258732,1.80601351963772
Normal_0to12h,0.100202746795402,0.0634772856625143,0.0569706272733694,0.057398753029359,2.22490208920439,2.9915610461269,2.28521400319926,2.29851529447184,1.29710762070076,1.08358437224693,1.06551425207767,1.0592697381293,0.965766977002849,3.82339381881947,1.66778181209447,1.69343093464616
Leak_12to24h,0.104652299718362,0.077363029753084,0.0680985844814852,0.0667119968951024,2.90024915170141,3.90776249571934,3.13003034735584,3.08593219937811,1.46330020532542,1.17592532036812,1.22719236438497,1.21075927726642,1.26354109587781,4.88697643467243,2.71115466643649,2.49850279202821
