Period,P_RMSE_Standard,P_RMSE_Chen,P_RMSE_EKF_LE,P_RMSE_AFEKF,M_RMSE_Standard,M_RMSE_Chen,M_RMSE_EKF_LE,M_RMSE_AFEKF,Pipe1_Standard,Pipe1_Chen,Pipe1_EKF_LE,Pipe1_AFEKF,Pipe5_Standard,Pipe5_Chen,Pipe5_EKF_LE,Pipe5_AFEKF
Full_Period,0.103453225271691,0.0643663660011995,0.0578421703773167,0.0578533922596406,2.34696467110657,2.9898896838861,2.45201827611473,2.44905386135646,1.31890036433781,1.12801770910662,1.14057930878546,1.13029775982098,0.806656087489716,3.53236871100177,1.66430710029311,1.49807961856315
Normal_0to12h,0.101791319311375,0.064643657182169,0.0559811995186493,0.0561718339412016,2.18124343805341,2.96655552587837,2.21277149130612,2.21710683538549,1.43946903850344,1.21041389111234,1.22963649816044,1.21375547938349,0.727047794132561,3.88028703770693,1.28730903221764,1.16549346399294
Leak_12to24h,0.103416531700454,0.0738780642284704,0.0639259648421987,0.0633523302164232,2.64973778867289,3.77641406703199,2.90560895812727,2.89855174095464,1.32238431670734,1.14736781663051,1.16633394173988,1.15883067366102,0.943082917676874,4.94233931760557,2.30055297253615,2.06231818373575
