Period,P_RMSE_Standard,P_RMSE_Chen,P_RMSE_EKF_LE,P_RMSE_AFEKF,M_RMSE_Standard,M_RMSE_Chen,M_RMSE_EKF_LE,M_RMSE_AFEKF,Pipe1_Standard,Pipe1_Chen,Pipe1_EKF_LE,Pipe1_AFEKF,Pipe5_Standard,Pipe5_Chen,Pipe5_EKF_LE,Pipe5_AFEKF
Full_Period,0.101298387413466,0.0660413184069297,0.0613908760021061,0.0608751471123057,2.7051122377598,3.2185022956224,2.72545783714617,2.72120505456317,1.52894960071412,1.16429684863062,1.19550067746192,1.18559212697384,0.866558319950232,3.49012645554722,1.9026628508651,1.76777536649672
Normal_0to12h,0.10087483320737,0.064724852762539,0.0597075224576379,0.0590302837793889,3.04048898979033,3.55834244293538,2.93589982431171,2.94510391978512,1.74887864049713,1.31421994844401,1.36444683668656,1.34374168990093,0.868987267852739,3.81644298296743,1.72601143912006,1.68041139399675
Leak_12to24h,0.100874279369151,0.0740080188495803,0.0646034864464165,0.0638007598520779,2.66832587613322,3.72854437546862,2.90343626025513,2.87367349961258,1.54957242586405,1.16180580087143,1.19641956407784,1.19952144520501,1.0246006149235,4.88370095601186,2.64435302934854,2.44994767592583
