Period,P_RMSE_Standard,P_RMSE_Chen,P_RMSE_EKF_LE,P_RMSE_AFEKF,M_RMSE_Standard,M_RMSE_Chen,M_RMSE_EKF_LE,M_RMSE_AFEKF,Pipe1_Standard,Pipe1_Chen,Pipe1_EKF_LE,Pipe1_AFEKF,Pipe5_Standard,Pipe5_Chen,Pipe5_EKF_LE,Pipe5_AFEKF
Full_Period,0.102750936618932,0.0673834619160445,0.063713313377479,0.0629355861178573,2.94344001453197,3.40666451396809,2.95335306729627,2.95293138827591,1.97888320408496,1.43828328340558,1.48824153324935,1.47113313319168,0.988753833354782,3.53232518082998,1.89765328262878,1.83807103086314
Normal_0to12h,0.100897661804569,0.0691696657540356,0.0665711227153214,0.0652721477641818,2.64912502081871,3.28868186779637,2.64843335405596,2.68082245726676,1.90804924331945,1.48279100525066,1.570933548637,1.53172130466155,0.921382754676603,3.84459225672539,1.66913979347488,1.9131628923125
Leak_12to24h,0.10245490146602,0.0771363307114821,0.0668297638164456,0.0679882456246516,3.44436472651546,4.2753534324737,3.54007961901676,3.55095462793612,2.35631985487191,1.60649106271322,1.62810976724414,1.62200487907408,1.12717524677423,4.93380760105698,2.618950395992,2.5316340112288
