Period,P_RMSE_Standard,P_RMSE_Chen,P_RMSE_EKF_LE,P_RMSE_AFEKF,M_RMSE_Standard,M_RMSE_Chen,M_RMSE_EKF_LE,M_RMSE_AFEKF,Pipe1_Standard,Pipe1_Chen,Pipe1_EKF_LE,Pipe1_AFEKF,Pipe5_Standard,Pipe5_Chen,Pipe5_EKF_LE,Pipe5_AFEKF
Full_Period,0.103949857131564,0.0660209155674561,0.0617267486778481,0.0629644208146534,3.2342569174964,3.60088266525757,3.16022118548457,3.21575615111114,2.20033656787537,1.53157255283529,1.67325660463688,1.54668539341046,0.94028936170202,3.50769170345487,1.76629240791267,2.00192382222709
Normal_0to12h,0.103837976991519,0.0660962369591553,0.0623505421995036,0.0635818566670759,3.02141205569862,3.50381922613466,2.89821936475743,2.98397619003832,2.2908757253227,1.64991640477674,1.90342047083376,1.67619660848903,0.945660299897863,3.82915656037957,1.71178780485231,2.1797457009967
Leak_12to24h,0.103932247315138,0.0745163632316593,0.0648431584537533,0.0694947431277352,2.79975731172917,3.82704297714947,2.98364417794616,3.10856203334433,1.58016718946431,1.21020255944382,1.2390109743311,1.23147489527314,1.07008068803335,4.90089410518958,2.43086831674264,2.76727685626278
