Period,P_RMSE_Standard,P_RMSE_Chen,P_RMSE_EKF_LE,P_RMSE_AFEKF,M_RMSE_Standard,M_RMSE_Chen,M_RMSE_EKF_LE,M_RMSE_AFEKF,Pipe1_Standard,Pipe1_Chen,Pipe1_EKF_LE,Pipe1_AFEKF,Pipe5_Standard,Pipe5_Chen,Pipe5_EKF_LE,Pipe5_AFEKF
Full_Period,0.102593215699788,0.0639218103306468,0.0589750869398396,0.0593972171615305,2.29701451652086,2.93051556260153,2.42104689437501,2.40108271942776,1.60059101565914,1.28264923203069,1.27180905844494,1.29165772400873,0.814172502662794,3.48170039224308,1.97217156695304,1.76424670778833
Normal_0to12h,0.101216876142255,0.0619069832309452,0.0548343532553923,0.0559467589051655,2.0133734972871,2.84851566839419,2.09083919146665,2.12428870300168,1.49972503476166,1.26475937642843,1.23278187502241,1.27344291682309,0.727552664695288,3.77791905584236,1.60179442371565,1.60819545538656
Leak_12to24h,0.104856764020656,0.0722747328343361,0.0637778637912913,0.0633795867191954,2.32213583531571,3.52424688247584,2.65632305313468,2.60136211765657,1.73969256705701,1.3330384736222,1.35229270724433,1.34707078305031,0.976714150565185,4.87096335391247,2.73799489038451,2.4417062219816
