Period,P_RMSE_Standard,P_RMSE_Chen,P_RMSE_EKF_LE,P_RMSE_AFEKF,M_RMSE_Standard,M_RMSE_Chen,M_RMSE_EKF_LE,M_RMSE_AFEKF,Pipe1_Standard,Pipe1_Chen,Pipe1_EKF_LE,Pipe1_AFEKF,Pipe5_Standard,Pipe5_Chen,Pipe5_EKF_LE,Pipe5_AFEKF
Full_Period,0.0549767011307109,0.0613289830299574,0.0554334258696639,0.0535201582529655,2.2382370766975,2.83655298041758,2.34490110328017,2.19979460412012,0.969307759863589,0.93633992415283,0.946617840545039,0.949150453230376,1.76336957216675,3.44269251384216,1.93036051692523,1.37725513236843
Normal_0to12h,0.0531158167725865,0.0602425121422345,0.0518180402434618,0.0512079024211259,2.04162708476933,2.80630914626403,2.00136141466933,1.9618413941504,0.856163721263136,0.823944111232213,0.839371919182097,0.834959004825343,1.72017949714382,3.77864289444636,1.5120796754449,1.14688095521535
Leak_12to24h,0.0605307943044161,0.0715644313133096,0.0614314199940876,0.0575300905362088,2.42454580404644,3.44499639489187,2.6167376545915,2.35187107308183,0.974749436073569,0.90898667286281,0.928434178850517,0.934571952054775,2.45422190076349,4.82380049278484,2.69294506883504,1.86799313773832
