Period,P_RMSE_Standard,P_RMSE_Chen,P_RMSE_EKF_LE,P_RMSE_AFEKF,M_RMSE_Standard,M_RMSE_Chen,M_RMSE_EKF_LE,M_RMSE_AFEKF,Pipe1_Standard,Pipe1_Chen,Pipe1_EKF_LE,Pipe1_AFEKF,Pipe5_Standard,Pipe5_Chen,Pipe5_EKF_LE,Pipe5_AFEKF
Full_Period,0.105492156225143,0.0642333250811082,0.0571659777350461,0.056563356515958,2.08393259342626,2.7850598269441,2.23938698283277,2.20286396755724,1.18038991923033,0.983367136737065,0.987648291399635,0.979805700524046,0.839499297951319,3.51988247518953,1.74887754706036,1.37422066101029
Normal_0to12h,0.107870025361846,0.0640109869571306,0.0543718863654149,0.0537240486908885,2.06928655804614,2.87098815004619,2.13455034125325,2.14661282706639,1.26925964408691,1.03171684464585,1.02793506333751,1.01997006568589,0.812498175884368,3.82942531220676,1.05699557902219,0.769150428842731
Leak_12to24h,0.104992563104878,0.0750442219599328,0.0641264484572956,0.0624771755337058,2.24322339519184,3.47908825168297,2.5756127231314,2.50590456258622,1.24677247558302,0.991552556364126,1.00363946046448,0.994023834637257,0.976766383704195,4.92653614895383,2.42330832424075,1.88248629139692
