Period,P_RMSE_Standard,P_RMSE_Chen,P_RMSE_EKF_LE,P_RMSE_AFEKF,M_RMSE_Standard,M_RMSE_Chen,M_RMSE_EKF_LE,M_RMSE_AFEKF,Pipe1_Standard,Pipe1_Chen,Pipe1_EKF_LE,Pipe1_AFEKF,Pipe5_Standard,Pipe5_Chen,Pipe5_EKF_LE,Pipe5_AFEKF
Full_Period,0.106054430794336,0.0632987148204921,0.0568356307408133,0.0569096156428654,2.45084711584153,3.04578637523358,2.55795916157752,2.53230033062191,1.257358825037,1.06864851605061,1.0935203079512,1.09341806160926,1.08252907389382,3.4871243008426,2.07660361891635,1.93866551932557
Normal_0to12h,0.102176906221202,0.0591969268189792,0.0505997473938676,0.0509354828505825,1.89070599515057,2.74519926819801,1.95235677398327,1.92253046046532,1.25821347165413,1.07708383682871,1.10026126411877,1.09910339989006,1.1006813122861,3.78588258238932,1.85398940767849,1.76338321415716
Leak_12to24h,0.103890357024414,0.0724582988247057,0.0626562384730559,0.0621967144367141,2.69616626451096,3.76393957809933,2.96699312440179,2.92085627837399,1.38881443666721,1.13814289531945,1.19529159398488,1.19591649889998,1.36315558863619,4.87669959568071,2.88567511044303,2.68961540589037
