Period,P_RMSE_Standard,P_RMSE_Chen,P_RMSE_EKF_LE,P_RMSE_AFEKF,M_RMSE_Standard,M_RMSE_Chen,M_RMSE_EKF_LE,M_RMSE_AFEKF,Pipe1_Standard,Pipe1_Chen,Pipe1_EKF_LE,Pipe1_AFEKF,Pipe5_Standard,Pipe5_Chen,Pipe5_EKF_LE,Pipe5_AFEKF
Full_Period,0.104334955223139,0.0623752370723638,0.0584038616865373,0.0601609116863155,2.87902824043911,3.32112564879938,2.85379809423688,2.91933909610746,2.07686753160823,1.37986143507531,1.56459551604879,1.38107986472108,0.8567316031562,3.52228835461054,2.01714537454289,2.31410769233125
Normal_0to12h,0.106276583113649,0.0599316483776915,0.0533631207248508,0.0584044978342756,2.44587524158958,3.08228537428643,2.36489955653344,2.54289812813573,1.93714879067026,1.37941118517038,1.45353552915653,1.37988550711618,0.784640769238447,3.7811680776946,1.66356474726661,2.37047375408253
Leak_12to24h,0.105568924524604,0.0715004932593116,0.0617713079973939,0.0670919651800651,3.03599670800928,3.94365847703682,3.15386955026989,3.2730936245736,2.43717200853132,1.61916155952351,1.65782056402208,1.61352131631657,0.99485339776946,4.92714927592751,2.80274022322573,3.22250338938246
