Period,P_RMSE_Standard,P_RMSE_Chen,P_RMSE_EKF_LE,P_RMSE_AFEKF,M_RMSE_Standard,M_RMSE_Chen,M_RMSE_EKF_LE,M_RMSE_AFEKF,Pipe1_Standard,Pipe1_Chen,Pipe1_EKF_LE,Pipe1_AFEKF,Pipe5_Standard,Pipe5_Chen,Pipe5_EKF_LE,Pipe5_AFEKF
Full_Period,0.103879581714291,0.0630487389952212,0.056922698571865,0.0575871580491778,2.45714224398108,3.06080983638854,2.54211036380773,2.51251909421532,1.33855209483222,1.10078458264764,1.09425853516349,1.11402146239614,0.856322029751542,3.54314504283073,1.69067984153913,1.45525810861241
Normal_0to12h,0.101842199420776,0.0622772997716585,0.0546113565305723,0.0563367381277523,2.24851758909235,3.03287536323578,2.28658466592158,2.26301549745809,1.39331550963485,1.17463081942549,1.15649766509587,1.19031944316657,0.796500825591819,3.91068692816834,1.45301874402707,1.24908855856007
Leak_12to24h,0.105790531440461,0.0704217963452697,0.0606256770469106,0.0598096398544506,2.49451889624873,3.65700403930938,2.75950106902269,2.71005927127026,1.31178004954595,1.06071952924985,1.0596613850463,1.06584648526191,0.942348625654936,4.95129492647091,2.32553588959685,1.98625373192162
