Period,P_RMSE_Standard,P_RMSE_Chen,P_RMSE_EKF_LE,P_RMSE_AFEKF,M_RMSE_Standard,M_RMSE_Chen,M_RMSE_EKF_LE,M_RMSE_AFEKF,Pipe1_Standard,Pipe1_Chen,Pipe1_EKF_LE,Pipe1_AFEKF,Pipe5_Standard,Pipe5_Chen,Pipe5_EKF_LE,Pipe5_AFEKF
Full_Period,0.103030426452405,0.0660258591692552,0.0612032284571042,0.0598119750339886,2.50787657796741,3.08420590799939,2.55921056580916,2.54297807988589,1.60120772108966,1.22385012426223,1.32263562838046,1.2704987306917,0.942410766833534,3.54610219966606,1.8364500872614,1.73772892774224
Normal_0to12h,0.102383113927427,0.0657901943507283,0.0595962908335616,0.0588120704305205,2.43194877819611,3.13323689481703,2.44664871674917,2.42772447534998,1.51718832823998,1.16398773126222,1.24790179257287,1.2122007911974,1.00166485764339,3.8885994113557,1.7407736089647,1.63229090203069
Leak_12to24h,0.102553484533007,0.0756130439607129,0.0671840782956395,0.0649716656451972,3.01604671312393,3.97682409028289,3.15214174914573,3.1271226527022,1.90102120207445,1.40103261643926,1.53004608952234,1.47208528402554,1.12022481540348,4.95935865880864,2.54156581392254,2.40070306473752
