Period,P_RMSE_Standard,P_RMSE_Chen,P_RMSE_EKF_LE,P_RMSE_AFEKF,M_RMSE_Standard,M_RMSE_Chen,M_RMSE_EKF_LE,M_RMSE_AFEKF,Pipe1_Standard,Pipe1_Chen,Pipe1_EKF_LE,Pipe1_AFEKF,Pipe5_Standard,Pipe5_Chen,Pipe5_EKF_LE,Pipe5_AFEKF
Full_Period,0.105587930191473,0.0635757835192612,0.0583156486708547,0.0572357793007041,2.37666205834666,2.99852724739169,2.45647303347962,2.41914851416986,1.32609581209438,1.08114015560059,1.13534602197471,1.10038304292739,0.897511934131074,3.52545962088359,2.01290077450552,1.83124452516843
Normal_0to12h,0.107854878259627,0.0649963852422272,0.0594809371736496,0.0575761977404372,2.63381543719491,3.27301961398037,2.58443702088229,2.58084267830493,1.333266527964,1.04151449576716,1.11046020430017,1.05916918144893,0.880305509391047,3.80955778102331,1.61623692427526,1.58202889770818
Leak_12to24h,0.105790498143955,0.0736052526170132,0.0637415953645881,0.0632457900437325,2.58395532100043,3.71762233869695,2.86516580369697,2.8011918832292,1.22719736553122,1.03309419544865,1.10964923391614,1.08636167701722,0.956619301251608,4.92077037734505,2.78178824473012,2.51921484528062
