Period,P_RMSE_Standard,P_RMSE_Chen,P_RMSE_EKF_LE,P_RMSE_AFEKF,M_RMSE_Standard,M_RMSE_Chen,M_RMSE_EKF_LE,M_RMSE_AFEKF,Pipe1_Standard,Pipe1_Chen,Pipe1_EKF_LE,Pipe1_AFEKF,Pipe5_Standard,Pipe5_Chen,Pipe5_EKF_LE,Pipe5_AFEKF
Full_Period,0.102666668707326,0.102986721041694,0.101389545666337,0.106170822603773,2.18765675642663,2.32556577685984,2.30211155447683,2.26799341296376,1.16516487470665,1.16277298132072,1.16300182123862,1.1677493308987,0.953048077507986,1.07655641052902,1.07886712294054,1.02300468934585
Normal_0to12h,0.103389753783367,0.10381299018293,0.101874422998104,0.106458848775531,1.97195891841068,2.1747355065408,1.97079508639036,1.97035646478981,1.05235722105902,1.05081717811709,1.05205249387587,1.05512119450182,0.846416728013169,1.03075361682069,0.867685784913749,0.852762062014085
Leak_12to24h,0.102313226353353,0.102945807740209,0.102818480088514,0.108305121625149,2.21699437065806,2.4784783535056,2.437593440373,2.37195835666122,1.13061263474934,1.12574718343562,1.12655756592121,1.1339550567991,1.21907871809589,1.40735475939159,1.41309299492598,1.32789698455399
