Period,P_RMSE_Standard,P_RMSE_Chen,P_RMSE_EKF_LE,P_RMSE_AFEKF,M_RMSE_Standard,M_RMSE_Chen,M_RMSE_EKF_LE,M_RMSE_AFEKF,Pipe1_Standard,Pipe1_Chen,Pipe1_EKF_LE,Pipe1_AFEKF,Pipe5_Standard,Pipe5_Chen,Pipe5_EKF_LE,Pipe5_AFEKF
Full_Period,0.103744398001516,0.0651465604972886,0.060948923061115,0.0599187934591774,2.31238344620266,2.93097950052605,2.40805695675459,2.39376201315936,1.78505874410787,1.42065580398551,1.46775722903517,1.45265745158576,0.85336952971607,3.51068052579417,1.93764468860147,1.87179801850898
Normal_0to12h,0.102623678919379,0.0663049649500398,0.0622406396696918,0.060316990011404,1.79741366497764,2.70862825866669,1.91200550481993,1.89196147301179,1.48147617710616,1.30290861268728,1.39232203045262,1.35775224094143,0.802559373019109,3.78883324754402,1.65830060706842,1.55753002408949
Leak_12to24h,0.106007503032971,0.0770961571850717,0.0678701590123849,0.0673908531979504,2.42948043985629,3.58943237350433,2.69248990173203,2.67260387312735,1.89959316337581,1.52107816058616,1.57720001704613,1.57919587893297,0.937396859475482,4.90662461811912,2.67882737604833,2.58432095061508
