Period,P_RMSE_Standard,P_RMSE_Chen,P_RMSE_EKF_LE,P_RMSE_AFEKF,M_RMSE_Standard,M_RMSE_Chen,M_RMSE_EKF_LE,M_RMSE_AFEKF,Pipe1_Standard,Pipe1_Chen,Pipe1_EKF_LE,Pipe1_AFEKF,Pipe5_Standard,Pipe5_Chen,Pipe5_EKF_LE,Pipe5_AFEKF
Full_Period,0.104589349623149,0.0615461933276518,0.0551774846570622,0.0561901927892745,2.48784921059428,3.04935922940329,2.52340220538646,2.51671115174837,1.68217676212902,1.33001568352537,1.33056693999693,1.34159106321623,0.918403243813655,3.49006261600994,1.69848545908611,1.57031368389667
Normal_0to12h,0.104754165731112,0.0640507371555845,0.0557645359701955,0.0576156530682427,2.59706424578081,3.21262365258349,2.54784721885314,2.54265255276109,1.94411910624504,1.49740435101949,1.48863454003027,1.50257825303491,0.9599010114374,3.79032515310434,1.52987188732406,1.34207484212205
Leak_12to24h,0.103275248668736,0.067211458680028,0.0568620395148476,0.0563414567134776,2.7037814211207,3.74693001922761,2.87787605806165,2.85359350338171,2.00066943493586,1.4831455628511,1.50456336977904,1.51458328302773,1.06527159560171,4.87926245981982,2.32444461800936,2.10033301747689
