Period,P_RMSE_Standard,P_RMSE_Chen,P_RMSE_EKF_LE,P_RMSE_AFEKF,M_RMSE_Standard,M_RMSE_Chen,M_RMSE_EKF_LE,M_RMSE_AFEKF,Pipe1_Standard,Pipe1_Chen,Pipe1_EKF_LE,Pipe1_AFEKF,Pipe5_Standard,Pipe5_Chen,Pipe5_EKF_LE,Pipe5_AFEKF
Full_Period,0.102888832872444,0.103154576134263,0.102820726382149,0.106150623657149,2.47497534085904,2.60165775867676,2.49028002728515,2.50124118241901,1.30427369781803,1.30434115170516,1.32508750051085,1.30675736465445,0.89023048178346,0.997348484036697,0.896405748318367,0.877635561355883
Normal_0to12h,0.103049812006131,0.103284675679494,0.102852223538977,0.106196819331223,2.46818063444774,2.63052700846343,2.45741027036644,2.47282921596381,1.35149270834206,1.35012247406321,1.39340102074813,1.35228788919086,0.819658594636008,0.954458737403689,0.819821261460315,0.807312770806339
Leak_12to24h,0.102216079094887,0.102743079995007,0.10227423441941,0.107482088382483,2.79009003387225,3.00886015065342,2.82818249377236,2.83529142052047,1.35576450612022,1.35589441760957,1.35345906751699,1.366774642233,0.938825664045612,1.1314905696649,0.955098253654239,0.920573971729612
