Period,P_RMSE_Standard,P_RMSE_Chen,P_RMSE_EKF_LE,P_RMSE_AFEKF,M_RMSE_Standard,M_RMSE_Chen,M_RMSE_EKF_LE,M_RMSE_AFEKF,Pipe1_Standard,Pipe1_Chen,Pipe1_EKF_LE,Pipe1_AFEKF,Pipe5_Standard,Pipe5_Chen,Pipe5_EKF_LE,Pipe5_AFEKF
Full_Period,0.102666668707326,0.102986721041694,0.10247695256669,0.106473632213233,2.18765675642663,2.32556577685984,2.2496171967032,2.24649569568188,1.16516487470665,1.16277298132072,1.16301207730321,1.20621857539577,0.953048077507986,1.07655641052902,1.23344502967789,0.991538165917618
Normal_0to12h,0.103389753783367,0.10381299018293,0.102797347812084,0.107326887739651,1.97195891841068,2.1747355065408,1.97038741289187,1.99148903556024,1.05235722105902,1.05081717811709,1.04931543766141,1.13775550673178,0.846416728013169,1.03075361682069,0.879918057074129,0.852767276573796
Leak_12to24h,0.102313226353353,0.102945807740209,0.102364497042202,0.108071798804533,2.21699437065806,2.4784783535056,2.33852152522549,2.31349091402925,1.13061263474934,1.12574718343562,1.13065833155667,1.13524208990049,1.21907871809589,1.40735475939159,1.63733637519325,1.27991717578539
