Period,P_RMSE_Standard,P_RMSE_Chen,P_RMSE_EKF_LE,P_RMSE_AFEKF,M_RMSE_Standard,M_RMSE_Chen,M_RMSE_EKF_LE,M_RMSE_AFEKF,Pipe1_Standard,Pipe1_Chen,Pipe1_EKF_LE,Pipe1_AFEKF,Pipe5_Standard,Pipe5_Chen,Pipe5_EKF_LE,Pipe5_AFEKF
Full_Period,0.105466425661192,0.0646309741237509,0.0599972996579531,0.0619348949757224,2.5910678620378,3.1398964837416,2.65720071084071,2.69450430685022,1.55463303033348,1.16285586583009,1.18535852721057,1.18573123654576,0.921252848978246,3.47327939636856,1.89027088812038,2.10353770219271
Normal_0to12h,0.106698894996601,0.066855560504565,0.0608684726684953,0.064337806199092,2.55489979994332,3.17709899567563,2.53845569425253,2.61289405577352,1.79403481259623,1.28318747213649,1.32997192699453,1.33289009999592,0.778951496258206,3.74909021891468,1.65363810552221,2.12287390778732
Leak_12to24h,0.104653980541628,0.0746214276778358,0.0654440329699369,0.0679668939968711,3.0425609776876,3.9882743941853,3.20439968530058,3.2567942495831,1.68552346963483,1.14761664686869,1.17458452839499,1.1452545252644,1.0487003166975,4.85280752313757,2.60950404517741,2.90234792089518
