Period,P_RMSE_Standard,P_RMSE_Chen,P_RMSE_EKF_LE,P_RMSE_AFEKF,M_RMSE_Standard,M_RMSE_Chen,M_RMSE_EKF_LE,M_RMSE_AFEKF,Pipe1_Standard,Pipe1_Chen,Pipe1_EKF_LE,Pipe1_AFEKF,Pipe5_Standard,Pipe5_Chen,Pipe5_EKF_LE,Pipe5_AFEKF
Full_Period,0.105456459729962,0.0622598996360956,0.0561376378137832,0.0561780890162299,2.21200164761293,2.87354508601281,2.30816010333977,2.29843294839638,1.34118208809037,1.08477693357948,1.10943250489613,1.11103712869862,0.891672494866624,3.53334600112847,1.80701626215933,1.6671780795097
Normal_0to12h,0.104833769063458,0.065446920933033,0.0584355851088222,0.0582659660509914,2.38681986000857,3.11761959006508,2.41669575734282,2.39635166113798,1.16338004894854,0.981741559274271,1.02444334272246,1.02234134175826,0.995137956973451,3.8619621319281,1.59455281921601,1.42157393496608
Leak_12to24h,0.10567474590409,0.0686629126552984,0.0583149569865513,0.0580330952378681,2.20539565120303,3.48056473067359,2.5136640043608,2.49356441629278,1.28868289891758,1.11793532732697,1.15020586150307,1.14723215185384,1.04089319704792,4.94090928089586,2.49708549751861,2.29679655851298
