Period,P_RMSE_Standard,P_RMSE_Chen,P_RMSE_EKF_LE,P_RMSE_AFEKF,M_RMSE_Standard,M_RMSE_Chen,M_RMSE_EKF_LE,M_RMSE_AFEKF,Pipe1_Standard,Pipe1_Chen,Pipe1_EKF_LE,Pipe1_AFEKF,Pipe5_Standard,Pipe5_Chen,Pipe5_EKF_LE,Pipe5_AFEKF
Full_Period,0.103903394260029,0.0644152204210442,0.0599227273059327,0.058073478785851,2.42554206178044,3.03775659668408,2.54936568044269,2.5022569788171,1.30489860511467,1.07135888651414,1.07745647459144,1.11329295492049,0.978237082225921,3.53436354067136,1.95454222616353,1.62338148805566
Normal_0to12h,0.10560172016673,0.0673226573712987,0.0620996450809644,0.0595084384019571,1.93530748451476,2.81817662595717,2.03479271858057,2.00456803537839,1.19962153846623,1.0800880490058,1.08299887400222,1.12907049106072,0.894491600606483,3.83631790157858,1.31622346884254,1.14772768002444
Leak_12to24h,0.100500570454756,0.0707903274027088,0.0608752616081413,0.0591632579472372,2.6972342416956,3.77180685522694,2.95391966412152,2.88423747612505,1.38094244931911,0.961799720918326,0.987799343760539,1.00598729535232,1.1087331902973,4.93664009703432,2.69757011022901,2.20855029300708
