Period,P_RMSE_Standard,P_RMSE_Chen,P_RMSE_EKF_LE,P_RMSE_AFEKF,M_RMSE_Standard,M_RMSE_Chen,M_RMSE_EKF_LE,M_RMSE_AFEKF,Pipe1_Standard,Pipe1_Chen,Pipe1_EKF_LE,Pipe1_AFEKF,Pipe5_Standard,Pipe5_Chen,Pipe5_EKF_LE,Pipe5_AFEKF
Full_Period,0.104991996135774,0.0685138862445818,0.0617656391999938,0.0617881204041384,2.61068394143883,3.16763533791295,2.67806742523116,2.65329421551004,1.3859731648274,1.08714075322697,1.09926588390919,1.10140992816377,0.813616287926639,3.53637417824304,1.8745287075408,1.65330616479143
Normal_0to12h,0.10262952657176,0.0701049596447253,0.0615087819046539,0.0621280088534922,2.76994055036153,3.38348509114451,2.75288743441666,2.7392771423899,1.24789721437318,0.967509834643712,0.946304155387825,0.954375022257319,0.761113485838799,3.85487233502865,1.54902189343024,1.41063138137632
Leak_12to24h,0.104270915924204,0.0782372383796744,0.0678387917484237,0.0667599189988511,2.73552397700355,3.79680561616781,2.95849486513776,2.91214751065984,1.6255502839434,1.19784819648085,1.2512490072945,1.24411886029816,0.898280906041811,4.94336777318958,2.58412793898104,2.26005185521925
