Period,P_RMSE_Standard,P_RMSE_Chen,P_RMSE_EKF_LE,P_RMSE_AFEKF,M_RMSE_Standard,M_RMSE_Chen,M_RMSE_EKF_LE,M_RMSE_AFEKF,Pipe1_Standard,Pipe1_Chen,Pipe1_EKF_LE,Pipe1_AFEKF,Pipe5_Standard,Pipe5_Chen,Pipe5_EKF_LE,Pipe5_AFEKF
Full_Period,0.104032795417861,0.0644846189435443,0.0582450145374349,0.0585473996365879,2.7033910627419,3.2329520547981,2.70727039579061,2.71362186302841,1.5043725910129,1.15725961502818,1.24402423001726,1.21819168289978,0.953237223215188,3.54486519399033,1.84899616892153,1.7290321980661
Normal_0to12h,0.10412343263115,0.0650846527493571,0.0575884662537919,0.0583149992142617,2.77356974301061,3.37646677106407,2.6686953843264,2.70249671067528,1.61880838794275,1.23645641830984,1.37872711485205,1.33757508193578,0.914672041452694,3.86057999924576,1.70042599633277,1.68131522123719
Leak_12to24h,0.102683910652217,0.0732459902784802,0.0636050055474696,0.0630082725011468,2.80821014371039,3.86593348438949,3.04515177761502,3.0246648354841,1.36388255975236,1.15268527404195,1.17154615910506,1.17421100662669,1.04776846675639,4.94805894047511,2.54949477108873,2.37639411552218
