Period,P_RMSE_Standard,P_RMSE_Chen,P_RMSE_EKF_LE,P_RMSE_AFEKF,M_RMSE_Standard,M_RMSE_Chen,M_RMSE_EKF_LE,M_RMSE_AFEKF,Pipe1_Standard,Pipe1_Chen,Pipe1_EKF_LE,Pipe1_AFEKF,Pipe5_Standard,Pipe5_Chen,Pipe5_EKF_LE,Pipe5_AFEKF
Full_Period,0.10418550774054,0.063258684030798,0.0564732341073106,0.0575592584893353,2.29942196675055,2.94039876220471,2.3355288363514,2.3259105565289,1.47939727365325,1.22035954827448,1.23258055067863,1.27977256130421,0.879960390166176,3.56536797435621,1.70090064254624,1.53835870873105
Normal_0to12h,0.102639859554481,0.0626871990382908,0.0552704073200177,0.0585108362171278,2.33958490462313,3.08411080093104,2.30962986073796,2.32573817805288,1.527364022805,1.24711402453826,1.27304230561663,1.36559979150441,0.885792048477526,3.91420926679584,1.58054972002155,1.43091138591763
Leak_12to24h,0.104496707084993,0.0692552489094803,0.057943243419757,0.0566322320148153,2.11884960827516,3.43194065003579,2.37703853100217,2.31739210546299,1.34054066433439,1.09935344162802,1.10074502599327,1.09970740807697,1.03667112121341,4.98926848661906,2.3574774829562,2.12572529087899
