Period,P_RMSE_Standard,P_RMSE_Chen,P_RMSE_EKF_LE,P_RMSE_AFEKF,M_RMSE_Standard,M_RMSE_Chen,M_RMSE_EKF_LE,M_RMSE_AFEKF,Pipe1_Standard,Pipe1_Chen,Pipe1_EKF_LE,Pipe1_AFEKF,Pipe5_Standard,Pipe5_Chen,Pipe5_EKF_LE,Pipe5_AFEKF
Full_Period,0.104275944079431,0.0663609897360904,0.0620577208007104,0.0622961008787104,3.02312458461693,3.446376980422,3.02528585297854,3.01427481652464,1.93454202432128,1.32110451680467,1.34549352476195,1.34298034357199,0.949898485387671,3.52680439427916,2.03428024264588,1.86145012218126
Normal_0to12h,0.104258820830593,0.0689378243755259,0.0632318681796861,0.0639851646212603,2.90188419802639,3.45127685567127,2.87676866478544,2.90645645999339,1.66892786051994,1.18359226433754,1.23808185462279,1.22159052830449,0.868466335360698,3.78804525486755,1.70486350437775,1.78800135414945
Leak_12to24h,0.1060705428843,0.0758846291527174,0.067328916555644,0.0671264464172412,2.76597430675974,3.80213158035707,3.01047967843919,2.96944560911277,1.62589778553952,1.16672032736993,1.17966094269218,1.18059862250909,1.07115459368966,4.92472250603344,2.81943997542045,2.5731673843067
