Period,P_RMSE_Standard,P_RMSE_Chen,P_RMSE_EKF_LE,P_RMSE_AFEKF,M_RMSE_Standard,M_RMSE_Chen,M_RMSE_EKF_LE,M_RMSE_AFEKF,Pipe1_Standard,Pipe1_Chen,Pipe1_EKF_LE,Pipe1_AFEKF,Pipe5_Standard,Pipe5_Chen,Pipe5_EKF_LE,Pipe5_AFEKF
Full_Period,0.107216399596403,0.0667700877698287,0.0606982183867597,0.0606433853830705,2.26817106887371,2.91271889742958,2.36748236502687,2.3587505233798,1.21027583360486,1.00202903692594,1.04162045254733,1.01396811537846,0.928277790415335,3.47352750006424,1.80837170563103,1.72230422783804
Normal_0to12h,0.107271209219637,0.0694197358307759,0.0618705156446807,0.0621087629063343,2.30100723115365,3.04254182279216,2.34126209595889,2.32286661069912,1.28632235902462,1.10946032240513,1.12816964635301,1.11310778205395,0.770996877544225,3.79681687737087,1.46920251514165,1.32608024508134
Leak_12to24h,0.104340477535822,0.0733860836684615,0.063322205953472,0.0629217554516757,2.34072486022618,3.54740343139791,2.61772614484238,2.60002679539723,1.20645253891755,1.0442382264941,1.08776958373987,1.08666724410541,1.04685697415182,4.85467511857057,2.50162171181951,2.37521026921939
