Period,P_RMSE_Standard,P_RMSE_Chen,P_RMSE_EKF_LE,P_RMSE_AFEKF,M_RMSE_Standard,M_RMSE_Chen,M_RMSE_EKF_LE,M_RMSE_AFEKF,Pipe1_Standard,Pipe1_Chen,Pipe1_EKF_LE,Pipe1_AFEKF,Pipe5_Standard,Pipe5_Chen,Pipe5_EKF_LE,Pipe5_AFEKF
Full_Period,0.10471039113533,0.0632139285276261,0.0593328699837404,0.0600387476525577,2.58920201652672,3.13122853126382,2.6568851254926,2.67832409246297,1.28744441282538,0.983195030007808,1.02434283650356,1.00036270324836,0.970938875931051,3.47197216758354,1.98391515003883,1.98836318846827
Normal_0to12h,0.104966253220941,0.0615371739365514,0.0577780972253748,0.0588172722166863,2.32845734682225,3.03242229145872,2.32336775406227,2.3911691169815,1.38433349474199,0.992261233631928,1.06972522924921,1.01967522771623,1.00355832503131,3.80801980461284,1.70397894480691,1.96736517264761
Leak_12to24h,0.104091091480979,0.0712789472046197,0.0629019991983851,0.0634179518560781,2.8485101199362,3.83750269331337,3.04403801473575,3.07553314165027,1.28261904897191,0.893073180321934,0.908535660168743,0.88563764887407,1.15021389849221,4.8484446423319,2.74052464541649,2.74428223624162
