Period,P_RMSE_Standard,P_RMSE_Chen,P_RMSE_EKF_LE,P_RMSE_AFEKF,M_RMSE_Standard,M_RMSE_Chen,M_RMSE_EKF_LE,M_RMSE_AFEKF,Pipe1_Standard,Pipe1_Chen,Pipe1_EKF_LE,Pipe1_AFEKF,Pipe5_Standard,Pipe5_Chen,Pipe5_EKF_LE,Pipe5_AFEKF
Full_Period,0.106773507236283,0.0632985374263845,0.0570718538840779,0.058253106365183,2.38286936580299,2.99944201097785,2.46100474281647,2.46502876703006,1.37452090934677,1.09812545901069,1.12983849215092,1.11105558029933,0.933812982631265,3.51027309816456,1.86770062840604,1.67732363851791
Normal_0to12h,0.107269344427381,0.0648526047572001,0.0572066908525248,0.0595212998119192,2.2968162054782,3.03070106392767,2.30147747372627,2.33345827968575,1.39207844122688,1.07923826824934,1.12262809702486,1.08579653887661,1.02396168193028,3.82343572120015,1.63195004386515,1.60407872070193
Leak_12to24h,0.105404932854452,0.0693718147488705,0.0586690130025169,0.0583140863169133,2.71519022474985,3.78685423256965,2.93683194996769,2.92191896355855,1.48712713363385,1.18009591722874,1.21880711286576,1.21105089794584,1.14075511289086,4.90883258764472,2.58897657549313,2.31529947585878
