Period,P_RMSE_Standard,P_RMSE_Chen,P_RMSE_EKF_LE,P_RMSE_AFEKF,M_RMSE_Standard,M_RMSE_Chen,M_RMSE_EKF_LE,M_RMSE_AFEKF,Pipe1_Standard,Pipe1_Chen,Pipe1_EKF_LE,Pipe1_AFEKF,Pipe5_Standard,Pipe5_Chen,Pipe5_EKF_LE,Pipe5_AFEKF
Full_Period,0.105620140486334,0.0640875246327421,0.0581932800584142,0.0595901182045762,2.58062900175574,3.12647065358676,2.62142515821214,2.63318090117307,1.55573275012175,1.21210622917449,1.24996961347664,1.23599106739399,0.931676510947795,3.49321391335163,1.97821977768137,1.94412114148078
Normal_0to12h,0.1072788684715,0.0653262574468331,0.0583763219304376,0.0612516483311676,2.41946369804368,3.11201657862841,2.39876692725485,2.4494597338382,1.31546617264572,1.12779349706758,1.19368269470362,1.16121780444614,0.953735061872838,3.78965546870336,1.73351115852065,1.90293921023922
Leak_12to24h,0.106247236505555,0.0730182701008282,0.0637359176222175,0.0641169569437571,2.51256326333075,3.65208635405812,2.7968768150676,2.80436413604898,1.27289221940842,1.04182911048823,1.10082242070136,1.10271284182866,1.08128140661345,4.88010907595195,2.73344892463983,2.68439384954144
