Period,P_RMSE_Standard,P_RMSE_Chen,P_RMSE_EKF_LE,P_RMSE_AFEKF,M_RMSE_Standard,M_RMSE_Chen,M_RMSE_EKF_LE,M_RMSE_AFEKF,Pipe1_Standard,Pipe1_Chen,Pipe1_EKF_LE,Pipe1_AFEKF,Pipe5_Standard,Pipe5_Chen,Pipe5_EKF_LE,Pipe5_AFEKF
Full_Period,0.105312853634687,0.0679489050770095,0.0622773412859644,0.0613748879411577,2.98988849148936,3.44780671043456,2.95138747139916,2.93807760591486,1.55213627559615,1.1016631982877,1.18140032697242,1.14244727698292,0.786432628046694,3.54945565658704,1.64440590250516,1.41833529769197
Normal_0to12h,0.10627622130965,0.0700299951387154,0.0641094519152428,0.0628947291667236,3.24300333323691,3.73105718743517,3.10850150633889,3.11809456976597,1.68425318723922,1.11924514193295,1.25792182387955,1.18291689724542,0.782175528028041,3.93258580007431,1.59129165165421,1.49475253671715
Leak_12to24h,0.104910639319142,0.0759587993236937,0.0651232601080851,0.0643433094371566,2.99590110332458,3.97697889549299,3.13890206750714,3.09437847553289,1.52973452410733,1.1082318021318,1.15721773515775,1.16137841243135,0.800953653465418,4.96041280814367,2.24439121561143,1.89992396136002
