Case,Pipe1_Standard,Pipe1_Chen,Pipe1_EKF_LE,Pipe1_AFEKF,Pipe5_Standard,Pipe5_Chen,Pipe5_EKF_LE,Pipe5_AFEKF,Flow_Standard,Flow_Chen,Flow_EKF_LE,Flow_AFEKF
Case1_Clean,1.37440745227656,1.37438318755177,1.37427860005371,1.38315582313223,0.417657109302543,0.41758553540127,0.428428929270097,0.445702142210389,2.76906261391094,2.76903598701409,2.76932131423316,2.77269616898195
Case2_10dB,14.1950492218589,1.48546089026426,1.53559798881865,1.4903749701703,3.02944586200225,0.431613047659784,0.466301365334336,0.51343808649141,5.29113374575877,2.74931202491069,2.74769115163212,2.75019329785985
Case2_20dB,31.650414416118,1.47921002264807,1.64807898471625,1.48965347402519,2.59069740093892,0.43143564691986,0.492485084840403,0.521622979477107,12.6359865280293,2.75021358994674,2.76499584033388,2.75308086064606
