Case,Pipe1_Standard,Pipe1_Chen,Pipe1_EKF_LE,Pipe1_AFEKF,Pipe5_Standard,Pipe5_Chen,Pipe5_EKF_LE,Pipe5_AFEKF,Flow_Standard,Flow_Chen,Flow_EKF_LE,Flow_AFEKF
Case1_Clean,1.26021345101156,1.26019105940505,1.26268522540706,1.2793761733582,0.435970412545976,0.435891987618418,0.489923567598542,0.571234574241328,2.11555241010426,2.1155277846192,2.1256325112683,2.13550709770015
Case2_10dB,11.6577905320339,1.09932612870002,1.33202196669976,1.33117755858663,3.3837055174994,0.470735202585471,0.475512670580948,0.470457459606701,4.64597910876398,2.23346887942036,2.22644439420016,2.23420182103962
Case2_20dB,51.344726464546,1.14098667303781,1.71570159286832,1.32990738924637,7.88422963864931,0.473193912968463,0.534748097933864,0.470557210136836,14.7451737176651,2.2374308920157,2.2625165024272,2.23392422455331
