Case,Pipe1_Standard,Pipe1_Chen,Pipe1_EKF_LE,Pipe1_AFEKF,Pipe5_Standard,Pipe5_Chen,Pipe5_EKF_LE,Pipe5_AFEKF,Flow_Standard,Flow_Chen,Flow_EKF_LE,Flow_AFEKF
Case1_Clean,1.19677919730332,1.19674408977582,1.23540150700058,1.20342493603341,0.483482003025788,0.483384251587029,0.487083170199077,0.497490929867463,2.59457332254405,2.59454441737976,2.6028454692508,2.60603870821825
Case2_10dB,11.1845821708829,1.23944164503225,1.28775688029142,1.26767632907362,3.62571507011299,0.487884577088947,0.540311388341975,0.491485871018349,4.74022461678769,2.66965496267278,2.66847374931093,2.67097530923242
Case2_20dB,33.6903929242728,1.26822469368444,1.67764180560939,1.26771062906957,10.3731924240245,0.489364525614363,0.535047515641725,0.490821535436168,12.8821701160587,2.67122521898259,2.69840918374639,2.67208734585641
