Case,Pipe1_Standard,Pipe1_Chen,Pipe1_EKF_LE,Pipe1_AFEKF,Pipe5_Standard,Pipe5_Chen,Pipe5_EKF_LE,Pipe5_AFEKF,Flow_Standard,Flow_Chen,Flow_EKF_LE,Flow_AFEKF
Case1_Clean,1.01647963961044,1.01644701697838,1.01575901089175,1.02012304325935,0.466064456220966,0.465974525005749,0.471436613529973,0.485848601586414,2.12056172758641,2.12053774850529,2.12076711244236,2.12355244107289
Case2_10dB,10.3520195234593,1.11272507556474,1.07966464588537,1.07494756311007,0.581846174606575,0.500538044810274,0.494274551950231,0.504926444663926,4.0348433164506,2.11455274193444,2.11263366745569,2.11643930679462
Case2_20dB,42.055834391912,1.12207555809965,1.42506840948665,1.07614913227429,7.59075736793826,0.501163319990837,0.507553438052407,0.505067220394015,13.2234584084043,2.11768522260722,2.14561934556511,2.12018976666009
