Case,Pipe1_Standard,Pipe1_Chen,Pipe1_EKF_LE,Pipe1_AFEKF,Pipe5_Standard,Pipe5_Chen,Pipe5_EKF_LE,Pipe5_AFEKF,Flow_Standard,Flow_Chen,Flow_EKF_LE,Flow_AFEKF
Case1_Clean,1.40278671547379,1.40295084069492,1.43679280604635,1.410642648128,0.454752064957884,0.454701274658906,0.465374472265917,0.484549294363854,3.2203057135992,3.21946124927836,3.21139228812234,3.22278183808758
Case2_10dB,12.8384584157097,1.46609084513574,1.50905784922477,1.43944601834662,5.82609287078953,0.446186910849447,0.460154991152214,0.487958936542821,5.54143359263986,3.36870947843752,3.34271432774608,3.36660612453827
Case2_20dB,32.810782766647,1.4751305439634,1.63682982163234,1.43891234034889,3.596839150699,0.445934571765834,0.652491880007714,0.457138942659583,10.9506460115396,3.36890232293387,3.3685001647298,3.35928448400441
