Case,Pipe1_Standard,Pipe1_Chen,Pipe1_EKF_LE,Pipe1_AFEKF,Pipe5_Standard,Pipe5_Chen,Pipe5_EKF_LE,Pipe5_AFEKF,Flow_Standard,Flow_Chen,Flow_EKF_LE,Flow_AFEKF
Case1_Clean,1.21994607408338,1.2199074455089,1.21675155374247,1.22209084057256,0.371664390778728,0.371598241148792,0.403404624879493,0.433653700760989,2.19080463632168,2.19078041699822,2.19236497986244,2.19669264445773
Case2_10dB,10.2255742040336,1.2299074822897,1.2457149001488,1.23492523158725,3.03253998980827,0.389258074923386,0.477550548312766,0.412474966025955,4.3268064327007,2.30084013053186,2.2904292314962,2.2922287819018
Case2_20dB,33.5904589485544,1.2435798846565,1.56541120817787,1.23383047611099,8.15235261929334,0.385485412639144,0.623424261289407,0.410592095997561,11.8032410192555,2.30184266454151,2.32681448638337,2.29230198942802
