Case,Pipe1_Standard,Pipe1_Chen,Pipe1_EKF_LE,Pipe1_AFEKF,Pipe5_Standard,Pipe5_Chen,Pipe5_EKF_LE,Pipe5_AFEKF,Flow_Standard,Flow_Chen,Flow_EKF_LE,Flow_AFEKF
Case1_Clean,1.0609484422673,1.06090877032914,1.06247175193747,1.07004334005253,0.478149270554712,0.478057367523497,0.492372777487121,0.518725195701453,2.13834223078263,2.13831765900558,2.14169248643753,2.14660275284854
Case2_10dB,10.1844832456367,1.03915499892711,1.12134779264789,1.03607579211652,1.11546672870116,0.466019093085951,0.49275685875586,0.506135290809533,4.12675451280922,1.91357589624835,1.91044023108133,1.90984817050098
Case2_20dB,50.2752407775989,1.06101799930071,1.44196425502099,1.03598682291202,16.3235585147497,0.470606445229611,0.591891950057057,0.504314083450912,14.8334395187217,1.91429275600669,1.91315113833405,1.91019973897871
