Case,Pipe1_Standard,Pipe1_Chen,Pipe1_EKF_LE,Pipe1_AFEKF,Pipe5_Standard,Pipe5_Chen,Pipe5_EKF_LE,Pipe5_AFEKF,Flow_Standard,Flow_Chen,Flow_EKF_LE,Flow_AFEKF
Case1_Clean,1.30029848975217,1.30035658651777,1.33429663915281,1.31397622535391,0.44565472963437,0.445563333344395,0.449519101961614,0.461514072328594,2.40903410613536,2.40868404604145,2.3938508783763,2.40854757746239
Case2_10dB,11.0854562085884,1.2772103985158,1.40309016482969,1.36440961315578,3.18581104106327,0.477300495990644,0.501709228717865,0.571179977124069,4.8604987960833,2.62786405914582,2.59806386994024,2.63377212839903
Case2_20dB,31.2111795294389,1.29534701670601,1.66496241269141,1.37318454357542,8.97205909221739,0.478092923747891,0.580827946041053,0.473737048251023,10.457890128847,2.62909249751773,2.64372118412618,2.62061535943879
