Case,Pipe1_Standard,Pipe1_Chen,Pipe1_EKF_LE,Pipe1_AFEKF,Pipe5_Standard,Pipe5_Chen,Pipe5_EKF_LE,Pipe5_AFEKF,Flow_Standard,Flow_Chen,Flow_EKF_LE,Flow_AFEKF
Case1_Clean,1.31031964278722,1.3102836701891,1.31002010442889,1.31938181176266,0.456027114895479,0.455929053873486,0.48145195661302,0.533625025256447,2.3210978533329,2.32107410055754,2.32353385953422,2.33000877251103
Case2_10dB,10.78433277479,1.30267128134701,1.32715686304139,1.31641214062906,0.983315936925233,0.463488821488072,0.45468877265827,0.484670508521273,4.28965166813368,1.99928500540924,2.00378472306317,2.00813448302234
Case2_20dB,43.9458032635377,1.32140721812566,1.82305003587803,1.3163769356088,3.93434852780717,0.463853415436455,0.448735702698005,0.469546572259472,13.8934237945027,2.00210651066623,2.06095307177746,2.00865063769533
