Case,Pipe1_Standard,Pipe1_Chen,Pipe1_EKF_LE,Pipe1_AFEKF,Pipe5_Standard,Pipe5_Chen,Pipe5_EKF_LE,Pipe5_AFEKF,Flow_Standard,Flow_Chen,Flow_EKF_LE,Flow_AFEKF
Case1_Clean,1.20351380263187,1.20347819785183,1.21924685257351,1.21157704764745,0.467367814282787,0.46728547238233,0.471524443452884,0.483230833682817,1.92605827496608,1.92603426530431,1.93465170779585,1.92907094678778
Case2_10dB,10.0625122093475,1.11139737385879,1.17004257266208,1.14825365600579,3.1597923870277,0.469584305076399,0.480091722648401,0.48561690778516,4.07474327430348,1.8299950942035,1.82935081624449,1.82851019683747
Case2_20dB,36.7123652240267,1.18479744038803,1.7036006688548,1.14732565191268,8.04920504552513,0.466430030467852,0.532423648988092,0.482905421082369,13.0929527490565,1.83153079988501,1.86270892946327,1.82846977855862
