Case,Pipe1_Standard,Pipe1_Chen,Pipe1_EKF_LE,Pipe1_AFEKF,Pipe5_Standard,Pipe5_Chen,Pipe5_EKF_LE,Pipe5_AFEKF,Flow_Standard,Flow_Chen,Flow_EKF_LE,Flow_AFEKF
Case1_Clean,1.16568684366946,1.16565491142679,1.16727406403638,1.17693887387758,0.446059079554864,0.445979176230019,0.450111943358748,0.468363548844944,2.43427732860812,2.43425345800925,2.43267838667046,2.44392761567314
Case2_10dB,13.5269864044493,1.31718063534027,1.25652985880381,1.25553766100175,2.86142300001209,0.476319780801419,0.472154767546163,0.48003940894374,5.01512954282135,2.49376008014395,2.47485956067655,2.47909467356413
Case2_20dB,36.5622245817621,1.37168845573154,1.75237300719333,1.25583477453655,3.33156270537525,0.48105708569439,0.48370110369118,0.480103151312184,12.8160386684707,2.49562646939076,2.49914968413412,2.47895818733103
