Case,Pipe1_Standard,Pipe1_Chen,Pipe1_EKF_LE,Pipe1_AFEKF,Pipe5_Standard,Pipe5_Chen,Pipe5_EKF_LE,Pipe5_AFEKF,Flow_Standard,Flow_Chen,Flow_EKF_LE,Flow_AFEKF
Case1_Clean,1.07436477936804,1.07433113553231,1.081086521299,1.06997809871401,0.426502999410192,0.426419649414965,0.439662261447592,0.574884700755973,2.04828491843104,2.04826075489778,2.06904555093156,2.07208532200558
Case2_10dB,10.7984407518335,1.05926344148532,1.05682537683147,1.05186290053348,3.41323974922668,0.461288627015968,0.445524245829438,0.527092469390117,4.51909963484949,2.18279466590428,2.21202434603086,2.19682591305458
Case2_20dB,42.9477439790238,1.06386966322657,1.21655649296918,1.0511626398457,16.2104996004511,0.459352892075556,0.622507005538792,0.539951391550301,14.2356365093388,2.18405738823773,2.22430876513437,2.19846878992177
