Case,Pipe1_Standard,Pipe1_Chen,Pipe1_EKF_LE,Pipe1_AFEKF,Pipe5_Standard,Pipe5_Chen,Pipe5_EKF_LE,Pipe5_AFEKF,Flow_Standard,Flow_Chen,Flow_EKF_LE,Flow_AFEKF
Case1_Clean,0.965101149963085,0.965071340455689,0.971905568544106,0.972240417363765,0.428780978363207,0.428708676468838,0.427304996080445,0.45968006390079,2.05542432555585,2.05539720768834,2.06155214812707,2.06898420851371
Case2_10dB,10.0297138849199,0.869814087604409,0.973539418974423,0.944310593136124,3.08438775839493,0.427159114260382,0.466990372733478,0.521711990504475,4.22095755077688,1.96121736404052,1.95493190922721,1.95775935383467
Case2_20dB,40.1088131155995,0.880350461108052,1.24849348086163,0.945111204376187,16.5294532023777,0.428768225444531,1.09880492589202,0.50703058037858,13.0651254150227,1.96201783109197,1.9916425042001,1.95803214376332
