Case,Pipe1_Standard,Pipe1_Chen,Pipe1_EKF_LE,Pipe1_AFEKF,Pipe5_Standard,Pipe5_Chen,Pipe5_EKF_LE,Pipe5_AFEKF,Flow_Standard,Flow_Chen,Flow_EKF_LE,Flow_AFEKF
Case1_Clean,1.08649935661669,1.08646121003996,1.09424790953899,1.10121979501001,0.5174513878997,0.517383915024873,0.553701826724176,0.596133535148893,2.05034981490331,2.05032404751711,2.05178855747203,2.05872643364467
Case2_10dB,10.9684400622613,1.04802236129308,1.1259937651534,1.09686396487489,3.65194953514942,0.499021834782554,0.492383039569246,0.497936749383897,4.45035764261913,2.05203308459619,2.05775926541551,2.05294472932363
Case2_20dB,31.6121687292451,1.0572589452552,1.33009193524198,1.09741769340638,1.01371403634478,0.501623844174138,0.494801297009185,0.497930842150342,10.9892180611268,2.05132674982494,2.06546772716284,2.0527082874253
