Case,Pipe1_Standard,Pipe1_Chen,Pipe1_EKF_LE,Pipe1_AFEKF,Pipe5_Standard,Pipe5_Chen,Pipe5_EKF_LE,Pipe5_AFEKF,Flow_Standard,Flow_Chen,Flow_EKF_LE,Flow_AFEKF
Case1_Clean,1.28703354197668,1.28700847299541,1.28575132901254,1.29545450811469,0.411198622538734,0.411103300999371,0.430280748590441,0.460782995179505,2.31078814640104,2.31076194850261,2.31129762316018,2.31599381604806
Case2_10dB,11.1389222399109,1.18841487509992,1.23299735856154,1.22500486182463,3.09113934777599,0.42488286892474,0.426303186523305,0.431975841937023,4.87394393045063,2.40301213062952,2.39793782225515,2.40312714492382
Case2_20dB,73.7842358274531,1.23462336705129,1.79846906294251,1.22363610184881,7.85360597652269,0.429184043094061,0.700514102857045,0.433059312085247,21.0686920478095,2.40677717398757,2.47642403021004,2.40300066781839
