Case,Pipe1_Standard,Pipe1_Chen,Pipe1_EKF_LE,Pipe1_AFEKF,Pipe5_Standard,Pipe5_Chen,Pipe5_EKF_LE,Pipe5_AFEKF,Flow_Standard,Flow_Chen,Flow_EKF_LE,Flow_AFEKF
Case1_Clean,0.963911708662289,0.963878183943454,0.963845727816548,0.975389597691297,0.462203332272212,0.462132699859294,0.462082030993387,0.468038891174249,2.31757200793552,2.31754695079389,2.31930768804865,2.32485736929077
Case2_10dB,10.6189408835735,0.996681775304645,1.02269235575459,1.01906887735895,2.49149599201007,0.478696461709723,0.475767164161395,0.478580287687687,4.52718426087233,2.42364732841512,2.41446413353786,2.42076466128574
Case2_20dB,28.0124866082763,1.00484879479926,1.12943708532718,1.01919500509337,8.38782204544398,0.479322407445651,0.478198048930686,0.478591725291516,10.1315870747932,2.4242692706755,2.41902733525942,2.42050952838124
