Case,Pipe1_Standard,Pipe1_Chen,Pipe1_EKF_LE,Pipe1_AFEKF,Pipe5_Standard,Pipe5_Chen,Pipe5_EKF_LE,Pipe5_AFEKF,Flow_Standard,Flow_Chen,Flow_EKF_LE,Flow_AFEKF
Case1_Clean,1.06929608558621,1.06926206615785,1.07086770688544,1.07708560324916,0.451476237515752,0.451378267551344,0.426895453547508,0.431962264122458,2.18847267180481,2.1884482122163,2.18797743161173,2.1909200520583
Case2_10dB,13.5563322413634,1.07729309507258,1.19687657893213,1.14772828189401,5.25501886821325,0.451883958755971,0.458735765949473,0.456759282122214,5.12897802110608,2.22344368181664,2.22513724485928,2.23193288864001
Case2_20dB,36.6575322187693,1.08069929112807,1.27929352655215,1.14764610539209,9.4745454977276,0.449033389960502,0.480022587231849,0.456772279636813,12.8591055482111,2.22410832189032,2.25684081799882,2.23215348002085
