Case,Pipe1_Standard,Pipe1_Chen,Pipe1_EKF_LE,Pipe1_AFEKF,Pipe5_Standard,Pipe5_Chen,Pipe5_EKF_LE,Pipe5_AFEKF,Flow_Standard,Flow_Chen,Flow_EKF_LE,Flow_AFEKF
Case1_Clean,1.3347425725636,1.33472198390413,1.33128655049054,1.33982357970754,0.507184762108656,0.507098660344868,0.525788493291017,0.547414580654491,2.46531481147165,2.46529115654296,2.46583311219473,2.46833616320988
Case2_10dB,10.2842193585176,1.19340761687129,1.40517739250679,1.42145267555647,3.39049360332173,0.521783083088876,0.565867901511024,0.552390085780792,4.70538279385642,2.54638168310395,2.531709834539,2.53582588789623
Case2_20dB,41.2935780135515,1.22469706902196,1.68030108934632,1.42067220985872,9.73153343784044,0.524539728519932,0.577054626378508,0.558325149389091,13.4353074403208,2.54770808679729,2.55268633203148,2.53562218263875
