Case,Pipe1_Standard,Pipe1_Chen,Pipe1_EKF_LE,Pipe1_AFEKF,Pipe5_Standard,Pipe5_Chen,Pipe5_EKF_LE,Pipe5_AFEKF,Flow_Standard,Flow_Chen,Flow_EKF_LE,Flow_AFEKF
Case1_Clean,1.10983095066055,1.10980220891842,1.1447350315955,1.11446450355755,0.434102477550894,0.434022479226508,0.431495978434507,0.469062644830367,2.31880345953282,2.31877865801906,2.32489585040298,2.3299591126898
Case2_10dB,11.3898193295533,1.09962094020677,1.17374008617567,1.15100021283495,0.896150868735212,0.446517163503914,0.442917353535184,0.468107601296384,4.68346636426504,2.57617264088007,2.56282812104709,2.57221074212995
Case2_20dB,37.8247971901022,1.1281031765737,1.44076227081054,1.15626461029098,9.82005659102614,0.448308054234541,0.473157091939256,0.432589307755432,12.4001394641531,2.57702097152605,2.57708573071779,2.56915802284995
