Case,Pipe1_Standard,Pipe1_Chen,Pipe1_EKF_LE,Pipe1_AFEKF,Pipe5_Standard,Pipe5_Chen,Pipe5_EKF_LE,Pipe5_AFEKF,Flow_Standard,Flow_Chen,Flow_EKF_LE,Flow_AFEKF
Case1_Clean,1.31049743999851,1.31046253258224,1.30999767459313,1.31504503673115,0.431231963793223,0.431138628177596,0.433610167810759,0.43999696100037,2.20327605826893,2.20324970472489,2.20590605338615,2.21300114122729
Case2_10dB,12.1474525423225,1.46834243030808,1.42618459708751,1.40994014933138,1.06460740502019,0.453456459007777,0.451200422907305,0.456955368966037,4.75755763691329,2.32794938005601,2.32151368163912,2.32615822197122
Case2_20dB,35.1831470515556,1.4710798228288,1.70532862763389,1.41110063450444,14.9037578777385,0.459439173134043,0.533323970098021,0.457024421823758,12.6712038332986,2.32898428165882,2.33943368213604,2.32605261454752
