Case,Pipe1_Standard,Pipe1_Chen,Pipe1_EKF_LE,Pipe1_AFEKF,Pipe5_Standard,Pipe5_Chen,Pipe5_EKF_LE,Pipe5_AFEKF,Flow_Standard,Flow_Chen,Flow_EKF_LE,Flow_AFEKF
Case1_Clean,1.0923332222424,1.09228705987386,1.09182400117908,1.09536276899382,0.461710641063328,0.461622521044916,0.450433416463293,0.462366174718127,1.81517267977899,1.81514511431458,1.81585916333353,1.82371913623499
Case2_10dB,15.35319035858,1.1036937788295,1.13890726989435,1.11667787595211,5.86710173015672,0.478923979866203,0.490348334435308,0.535651514693381,5.22625778143796,1.62005860864491,1.6253403820815,1.63262664621323
Case2_20dB,40.9445054075391,1.13383059925333,1.45156144268504,1.1130230136529,1.58406509113063,0.476719665578047,0.481456612316916,0.490738240409753,12.9570060656532,1.62209221475078,1.65672005402448,1.62356319262032
