Case,Pipe1_Standard,Pipe1_Chen,Pipe1_EKF_LE,Pipe1_AFEKF,Pipe5_Standard,Pipe5_Chen,Pipe5_EKF_LE,Pipe5_AFEKF,Flow_Standard,Flow_Chen,Flow_EKF_LE,Flow_AFEKF
Case1_Clean,1.06138620372595,1.06136001168658,1.05976865040126,1.06030342948927,0.49023960458513,0.49014039124641,0.514460798403868,0.571149778384757,2.69102423184052,2.69099685906272,2.69162023187474,2.69959087556513
Case2_10dB,10.7289451762783,1.10200771342861,1.00190572194831,1.00047228626997,2.83867994409129,0.494324666943247,0.533174669571387,0.517970291534592,4.60519596404583,2.37120823751811,2.37061294149239,2.37351173972497
Case2_20dB,30.3900806355352,1.1520514541819,1.170243866963,0.998256256709303,2.5810315123473,0.498330967785389,0.512442622600306,0.515750178785242,10.9078611955443,2.37157453144497,2.38173852354099,2.37790932791696
