Case,Pipe1_Standard,Pipe1_Chen,Pipe1_EKF_LE,Pipe1_AFEKF,Pipe5_Standard,Pipe5_Chen,Pipe5_EKF_LE,Pipe5_AFEKF,Flow_Standard,Flow_Chen,Flow_EKF_LE,Flow_AFEKF
Case1_Clean,1.12772768544383,1.12769644429506,1.12037823930654,1.13240847751975,0.445141369381514,0.445064622571089,0.443024213221712,0.446949523643548,2.85325666178838,2.853230162559,2.84679459942116,2.85841823870198
Case2_10dB,10.6544838069688,1.13417613910583,1.17268091632315,1.13695419381229,3.576664418129,0.470183224079497,0.46708457353013,0.483370464892309,4.48198024021975,2.7731014657861,2.76671248841263,2.77236034187659
Case2_20dB,30.4490466569522,1.13031069510138,1.31105681516873,1.13793049111235,7.65173275462703,0.467232085831447,0.767812166500258,0.478252990341308,10.8287952695025,2.77223797840054,2.78882853230422,2.76996762768399
