Case,Pipe1_Standard,Pipe1_Chen,Pipe1_EKF_LE,Pipe1_AFEKF,Pipe5_Standard,Pipe5_Chen,Pipe5_EKF_LE,Pipe5_AFEKF,Flow_Standard,Flow_Chen,Flow_EKF_LE,Flow_AFEKF
Case1_Clean,1.25269532703439,1.25266355445625,1.25476276993611,1.25961964480159,0.45735398807032,0.457256759036775,0.461499664389101,0.47470489272544,2.19412910867254,2.19410390390624,2.18547764508474,2.19792009273146
Case2_10dB,13.5558203392192,1.23527143898654,1.34433530418353,1.33715810377188,0.607715006156981,0.452935810534306,0.446233420696714,0.4671826641262,4.94657443246138,2.14020992247662,2.14122589035767,2.14690163531278
Case2_20dB,33.6856803737736,1.24036996272068,1.55501430928857,1.33804422086084,2.84052659240157,0.455600310874736,0.454930598892341,0.453153056955481,11.5649590276128,2.14068315782868,2.15923868901038,2.14749999130996
