Case,Pipe1_Standard,Pipe1_Chen,Pipe1_EKF_LE,Pipe1_AFEKF,Pipe5_Standard,Pipe5_Chen,Pipe5_EKF_LE,Pipe5_AFEKF,Flow_Standard,Flow_Chen,Flow_EKF_LE,Flow_AFEKF
Case1_Clean,1.13350926798965,1.13348787718007,1.13380135446643,1.13814327701474,0.45717163407945,0.457088730590809,0.449290648404652,0.466134988525717,2.32099757533377,2.32097118775596,2.32086973892805,2.32445133902806
Case2_10dB,14.1321227676534,1.19755282757535,1.23661679549847,1.17987521315983,0.982090418840241,0.459704331405619,0.465817072266923,0.472263188584068,5.13049205477143,2.56195694425018,2.56191044283134,2.56224819639215
Case2_20dB,35.7880447795902,1.1869109032784,1.36314122863388,1.18051154924955,8.48568804185874,0.455521097546391,0.475139157946218,0.472281948674765,13.15875822524,2.56249435998938,2.58784332715119,2.56150124948634
