Case,Pipe1_Standard,Pipe1_Chen,Pipe1_EKF_LE,Pipe1_AFEKF,Pipe5_Standard,Pipe5_Chen,Pipe5_EKF_LE,Pipe5_AFEKF,Flow_Standard,Flow_Chen,Flow_EKF_LE,Flow_AFEKF
Case1_Clean,1.35323644441308,1.35320459463775,1.37613304492701,1.36997462789395,0.404092997707033,0.404025223686892,0.41427760024026,0.433617709705144,2.38557129351006,2.38554481305702,2.35920329825057,2.38333243044226
Case2_10dB,10.4450734359697,1.3084344984308,1.35776091595745,1.34709061819035,0.731047899110184,0.411418002713526,0.397615964521633,0.401106652270115,4.33303856625626,2.41592792122471,2.39823030819159,2.41348381844602
Case2_20dB,29.6576324733183,1.32731803982747,1.5541398571462,1.34223365562032,1.42327558808297,0.4122357811378,0.401602306014997,0.400992460423058,10.9732708944871,2.41771734168818,2.43073020812341,2.42251015543696
