Case,Pipe1_Standard,Pipe1_Chen,Pipe1_EKF_LE,Pipe1_AFEKF,Pipe5_Standard,Pipe5_Chen,Pipe5_EKF_LE,Pipe5_AFEKF,Flow_Standard,Flow_Chen,Flow_EKF_LE,Flow_AFEKF
Case1_Clean,1.28509592642202,1.28506608534941,1.28424938450237,1.2920785404133,0.440463875413054,0.440373019947263,0.451473333394775,0.497573137954973,2.46078235613469,2.46075493529248,2.46443231374531,2.47261596394616
Case2_10dB,15.5900462313054,1.17424759659224,1.26214367352621,1.24014645975197,3.13054776114284,0.472977080077824,0.466856699486129,0.480399649315965,5.62492493765794,2.4538398051688,2.44700522672538,2.45270071795455
Case2_20dB,36.2525765398237,1.18489811218438,1.72938570015148,1.24442205434413,6.79455554981235,0.473370506678084,0.523715193723593,0.461993649740995,12.682590721311,2.45565828149408,2.48252463934694,2.4532956236465
