Case,Pipe1_Standard,Pipe1_Chen,Pipe1_EKF_LE,Pipe1_AFEKF,Pipe5_Standard,Pipe5_Chen,Pipe5_EKF_LE,Pipe5_AFEKF,Flow_Standard,Flow_Chen,Flow_EKF_LE,Flow_AFEKF
Case1_Clean,1.26825974088822,1.26822912158687,1.26684597062273,1.275357106264,0.423931096595192,0.423854975765098,0.447523551703657,0.483719063802715,2.63041559701222,2.6303906886198,2.63062821590675,2.63706046724811
Case2_10dB,10.9473293023627,1.23170644443366,1.37459518953863,1.3757175539562,3.34107692074859,0.432394844162924,0.525527884616897,0.466124860250282,4.89859332246232,2.8018748403503,2.7932333433339,2.79290488353359
Case2_20dB,37.2591472589565,1.2636664175867,1.68548441743273,1.37518818902562,2.8465148555187,0.434478532124548,0.490659701193989,0.463471894001699,12.1819250903309,2.80303653743738,2.8090636582909,2.79675772514768
