Case,Pipe1_Standard,Pipe1_Chen,Pipe1_EKF_LE,Pipe1_AFEKF,Pipe5_Standard,Pipe5_Chen,Pipe5_EKF_LE,Pipe5_AFEKF,Flow_Standard,Flow_Chen,Flow_EKF_LE,Flow_AFEKF
Case1_Clean,1.21596604314122,1.21593270986401,1.24829378021745,1.25115339324883,0.404351278254346,0.404274093977413,0.443331716159528,0.48914270079234,2.0930904831809,2.0930640574426,2.10087783504043,2.10017190072939
Case2_10dB,13.6180068966559,1.11639120628279,1.31792815449129,1.23358370651325,3.50211032755271,0.408030412597168,0.431790880973173,0.432272936522225,4.91937253355806,2.24979218889602,2.24119019312618,2.24210984006972
Case2_20dB,31.8437213093894,1.08501247814145,1.35467642171567,1.2332956709332,2.51607499285502,0.406682467822504,0.415134136771062,0.416886949300601,11.8075536685466,2.25029558458382,2.27193810577832,2.24062879327629
