Period,P_RMSE_Standard,P_RMSE_Chen,P_RMSE_EKF_LE,P_RMSE_AFEKF,M_RMSE_Standard,M_RMSE_Chen,M_RMSE_EKF_LE,M_RMSE_AFEKF,Pipe1_Standard,Pipe1_Chen,Pipe1_EKF_LE,Pipe1_AFEKF,Pipe5_Standard,Pipe5_Chen,Pipe5_EKF_LE,Pipe5_AFEKF
Full_Period,0.514017357140014,0.0668703095798032,0.0570101728203641,0.0576655344190629,5.33496871070996,2.99876871289276,2.22309587792783,2.25019130650038,17.612481800931,1.24989596955797,1.25064985564399,1.16923982462928,3.0820028055976,3.72668238723921,1.79365949566301,1.76850518266201
Normal_0to6h_18to24h,0.102354422466252,0.0557956930071749,0.053013633109567,0.0536703875630555,4.0082669010249,2.76884368286855,2.20820557442083,2.22782069077065,13.5852162708979,1.11931474839842,1.28326965149005,1.16303498772351,1.04168661424293,3.13948811509512,1.48298434339549,1.40708221367957
Leak_12to18h,0.874375238063202,0.0844869126345305,0.0638187200630938,0.064448097540994,7.24602468410593,3.41495893139448,2.23870621194431,2.27874163767052,23.513690457444,1.46718785007473,1.168464612484,1.17005707648109,5.10683093203731,4.71788083453179,2.29907357694952,2.3321425826249
