Period,P_RMSE_Standard,P_RMSE_Chen,P_RMSE_EKF_LE,P_RMSE_AFEKF,M_RMSE_Standard,M_RMSE_Chen,M_RMSE_EKF_LE,M_RMSE_AFEKF,Pipe1_Standard,Pipe1_Chen,Pipe1_EKF_LE,Pipe1_AFEKF,Pipe5_Standard,Pipe5_Chen,Pipe5_EKF_LE,Pipe5_AFEKF
Full_Period,0.193157844310671,0.0752080935616277,0.061829180503438,0.0625162320130488,5.97352174738599,3.50626815423563,2.84098462345597,2.84888952669772,18.9725815814049,1.47865021510904,1.48292981104905,1.44791807221577,1.21620289994742,3.76466189380248,1.66123845494438,1.87718866292093
Normal_0to6h_18to24h,0.104760135223213,0.0673918190768313,0.0586870702916387,0.0605972538692818,4.26609276238479,3.28426968272161,2.82843916950681,2.84973629118967,13.0320880898011,1.47008295778122,1.48725338136954,1.47119375212124,0.867835523503139,3.19061354518084,1.37871273676345,1.6341449842211
Leak_12to18h,0.298836203570836,0.0884735916216273,0.0674433443311826,0.0659054345086255,8.35211470218504,3.9105780716705,2.84612015499155,2.82967170410963,27.0257187119843,1.50765756720215,1.49265427346945,1.42060962791755,1.70758492515317,4.75678225767508,2.13814400925465,2.32140275573158
