Period,P_RMSE_Standard,P_RMSE_Chen,P_RMSE_EKF_LE,P_RMSE_AFEKF,M_RMSE_Standard,M_RMSE_Chen,M_RMSE_EKF_LE,M_RMSE_AFEKF,Pipe1_Standard,Pipe1_Chen,Pipe1_EKF_LE,Pipe1_AFEKF,Pipe5_Standard,Pipe5_Chen,Pipe5_EKF_LE,Pipe5_AFEKF
Full_Period,0.279023201292793,0.0718623784548711,0.0577449584155047,0.0601546097292857,5.53737249022192,3.29984427203234,2.6058144479608,2.63196331987016,16.8889474589998,1.05251725106362,1.02872855353416,1.01240431311665,3.63238700339291,3.80735535316826,1.6912720487532,1.73993091467085
Normal_0to6h_18to24h,0.10237075230338,0.0587837660433105,0.0528634984526181,0.0578876536336421,3.84456999344123,2.83535709821623,2.31585955922432,2.36803322355806,12.6382005009646,0.982282147691328,1.01854904187165,1.0161186211892,1.02326310476137,3.21475196402502,1.5281885335537,1.5979895896023
Leak_12to18h,0.459049946409814,0.0935471949574315,0.0674476091677016,0.0654768138708779,7.8924382909851,4.14125596748596,3.18252107630658,3.17057570909583,22.9867210378667,1.17200751896139,1.0430253208558,0.999669882629088,6.09395841766729,4.80164373301622,1.98073440005331,1.99827617900099
