Period,P_RMSE_Standard,P_RMSE_Chen,P_RMSE_EKF_LE,P_RMSE_AFEKF,M_RMSE_Standard,M_RMSE_Chen,M_RMSE_EKF_LE,M_RMSE_AFEKF,Pipe1_Standard,Pipe1_Chen,Pipe1_EKF_LE,Pipe1_AFEKF,Pipe5_Standard,Pipe5_Chen,Pipe5_EKF_LE,Pipe5_AFEKF
Full_Period,0.284630920004777,0.0713357871832254,0.060962618621499,0.060606259109741,5.2018218491268,3.30465700349789,2.63181572221562,2.63107849976077,15.7084601496962,1.46440779325916,1.45625740995186,1.3338663936377,7.60824957879736,3.79101946238078,1.89923995315802,1.83560822027937
Normal_0to6h_18to24h,0.105473413856912,0.0637589938905192,0.05869728299767,0.0579318615199854,4.40315949345746,3.29801179953696,2.84318728514981,2.83108601426274,13.6838613198172,1.41909732749813,1.50566722457942,1.44821136106735,0.781658531579182,3.26565012700172,1.35335157645574,1.27676119249394
Leak_12to18h,0.46772003867732,0.0847306275417937,0.0654135393133379,0.0657729073321523,6.46835099586385,3.33865677464321,2.15805189345074,2.18581718687011,18.9450977585083,1.53454712236766,1.33512763929832,1.05172210744531,13.0714283703105,4.72204387446489,2.69684191827478,2.63556703386091
