Period,P_RMSE_Standard,P_RMSE_Chen,P_RMSE_EKF_LE,P_RMSE_AFEKF,M_RMSE_Standard,M_RMSE_Chen,M_RMSE_EKF_LE,M_RMSE_AFEKF,Pipe1_Standard,Pipe1_Chen,Pipe1_EKF_LE,Pipe1_AFEKF,Pipe5_Standard,Pipe5_Chen,Pipe5_EKF_LE,Pipe5_AFEKF
Full_Period,0.117911353211956,0.069800762236509,0.0592256200710284,0.0590079726605824,5.25963316206524,3.4640539928357,2.85379924316675,2.85751322637677,15.1942480808083,1.27685941214882,1.1972564038462,1.19331492913388,4.73202417456586,3.79692312804189,1.78978957807835,1.81817111124767
Normal_0to6h_18to24h,0.102716536218985,0.0579279703555077,0.0543752841279972,0.0538062924023094,4.26929832611137,3.08884467394172,2.64698975604685,2.64210938740582,13.5786303162297,1.13756336655543,1.12643957190128,1.12514000856048,0.826064538450967,3.24921294674338,1.48995711746302,1.51509074761905
Leak_12to18h,0.143240381288994,0.0885884718631891,0.0674684942706665,0.0678115046301388,6.79265319311079,4.13680156730461,3.24180120748819,3.25940546370295,17.8183722326292,1.50388619849772,1.31595341036434,1.3075893681117,8.07507741820598,4.73685269501104,2.26535911812185,2.29801255304002
