Period,P_RMSE_Standard,P_RMSE_Chen,P_RMSE_EKF_LE,P_RMSE_AFEKF,M_RMSE_Standard,M_RMSE_Chen,M_RMSE_EKF_LE,M_RMSE_AFEKF,Pipe1_Standard,Pipe1_Chen,Pipe1_EKF_LE,Pipe1_AFEKF,Pipe5_Standard,Pipe5_Chen,Pipe5_EKF_LE,Pipe5_AFEKF
Full_Period,0.114899122820021,0.0654022265772813,0.0552731533480107,0.0553176776232517,5.07544444092208,3.3443053670412,2.68890979362708,2.67651140111293,14.8693769663423,1.20982506438819,1.07153752236986,1.01689043470052,5.57227310354303,3.76320388202429,1.67206403020731,1.66302303335622
Normal_0to6h_18to24h,0.104550789214867,0.0573622274438209,0.0523648491731277,0.0522257485290184,4.12763470935587,3.04677292869327,2.60634540685935,2.60251472467587,13.064460253207,1.08977736942644,1.12928675132948,1.04372085562232,0.864590333235992,3.14565565397503,1.39427043526676,1.4062430158301
Leak_12to18h,0.133753701565676,0.079303976198974,0.0607573552750099,0.0611154235729934,6.51972368777139,3.86761714181144,2.82110487659503,2.7919757119585,17.7711289644336,1.41234289558483,0.935016822159425,0.952736241938186,9.52976401361924,4.81409067580093,2.14036241029264,2.10121711792663
