Period,P_RMSE_Standard,P_RMSE_Chen,P_RMSE_EKF_LE,P_RMSE_AFEKF,M_RMSE_Standard,M_RMSE_Chen,M_RMSE_EKF_LE,M_RMSE_AFEKF,Pipe1_Standard,Pipe1_Chen,Pipe1_EKF_LE,Pipe1_AFEKF,Pipe5_Standard,Pipe5_Chen,Pipe5_EKF_LE,Pipe5_AFEKF
Full_Period,0.673997359149497,0.0684798914153115,0.0584071277913318,0.0581082605747834,5.20574316680115,3.15144699819277,2.432798666761,2.43744834403243,16.9450184071655,1.20234073440476,1.25974971877046,1.21251267454678,5.51538811176368,3.76225209874913,1.73737529355701,1.72446240044672
Normal_0to6h_18to24h,0.103383902411368,0.0599924663079196,0.0562129638496827,0.0559942526950678,3.7846530040435,2.91367257928865,2.42911631982112,2.41651647689105,11.8362008517568,1.2545493152239,1.31836174306593,1.30806724336815,0.949810175037328,3.20755710699582,1.46558727870925,1.38993828611816
Leak_12to18h,1.15287817959543,0.082549757059528,0.0620670945261855,0.0616449356446129,7.20542026781884,3.57831453146762,2.41709255863495,2.45484173387494,23.9423169001348,1.07188081134271,1.11412866457237,0.973668520854733,9.41333684628223,4.7212167926853,2.18751026162186,2.25075150374425
