Period,P_RMSE_Standard,P_RMSE_Chen,P_RMSE_EKF_LE,P_RMSE_AFEKF,M_RMSE_Standard,M_RMSE_Chen,M_RMSE_EKF_LE,M_RMSE_AFEKF,Pipe1_Standard,Pipe1_Chen,Pipe1_EKF_LE,Pipe1_AFEKF,Pipe5_Standard,Pipe5_Chen,Pipe5_EKF_LE,Pipe5_AFEKF
Full_Period,0.488587984875171,0.0713909143398564,0.0617662478028635,0.0611034275843648,5.97065148523719,3.4995065644137,2.91397280144101,2.85641940907613,17.1521029725673,1.63988813099969,1.68273852705996,1.63734190101138,3.67452983927611,3.79246408401742,1.99871332234151,1.82217444835311
Normal_0to6h_18to24h,0.103036558631286,0.0643376602835187,0.0604173505305537,0.0602538449866844,4.51478217288554,3.43699700603821,3.03494955995979,3.02036216500298,13.2903228321332,1.74107431887802,1.7821144014462,1.77261676086818,0.998615053374708,3.2011146876324,1.53577001011172,1.4695317848128
Leak_12to18h,0.829787451712985,0.0852466290710278,0.0659103706016494,0.0642452391657094,8.12333386001121,3.70437946726277,2.75216782792669,2.60098390095127,22.8287752302457,1.38936504053184,1.43718383668559,1.2979881197392,6.17554065067582,4.78216945411877,2.68790358174054,2.36728346336011
