Period,P_RMSE_Standard,P_RMSE_Chen,P_RMSE_EKF_LE,P_RMSE_AFEKF,M_RMSE_Standard,M_RMSE_Chen,M_RMSE_EKF_LE,M_RMSE_AFEKF,Pipe1_Standard,Pipe1_Chen,Pipe1_EKF_LE,Pipe1_AFEKF,Pipe5_Standard,Pipe5_Chen,Pipe5_EKF_LE,Pipe5_AFEKF
Full_Period,0.729636820336501,0.0724644601845194,0.0651903330095604,0.0625282400490559,13.5749800871546,3.321264066927,2.72699875331927,2.71581125529473,37.8718893565178,1.09144711085251,1.28638134762016,0.981054187447342,11.8113761119015,3.72209954906751,2.04790827762484,1.83184459338847
Normal_0to6h_18to24h,0.0607032667805439,0.0649548201984857,0.0606467477601421,0.0607329335780124,7.88825400652948,2.76908321529929,2.28788956463423,2.27983790565785,26.811537827947,0.901955711098562,1.04578147522387,0.904498567292039,1.69286915769434,3.0718009853297,1.48044642472688,1.43183855104094
Leak_12to18h,1.25498461744823,0.085019325131709,0.0728677590634593,0.0654095988100283,20.5835290555629,4.25090473323249,3.4705810386934,3.45496897503963,53.153637703952,1.39023529711048,1.66086128222216,1.11898230899139,20.2263828284107,4.80996091933148,2.87569749309521,2.45749848395849
