Period,P_RMSE_Standard,P_RMSE_Chen,P_RMSE_EKF_LE,P_RMSE_AFEKF,M_RMSE_Standard,M_RMSE_Chen,M_RMSE_EKF_LE,M_RMSE_AFEKF,Pipe1_Standard,Pipe1_Chen,Pipe1_EKF_LE,Pipe1_AFEKF,Pipe5_Standard,Pipe5_Chen,Pipe5_EKF_LE,Pipe5_AFEKF
Full_Period,0.342568489277489,0.0706432033485405,0.0574553800363871,0.0596546763914953,5.70768123291641,3.45788156537637,2.82467868953171,2.86465037371178,17.3333677581725,1.22319161266501,1.13658915661304,1.09196245342772,1.37884601103754,3.80856094393714,1.73634100622408,2.02228824055268
Normal_0to6h_18to24h,0.103100458355731,0.0598140128548618,0.0514343914323091,0.0557588655029702,4.01377605541671,2.82225511346839,2.29454761395414,2.400049658054,13.6019372579379,1.18113142442417,1.16834872379431,1.1430687817666,0.927179075958105,3.22547219447389,1.43213190026566,1.97553732941828
Leak_12to18h,0.572618232178777,0.0886091711791638,0.0680684151585385,0.0671559592880427,8.04821368825836,4.46665572925315,3.6531358069446,3.61459958934323,22.87367895276,1.32568757311218,1.10876801508688,1.02269826997091,1.98714586152268,4.79396370528815,2.23098352755762,2.14273454959682
