Period,P_RMSE_Standard,P_RMSE_Chen,P_RMSE_EKF_LE,P_RMSE_AFEKF,M_RMSE_Standard,M_RMSE_Chen,M_RMSE_EKF_LE,M_RMSE_AFEKF,Pipe1_Standard,Pipe1_Chen,Pipe1_EKF_LE,Pipe1_AFEKF,Pipe5_Standard,Pipe5_Chen,Pipe5_EKF_LE,Pipe5_AFEKF
Full_Period,0.276283036769475,0.0711261191655243,0.0585309513662015,0.0590989292765412,5.33838920595806,3.43142830533872,2.76300052136352,2.76494662172888,14.7828203364126,1.42710915342685,1.53998839115078,1.50280481197042,3.63676392900154,3.75066944896926,1.67865703895547,1.62477798783223
Normal_0to6h_18to24h,0.105010903569122,0.0606065207394437,0.0533986393529171,0.0544439819998359,4.33938063137512,3.12186423329179,2.63338691272825,2.62760977553916,13.5847682513682,1.58070064223973,1.64154515924284,1.5875911880244,0.866757783213109,3.17199328946827,1.40022893556986,1.37566243840356
Leak_12to18h,0.453035329888147,0.0888301397447378,0.0679472540530759,0.0677465851958798,6.86892732327765,3.98558708039188,2.99843505238306,3.01337136469394,16.7467054460664,1.02920971094475,1.28865074247375,1.29354656607628,6.15210138610226,4.74753435213621,2.15163596562337,2.0538131256698
