Period,P_RMSE_Standard,P_RMSE_Chen,P_RMSE_EKF_LE,P_RMSE_AFEKF,M_RMSE_Standard,M_RMSE_Chen,M_RMSE_EKF_LE,M_RMSE_AFEKF,Pipe1_Standard,Pipe1_Chen,Pipe1_EKF_LE,Pipe1_AFEKF,Pipe5_Standard,Pipe5_Chen,Pipe5_EKF_LE,Pipe5_AFEKF
Full_Period,0.174551959254329,0.0676367191762463,0.0564106462062313,0.0567894011626714,5.75708849824772,3.48983013716323,2.85215972489568,2.84777088785334,17.4525984436224,1.36696463029788,1.51970140877637,1.26214448793486,3.59577479599503,3.80504546037169,1.76584530746893,1.72277460048778
Normal_0to6h_18to24h,0.106011155289602,0.0599970149009462,0.0546501124565463,0.0554686200985309,4.22286952624705,3.09241260728632,2.64376224199924,2.6214336751864,13.2173627964848,1.40312201792113,1.66788577277412,1.31433911149167,0.999028103086027,3.24058032469985,1.51838774587389,1.53099320674857
Leak_12to18h,0.261580517884952,0.0803988695596289,0.0592604948509663,0.0588113740459447,7.93061770379254,4.16500735609627,3.20228120188508,3.22767273797714,23.5789295895675,1.27690578286971,1.1482989525207,1.13913546513394,6.04088847727596,4.77219259169917,2.16636913925487,2.04276199894607
