Period,P_RMSE_Standard,P_RMSE_Chen,P_RMSE_EKF_LE,P_RMSE_AFEKF,M_RMSE_Standard,M_RMSE_Chen,M_RMSE_EKF_LE,M_RMSE_AFEKF,Pipe1_Standard,Pipe1_Chen,Pipe1_EKF_LE,Pipe1_AFEKF,Pipe5_Standard,Pipe5_Chen,Pipe5_EKF_LE,Pipe5_AFEKF
Full_Period,0.271093357533643,0.0685214788886869,0.0563359338129482,0.0586659392429189,5.26405499403798,3.12250448673765,2.41685214567357,2.40340889289017,16.7638949812027,1.42961129387971,1.32494555005579,1.28136565392605,1.23909260494198,3.75539137325229,1.50644380785378,1.38650843833844
Normal_0to6h_18to24h,0.105310887339515,0.0624282756221642,0.0562574472137905,0.059601579094274,3.79938206542552,2.77741227703398,2.30552784599443,2.30636650716825,12.4321944114879,1.23527269418061,1.28752195393893,1.24550255216508,0.950315286723877,3.20459935115931,1.33031643775166,1.23092353376811
Leak_12to18h,0.443148918872555,0.0790786544689607,0.0560390188253988,0.0561837847302505,7.32531701381782,3.73139755408761,2.6260151809013,2.58802452537434,22.9386646090502,1.73984775101255,1.38176208570714,1.335864919286,1.66112383466597,4.69892599587949,1.80653279070097,1.64979366000305
