Period,P_RMSE_Standard,P_RMSE_Chen,P_RMSE_EKF_LE,P_RMSE_AFEKF,M_RMSE_Standard,M_RMSE_Chen,M_RMSE_EKF_LE,M_RMSE_AFEKF,Pipe1_Standard,Pipe1_Chen,Pipe1_EKF_LE,Pipe1_AFEKF,Pipe5_Standard,Pipe5_Chen,Pipe5_EKF_LE,Pipe5_AFEKF
Full_Period,0.521136046273558,0.0685836816750812,0.0573856206603405,0.0577970845749448,4.89819034208082,2.96762212744746,2.17314351575216,2.18419254297191,14.9828975494804,1.08389753558289,1.12079501494718,1.02775076047178,3.06164325913964,3.80386473955344,1.61204031791311,1.59420530161605
Normal_0to6h_18to24h,0.103567795177559,0.0621840322938117,0.0553196811388303,0.0560853776946097,3.98964004320581,2.67766946463813,2.12560893355502,2.11655084677909,13.8775799400649,1.13716578473837,1.13914396936572,1.09509917332179,0.809157051420689,3.22244762539462,1.37984636226531,1.306448854528
Leak_12to18h,0.8867027157448,0.0798685876891637,0.0611378785579142,0.06091440561251,6.28653015428906,3.48344180384275,2.25136885560504,2.29903094928634,16.7943923671614,0.954315357582966,1.06764052434693,0.861826513797571,5.15350914847588,4.81044795777489,2.0106695481897,2.06228802578768
