Period,P_RMSE_Standard,P_RMSE_Chen,P_RMSE_EKF_LE,P_RMSE_AFEKF,M_RMSE_Standard,M_RMSE_Chen,M_RMSE_EKF_LE,M_RMSE_AFEKF,Pipe1_Standard,Pipe1_Chen,Pipe1_EKF_LE,Pipe1_AFEKF,Pipe5_Standard,Pipe5_Chen,Pipe5_EKF_LE,Pipe5_AFEKF
Full_Period,0.107277580576261,0.0648335059480087,0.0546868743282675,0.0543173217068412,5.17558867894534,3.30092156598242,2.6578438383146,2.62735651333728,15.2142565029251,1.14035842500736,1.06426176892954,1.06140705335127,7.35500436672453,3.75573161443275,1.76332338689419,1.65053380980103
Normal_0to6h_18to24h,0.102138503975334,0.0573894090036945,0.0520729627801841,0.0522600712258773,3.92092213621841,2.71770983422251,2.20573024090957,2.21778145438208,13.3909168031128,1.13255211819707,1.128224065647,1.12649901671661,0.750262992909886,3.15947647705608,1.42974540223934,1.42891258053563
Leak_12to18h,0.116719237038215,0.0779115475202867,0.0596847131284363,0.0583199796073178,7.02022917978823,4.26777295270151,3.41571742267508,3.32883797590834,18.1585237945175,1.17986275816149,0.949137463431643,0.945054056449388,12.638691796489,4.7796046409047,2.31963510085137,2.05822049862438
