Period,P_RMSE_Standard,P_RMSE_Chen,P_RMSE_EKF_LE,P_RMSE_AFEKF,M_RMSE_Standard,M_RMSE_Chen,M_RMSE_EKF_LE,M_RMSE_AFEKF,Pipe1_Standard,Pipe1_Chen,Pipe1_EKF_LE,Pipe1_AFEKF,Pipe5_Standard,Pipe5_Chen,Pipe5_EKF_LE,Pipe5_AFEKF
Full_Period,0.667977819055165,0.0711187986757079,0.0587731278643111,0.0587708220925367,5.18799463603096,3.39946248195505,2.69350761590047,2.68072026573761,15.0230741349927,1.40917157600723,1.61913803762541,1.44063314868044,7.35259358809737,3.80794076399415,1.48549056067634,1.31319423653024
Normal_0to6h_18to24h,0.105534983961382,0.0626463203471024,0.0575377320581438,0.0582223074861209,4.1753831985592,3.21169687554317,2.76031051782254,2.76350530104363,12.7460639176624,1.52089051491036,1.78854699854846,1.56919954146287,0.815831259486199,3.20413838163763,1.36791281489827,1.29585499250909
Leak_12to18h,1.14200241502535,0.0851002192826298,0.0605872997880888,0.0592656706133709,6.71968045324896,3.73469550352844,2.52386514492064,2.47509085740455,18.5981561638088,1.13595078193514,1.18944871621433,1.12412551024207,12.6233991685152,4.81925210899844,1.70120572324346,1.35057719345504
