Period,P_RMSE_Standard,P_RMSE_Chen,P_RMSE_EKF_LE,P_RMSE_AFEKF,M_RMSE_Standard,M_RMSE_Chen,M_RMSE_EKF_LE,M_RMSE_AFEKF,Pipe1_Standard,Pipe1_Chen,Pipe1_EKF_LE,Pipe1_AFEKF,Pipe5_Standard,Pipe5_Chen,Pipe5_EKF_LE,Pipe5_AFEKF
Full_Period,0.112819315436144,0.0722747277271318,0.0591164479337817,0.060045668506577,5.12894964346278,3.19652353740354,2.43859350748963,2.46205436778334,14.4326485679306,1.37472891787888,1.26775240151397,1.2416406924621,6.07303938532982,3.85458374313888,1.62933591769148,1.70010374369435
Normal_0to6h_18to24h,0.104701139457598,0.0582896134328528,0.0538269776758316,0.055069999417041,3.49730562055965,2.34068025132418,1.68395363683623,1.73323259434924,12.9097923430157,1.26359892847332,1.25000515285817,1.22619850037684,0.802501852940392,3.25718809562979,1.40601120630239,1.55160367028707
Leak_12to18h,0.127980743904637,0.0937769248144916,0.0680485965645508,0.0684483202196557,7.34850233691492,4.46517043678247,3.50715785265481,3.50944085632462,16.9092756233755,1.57332720893782,1.29993886693328,1.26873326562269,10.4097800375239,4.88926851302669,2.03034147056003,1.99726976433206
