Period,P_RMSE_Standard,P_RMSE_Chen,P_RMSE_EKF_LE,P_RMSE_AFEKF,M_RMSE_Standard,M_RMSE_Chen,M_RMSE_EKF_LE,M_RMSE_AFEKF,Pipe1_Standard,Pipe1_Chen,Pipe1_EKF_LE,Pipe1_AFEKF,Pipe5_Standard,Pipe5_Chen,Pipe5_EKF_LE,Pipe5_AFEKF
Full_Period,0.158177959770951,0.0699617878718991,0.0567413851836936,0.0597993788657223,5.61677303339096,3.1784640507009,2.43261389710658,2.4701543907426,17.9987579194599,1.23867838807762,1.37968172525687,1.40143929986812,5.95318547837171,3.75335991296752,1.55533687528366,1.6760020497286
Normal_0to6h_18to24h,0.106498263199647,0.061735426258926,0.0561334217672575,0.060404190826271,3.91348468918616,2.83439837195151,2.31186616559265,2.34445540864585,12.8957988712478,1.21895868528838,1.25548196942506,1.31519900279624,0.95860695435043,3.19719813268535,1.38194863649747,1.30267053316298
Leak_12to18h,0.227796044550978,0.0837043644845807,0.0574542651748757,0.0579997521820788,7.94727768202507,3.77036814868219,2.63623812814948,2.681463651158,25.1055899928368,1.27299194515851,1.59589062952361,1.55514095720258,10.1763556418744,4.71673565999605,1.87770091976952,2.2571002747039
