Period,P_RMSE_Standard,P_RMSE_Chen,P_RMSE_EKF_LE,P_RMSE_AFEKF,M_RMSE_Standard,M_RMSE_Chen,M_RMSE_EKF_LE,M_RMSE_AFEKF,Pipe1_Standard,Pipe1_Chen,Pipe1_EKF_LE,Pipe1_AFEKF,Pipe5_Standard,Pipe5_Chen,Pipe5_EKF_LE,Pipe5_AFEKF
Full_Period,0.601114458076456,0.0753229603159289,0.0642448009978131,0.0631517391681272,5.13355213247421,3.6783054439085,3.07920377585675,3.06349163481579,14.1114288867588,1.47700355161948,1.45361708100247,1.42835346635206,3.09529615891651,3.68778515423133,1.78277535728228,1.68879779206425
Normal_0to6h_18to24h,0.108240850072297,0.0707191543763521,0.0653519998186152,0.064464734462622,4.2861444567953,3.29145713280291,2.87607651601885,2.87789208830046,12.7134587882493,1.58215183391388,1.60666368746028,1.58504021998206,1.0542926718767,3.07171776552662,1.46093422798073,1.36815312326265
Leak_12to18h,1.02511154781664,0.0833337064156345,0.0614038595223216,0.0598626180161115,6.46846000380199,4.35802026696122,3.45046094254489,3.40448788048219,16.3893214711383,1.21785082212783,1.06263382591628,1.02440556048684,5.13677255263071,4.72481344482205,2.32882653316379,2.22856220168588
