Period,P_RMSE_Standard,P_RMSE_Chen,P_RMSE_EKF_LE,P_RMSE_AFEKF,M_RMSE_Standard,M_RMSE_Chen,M_RMSE_EKF_LE,M_RMSE_AFEKF,Pipe1_Standard,Pipe1_Chen,Pipe1_EKF_LE,Pipe1_AFEKF,Pipe5_Standard,Pipe5_Chen,Pipe5_EKF_LE,Pipe5_AFEKF
Full_Period,0.115879808579418,0.0672607709492031,0.0555906903856903,0.0569214281254167,4.82926729413852,2.9318157345435,2.17202404857322,2.10995796218582,15.2875992440403,1.08237205217446,1.09380291893213,1.05729057502113,1.39662337371275,3.71902742872178,1.75587950522,1.48075160432095
Normal_0to6h_18to24h,0.104778677761344,0.0618247885452637,0.0553886193802675,0.058143611765772,3.93629936650042,2.68198418299381,2.14933703912432,2.14693953971456,13.4356131601504,0.944012612640681,0.960628511968697,0.933798400268341,0.832359398490176,3.12541704767583,1.32147399086279,1.23832383624202
Leak_12to18h,0.135599190458937,0.0770495353470874,0.0560007315529987,0.0543728296308877,6.19283756455131,3.37770200191589,2.19770963353815,2.0140946489043,18.2677031458236,1.34629330522526,1.35452700238226,1.30435632624857,2.10403429821771,4.7208995617205,2.40450680102614,1.88296847514398
