Period,P_RMSE_Standard,P_RMSE_Chen,P_RMSE_EKF_LE,P_RMSE_AFEKF,M_RMSE_Standard,M_RMSE_Chen,M_RMSE_EKF_LE,M_RMSE_AFEKF,Pipe1_Standard,Pipe1_Chen,Pipe1_EKF_LE,Pipe1_AFEKF,Pipe5_Standard,Pipe5_Chen,Pipe5_EKF_LE,Pipe5_AFEKF
Full_Period,1.22551816664657,0.105621162238147,0.107503807641529,0.108821344590333,15.7362355089706,2.88322530447809,3.01098589862289,2.66535239255242,55.6356858275685,1.84179081668027,3.0516861292603,1.29989167733734,14.2182424615771,1.09417994037137,1.72816253429492,0.903162307993641
Normal_0to6h_18to24h,0.107862243143713,0.108011983315224,0.107319449667808,0.111297617229683,9.82329289716846,2.41302874726589,2.3357916533748,2.297511302914,39.3899071489494,1.11628979832122,2.1892303064076,1.14845124246454,1.01074715596996,0.99619205033483,0.862819720172883,0.844125318481977
Leak_12to18h,2.10736961295583,0.100639696933816,0.107846231045698,0.103760608398807,23.312696298929,3.68499423266038,4.06273389061873,3.32069133187548,78.0832077619176,2.77438379339305,4.2661876765458,1.57918775525549,24.4716184395831,1.28193962845919,2.72551785229799,1.01691977137407
