Period,P_RMSE_Standard,P_RMSE_Chen,P_RMSE_EKF_LE,P_RMSE_AFEKF,M_RMSE_Standard,M_RMSE_Chen,M_RMSE_EKF_LE,M_RMSE_AFEKF,Pipe1_Standard,Pipe1_Chen,Pipe1_EKF_LE,Pipe1_AFEKF,Pipe5_Standard,Pipe5_Chen,Pipe5_EKF_LE,Pipe5_AFEKF
Full_Period,0.112094106524287,0.0699997754122079,0.0582847596444624,0.0608095633970989,5.21116736724552,3.33262401865156,2.64553932251548,2.73381344555476,14.4713791963427,1.32827637574234,1.26836740898129,1.20465588498843,1.48626056124149,3.77138960041988,1.78936493688961,2.18530728155132
Normal_0to6h_18to24h,0.105136785240186,0.0623370326963376,0.055840433304205,0.0585226126971211,3.83273999195319,2.73547774143536,2.20099352665177,2.29184350475486,12.8439073371166,1.14165999192444,1.21466372109526,1.13398934075871,0.955723256160287,3.17923822665154,1.4545645167543,1.87645603815031
Leak_12to18h,0.124173626895048,0.0833604113483913,0.0629260925114901,0.0654611922426271,7.17046341337173,4.28265286775693,3.34822371733328,3.43980423105887,17.1053282605555,1.63831514098869,1.3671752155802,1.32873062555665,2.17687757910228,4.76884057045448,2.31737419055511,2.71041252946127
