Period,P_RMSE_Standard,P_RMSE_Chen,P_RMSE_EKF_LE,P_RMSE_AFEKF,M_RMSE_Standard,M_RMSE_Chen,M_RMSE_EKF_LE,M_RMSE_AFEKF,Pipe1_Standard,Pipe1_Chen,Pipe1_EKF_LE,Pipe1_AFEKF,Pipe5_Standard,Pipe5_Chen,Pipe5_EKF_LE,Pipe5_AFEKF
Full_Period,0.729636820336501,0.0724644601845194,0.061885075772659,0.0625980204213669,13.5749800871546,3.321264066927,2.79010908779532,2.84981660313599,37.8718893565178,1.09144711085251,1.37675423641757,1.00438470119023,11.8113761119015,3.72209954906751,2.09229146548939,2.06251794589817
Normal_0to6h_18to24h,0.0607032667805439,0.0649548201984857,0.0593299606190751,0.0586649650031869,7.88825400652948,2.76908321529929,2.31476783476442,2.30359334837809,26.811537827947,0.901955711098562,1.25347952112874,0.922301137534747,1.69286915769434,3.0718009853297,1.460955712424,1.43096561107939
Leak_12to18h,1.25498461744823,0.085019325131709,0.066158924929657,0.069268330358953,20.5835290555629,4.25090473323249,3.58211543329076,3.73306506482788,53.153637703952,1.39023529711048,1.58688108528168,1.15097286997816,20.2263828284107,4.80996091933148,2.98649824146194,2.9521393802426
