Period,P_RMSE_Standard,P_RMSE_Chen,P_RMSE_EKF_LE,P_RMSE_AFEKF,M_RMSE_Standard,M_RMSE_Chen,M_RMSE_EKF_LE,M_RMSE_AFEKF,Pipe1_Standard,Pipe1_Chen,Pipe1_EKF_LE,Pipe1_AFEKF,Pipe5_Standard,Pipe5_Chen,Pipe5_EKF_LE,Pipe5_AFEKF
Full_Period,0.116989245334404,0.0682572593469108,0.056118196080006,0.0588108332255693,4.81422802169816,3.16311405440893,2.44284130706512,2.43006667210786,14.5072635424108,1.30344813596425,1.1199211615023,1.11313429301658,3.92782382494291,3.80284914983307,1.75651316143296,1.56364015394338
Normal_0to6h_18to24h,0.103311471244766,0.0598127496503005,0.053026881980289,0.0571074326946719,3.6782094440607,2.64701267427987,2.0762598457493,2.08127048125567,12.5511342633088,1.14272459923568,1.1236988905564,1.15441551027633,0.984449104489854,3.25807050298431,1.54764317267175,1.44786290464424
Leak_12to18h,0.139718776310212,0.0827751037129329,0.0620469892848526,0.0621534214513894,6.47450402403901,4.00438764877388,3.03759870424531,2.99959493754777,17.620281315031,1.56147521599911,1.09658873559406,1.00869188027095,6.62792252808959,4.74204287338094,2.11992708229989,1.7789681182982
