Period,P_RMSE_Standard,P_RMSE_Chen,P_RMSE_EKF_LE,P_RMSE_AFEKF,M_RMSE_Standard,M_RMSE_Chen,M_RMSE_EKF_LE,M_RMSE_AFEKF,Pipe1_Standard,Pipe1_Chen,Pipe1_EKF_LE,Pipe1_AFEKF,Pipe5_Standard,Pipe5_Chen,Pipe5_EKF_LE,Pipe5_AFEKF
Full_Period,0.461122605536197,0.0711601180179005,0.0596934925050986,0.060503726167405,5.5536472998497,3.11660127884568,2.41234416886401,2.41005292666481,18.0340062408397,1.17086221339195,1.24671978872789,1.21340405424633,7.92561958529691,3.74999974089296,1.73547515592276,1.54709518130177
Normal_0to6h_18to24h,0.103267882919443,0.0598173320382579,0.0540905057471289,0.056273938765126,3.78367692802627,2.71796347725273,2.17553410809567,2.1853784574305,12.8457911878978,1.06695892915489,1.1312145519505,1.07873430780914,0.752849647311848,3.15015726216158,1.21213796575983,1.0766373979086
Leak_12to18h,0.781657598865465,0.0894056241309645,0.0692311281121032,0.0678419584674489,7.95554323179038,3.82104158644976,2.84661678853905,2.82617565793747,25.231313186791,1.34123632917271,1.43702900080144,1.43264229968353,13.6224392664945,4.77416703934446,2.46813937438283,2.20127156272343
