Period,P_RMSE_Standard,P_RMSE_Chen,P_RMSE_EKF_LE,P_RMSE_AFEKF,M_RMSE_Standard,M_RMSE_Chen,M_RMSE_EKF_LE,M_RMSE_AFEKF,Pipe1_Standard,Pipe1_Chen,Pipe1_EKF_LE,Pipe1_AFEKF,Pipe5_Standard,Pipe5_Chen,Pipe5_EKF_LE,Pipe5_AFEKF
Full_Period,0.15765656240898,0.0658273216930738,0.0556599273776821,0.055751753708768,5.1921305479467,3.35971351614665,2.66371452579071,2.67810709188832,14.8772545343089,1.43965296482884,1.24241011267392,1.25071755272561,0.857773711801278,3.77033744599888,1.64167243649038,1.67659595174955
Normal_0to6h_18to24h,0.105616302120631,0.0602217158373985,0.0532806574869115,0.0541985767268088,4.10161941491136,2.92264171653926,2.39852829175612,2.43382311018172,13.4971097476799,1.21217107832021,1.22787923459316,1.22911993863862,0.903662490816574,3.22030693158733,1.50337445215265,1.55024098225171
Leak_12to18h,0.227484792682777,0.0755902180395424,0.0597797797500053,0.0583672474434634,6.83343343919459,4.10577382956976,3.12698663505673,3.10899172658852,17.1364942465471,1.79655302199386,1.25573308060807,1.27780614833795,0.758963857964122,4.72388620266584,1.90589859480766,1.92235937541313
