Period,P_RMSE_Standard,P_RMSE_Chen,P_RMSE_EKF_LE,P_RMSE_AFEKF,M_RMSE_Standard,M_RMSE_Chen,M_RMSE_EKF_LE,M_RMSE_AFEKF,Pipe1_Standard,Pipe1_Chen,Pipe1_EKF_LE,Pipe1_AFEKF,Pipe5_Standard,Pipe5_Chen,Pipe5_EKF_LE,Pipe5_AFEKF
Full_Period,0.132787045080405,0.0719848467449377,0.0610632506440802,0.0610369655947699,4.8516333532348,3.29454299927369,2.66015500140776,2.65953859470804,11.9279501537906,1.07085361768177,0.953224756045349,0.990289752954135,4.34429115607408,3.67964381456141,1.70265782619282,1.63947818631413
Normal_0to6h_18to24h,0.0607015740208659,0.0649532441554375,0.0602701757116469,0.0602037521928599,3.30238566840687,2.76899998217614,2.31297921013151,2.29928476709148,8.60709172433363,0.903631218501848,0.887416850980726,0.940529934780032,1.51157383604312,3.07081324316034,1.42519038019935,1.33750327483793
Leak_12to18h,0.212303037744033,0.0838017977683348,0.0620611309173017,0.0621265536887299,6.96853421025663,4.18870804427248,3.27758010971833,3.29534786619413,16.5753126161992,1.33953586556511,1.07367535828699,1.08277032616427,7.19112373191231,4.71296076165901,2.17132677501023,2.13348033547625
