Period,P_RMSE_Standard,P_RMSE_Chen,P_RMSE_EKF_LE,P_RMSE_AFEKF,M_RMSE_Standard,M_RMSE_Chen,M_RMSE_EKF_LE,M_RMSE_AFEKF,Pipe1_Standard,Pipe1_Chen,Pipe1_EKF_LE,Pipe1_AFEKF,Pipe5_Standard,Pipe5_Chen,Pipe5_EKF_LE,Pipe5_AFEKF
Full_Period,0.322031516622502,0.0629951646868052,0.0545144442593015,0.0544346488273691,5.51381023564221,3.05533924060272,2.2949910418724,2.28389212377499,17.7886548380461,1.35689128951114,1.38788537833451,1.29617445768784,0.946101680028381,3.72749090125314,1.37092779177115,1.3150525809833
Normal_0to6h_18to24h,0.102303583170809,0.0564933001581801,0.0522586299155757,0.0520875242688993,3.8787121498338,2.64511833531889,2.09117310270828,2.07429422076569,13.2697041717137,1.35787660204896,1.38496797755517,1.31639809584785,0.951315932187804,3.14994793350833,1.3463119800851,1.26353992404938
Leak_12to18h,0.536187133081729,0.07441150334098,0.0588476957591088,0.0589710896521801,7.76775904826802,3.74643229164854,2.64136385172915,2.63912636011436,24.2559810566914,1.33629877968267,1.37438016694459,1.23603727121377,0.928338738966343,4.71616658553084,1.42665580379363,1.41659024934661
