Period,P_RMSE_Standard,P_RMSE_Chen,P_RMSE_EKF_LE,P_RMSE_AFEKF,M_RMSE_Standard,M_RMSE_Chen,M_RMSE_EKF_LE,M_RMSE_AFEKF,Pipe1_Standard,Pipe1_Chen,Pipe1_EKF_LE,Pipe1_AFEKF,Pipe5_Standard,Pipe5_Chen,Pipe5_EKF_LE,Pipe5_AFEKF
Full_Period,0.11600847755207,0.0683469881866887,0.0579560212697294,0.0573780099844603,5.10311874631537,3.31404837384243,2.60549520498979,2.61302898938122,15.3962677151664,1.13016773042815,1.12059557346185,1.04938495164973,7.27394053864562,3.76047850250774,1.73925710816406,1.68513022287368
Normal_0to6h_18to24h,0.106297013654115,0.0591039071003779,0.0541720096942944,0.053914461345558,4.19156681252833,3.03222221412003,2.49429834932176,2.52709473918736,13.3347371754576,1.05592867671796,1.13393288514939,1.08093331045841,0.854409906901609,3.19772144878194,1.35600211501576,1.30386654640811
Leak_12to18h,0.132939098918838,0.0839515078713072,0.0649508160820557,0.063834484273035,6.50859321308784,3.81650043574195,2.79830833097603,2.76000322274147,18.6865860634403,1.29659606427619,1.13826544338554,1.03467625417047,12.4823141273917,4.731318340385,2.33329632594256,2.27388552749805
