Period,P_RMSE_Standard,P_RMSE_Chen,P_RMSE_EKF_LE,P_RMSE_AFEKF,M_RMSE_Standard,M_RMSE_Chen,M_RMSE_EKF_LE,M_RMSE_AFEKF,Pipe1_Standard,Pipe1_Chen,Pipe1_EKF_LE,Pipe1_AFEKF,Pipe5_Standard,Pipe5_Chen,Pipe5_EKF_LE,Pipe5_AFEKF
Full_Period,0.25172798085588,0.0669616757391524,0.0553725212637732,0.056484280094039,5.14077132879564,3.3185523004464,2.62183890707822,2.60562622570827,15.6923710375398,1.37583051779544,1.15253606681182,1.17029730511082,6.33304781522814,3.78091910282765,1.79692106902916,1.71431870836198
Normal_0to6h_18to24h,0.101508304304283,0.0609702814809469,0.053687293227272,0.0553096820822857,4.25112821280877,3.02755296137351,2.54422297905389,2.52820581448432,14.1375637047437,1.16174873316105,1.13667529436435,1.16175970799123,1.14625756821303,3.21365633141723,1.56457318954717,1.50266919508105
Leak_12to18h,0.410027947539443,0.0791896300395561,0.0610145520683035,0.0611770626506906,6.56409329958388,3.91984850316514,2.86864252250224,2.85149441944472,18.225709749793,1.71172521658663,1.16815664248455,1.17135399431637,10.7998414785187,4.78072477768837,2.22495113144373,2.10987991262466
