Period,P_RMSE_Standard,P_RMSE_Chen,P_RMSE_EKF_LE,P_RMSE_AFEKF,M_RMSE_Standard,M_RMSE_Chen,M_RMSE_EKF_LE,M_RMSE_AFEKF,Pipe1_Standard,Pipe1_Chen,Pipe1_EKF_LE,Pipe1_AFEKF,Pipe5_Standard,Pipe5_Chen,Pipe5_EKF_LE,Pipe5_AFEKF
Full_Period,0.122426566358806,0.0660600269139974,0.0548401503557108,0.0555758942702258,5.03186924136399,3.25307244082129,2.53638898937661,2.54285970754234,15.3963986318065,1.19122689654751,1.16590871443564,1.15426216486651,6.44496956324724,3.77556653677928,1.52538919274372,1.57137146348097
Normal_0to6h_18to24h,0.106655272912009,0.0593197916400655,0.0548489610503232,0.0559022874277289,4.17580734454392,2.98992849079985,2.52148173381831,2.54129808886875,13.9215914227136,0.899754100394168,0.932561307427936,0.937838255310846,0.930062958939417,3.20949284390405,1.44883828307384,1.55051834233714
Leak_12to18h,0.148913089582245,0.0784634958689579,0.0558774680726662,0.0559842974750882,6.37706194943841,3.75939245215067,2.59665337012493,2.57551727284946,17.8028607414123,1.61214913687834,1.51691274276311,1.48354622279205,11.0359072684193,4.75595353273708,1.69619195861381,1.6366821886447
