Period,P_RMSE_Standard,P_RMSE_Chen,P_RMSE_EKF_LE,P_RMSE_AFEKF,M_RMSE_Standard,M_RMSE_Chen,M_RMSE_EKF_LE,M_RMSE_AFEKF,Pipe1_Standard,Pipe1_Chen,Pipe1_EKF_LE,Pipe1_AFEKF,Pipe5_Standard,Pipe5_Chen,Pipe5_EKF_LE,Pipe5_AFEKF
Full_Period,0.917900901370039,0.154945220067106,0.106512034903712,0.0773828254298739,13.5469712908224,4.38054325569559,2.71595374899701,2.61608443405257,53.0899606829706,9.82974075828314,3.07343869696007,1.19806250127872,6.43125713087618,4.07671376466675,0.735561672143674,0.891834397534056
Normal_0to6h_18to24h,0.107982711381274,0.108354547779999,0.107936087704323,0.0841060118043188,10.5253386104358,2.8616189154911,2.39074629533818,2.2942038702879,42.3396818898238,1.17221249447932,2.62474799949945,1.03925452370198,0.873192378585397,3.10825073387955,0.718486411996208,0.880269658486022
Leak_12to18h,1.5751906258822,0.219550598852071,0.103662777542401,0.0607414005292036,18.0102274750867,6.42973915932514,3.31139302940137,3.20127517055612,69.2253153260978,16.8675085118218,3.79439744149077,1.47112967794223,11.0193762084613,5.56976632079435,0.768430688956713,0.925340306136721
