Period,P_RMSE_Standard,P_RMSE_Chen,P_RMSE_EKF_LE,P_RMSE_AFEKF,M_RMSE_Standard,M_RMSE_Chen,M_RMSE_EKF_LE,M_RMSE_AFEKF,Pipe1_Standard,Pipe1_Chen,Pipe1_EKF_LE,Pipe1_AFEKF,Pipe5_Standard,Pipe5_Chen,Pipe5_EKF_LE,Pipe5_AFEKF
Full_Period,0.112012822169208,0.0673614984072189,0.055375078720598,0.0572214128252468,5.17095036430226,3.34323082405037,2.67709401841254,2.70232736031671,14.186590779988,1.20846540498927,1.21204813587078,1.19085370492897,3.62950704312611,3.81093593197959,1.88258658212804,1.88634275231975
Normal_0to6h_18to24h,0.10387084790412,0.0628333366412644,0.0546912273453269,0.0569185264449935,4.04148981665213,3.09783872862934,2.61956239485528,2.63036390269757,12.640399624042,1.25554238599744,1.28185035887972,1.27711685517218,1.04634266762349,3.2604666474626,1.54259064942404,1.48784156524134
Leak_12to18h,0.126934212877849,0.075824749963474,0.0569629824024813,0.0580222947775468,6.85704130042414,3.80302216055968,2.79281024907725,2.84397696305145,16.6941523135659,1.10204389485529,1.05644204409259,0.994155828916274,6.08442198127467,4.77111023370986,2.44727526728148,2.51848451131406
