Period,P_RMSE_Standard,P_RMSE_Chen,P_RMSE_EKF_LE,P_RMSE_AFEKF,M_RMSE_Standard,M_RMSE_Chen,M_RMSE_EKF_LE,M_RMSE_AFEKF,Pipe1_Standard,Pipe1_Chen,Pipe1_EKF_LE,Pipe1_AFEKF,Pipe5_Standard,Pipe5_Chen,Pipe5_EKF_LE,Pipe5_AFEKF
Full_Period,0.314626614708956,0.0687374065443299,0.0575956115793826,0.059626525262674,5.84657421685727,3.34328012173933,2.68705841874112,2.6767179206031,17.8754845835739,1.07388766681484,1.11820900478714,1.12238039637806,1.3750483846961,3.81187557864923,1.68393251016245,1.52193308385133
Normal_0to6h_18to24h,0.103904798842327,0.0611703776333039,0.0548868510522885,0.058551246127264,4.13460668055243,2.85641349684715,2.37039820099359,2.38240380901041,13.9704405683332,1.05237576843973,1.11953298727307,1.11098550252189,0.867950840887053,3.20254608034859,1.44425383778121,1.35617987575443
Leak_12to18h,0.522397610707772,0.0814278301419231,0.0621858108876153,0.0611872296593015,8.21116769835046,4.14315279994877,3.20238498481944,3.15785969932271,23.651189515159,1.10558867599861,1.10197315712168,1.13151833112844,2.02839273542179,4.84779602460716,2.08550822651687,1.81054703449919
