Period,P_RMSE_Standard,P_RMSE_Chen,P_RMSE_EKF_LE,P_RMSE_AFEKF,M_RMSE_Standard,M_RMSE_Chen,M_RMSE_EKF_LE,M_RMSE_AFEKF,Pipe1_Standard,Pipe1_Chen,Pipe1_EKF_LE,Pipe1_AFEKF,Pipe5_Standard,Pipe5_Chen,Pipe5_EKF_LE,Pipe5_AFEKF
Full_Period,0.729636820336501,0.0727597102076484,0.0618426701504706,0.0608391804475691,13.5749800871546,3.32195540195931,2.64973512232506,2.65331251591304,37.8718893565178,1.15138152234864,1.11457199651606,0.989418478098679,11.8113761119015,3.72745955085276,1.77276855068831,1.61639752112829
Normal_0to6h_18to24h,0.0607032667805439,0.0649548329699105,0.0602971055845969,0.0601816200834622,7.88825400652948,2.76874990940467,2.31703280108927,2.29946252832979,26.811537827947,0.900518552196644,1.02776992735999,0.94048284619293,1.69286915769434,3.07186112297223,1.46222917710148,1.33600786447354
Leak_12to18h,1.25498461744823,0.0857655186765162,0.0642648052532832,0.0615900094898022,20.5835290555629,4.25294615219147,3.24690210556476,3.28031538857984,53.153637703952,1.52888141687756,1.26739266107991,1.08047672365295,20.2263828284107,4.82220997587538,2.2895031831728,2.08234320992646
