Period,P_RMSE_Standard,P_RMSE_Chen,P_RMSE_EKF_LE,P_RMSE_AFEKF,M_RMSE_Standard,M_RMSE_Chen,M_RMSE_EKF_LE,M_RMSE_AFEKF,Pipe1_Standard,Pipe1_Chen,Pipe1_EKF_LE,Pipe1_AFEKF,Pipe5_Standard,Pipe5_Chen,Pipe5_EKF_LE,Pipe5_AFEKF
Full_Period,0.563944864405369,0.0702531937552954,0.0587389160448495,0.0601734158211637,5.00839312013786,3.02644013558325,2.27449793204598,2.27798748848386,14.5263720097256,1.35442886179537,1.42501418269607,1.43854447449336,3.70763688643857,3.78164834766943,1.82288932942089,1.7252699368949
Normal_0to6h_18to24h,0.103878296879595,0.0616738000270459,0.0562493533381469,0.0591807152559186,3.86873443970137,2.63717152204637,2.07453829312982,2.11343775921187,13.5626751839129,1.25614067917299,1.35188903934359,1.31819264659129,0.964302159793716,3.23158687269045,1.438875667198,1.34085565902473
Leak_12to18h,0.961243032385598,0.0847858977785021,0.0632130560514618,0.0618711678882927,6.68276657446101,3.68731690433705,2.61535373185528,2.56087556913444,16.1030499977908,1.52557275546694,1.55529092675679,1.6472270772144,6.24743180996876,4.73825479522005,2.42798043843514,2.32438385031098
