Period,P_RMSE_Standard,P_RMSE_Chen,P_RMSE_EKF_LE,P_RMSE_AFEKF,M_RMSE_Standard,M_RMSE_Chen,M_RMSE_EKF_LE,M_RMSE_AFEKF,Pipe1_Standard,Pipe1_Chen,Pipe1_EKF_LE,Pipe1_AFEKF,Pipe5_Standard,Pipe5_Chen,Pipe5_EKF_LE,Pipe5_AFEKF
Full_Period,0.113915719196597,0.0692763810574453,0.0573250052994056,0.0585761328991196,5.36121305433656,3.18146432935249,2.46303380083138,2.42769887584739,16.502595169183,1.27251960058892,1.27516426090048,1.20522231105547,3.47514974197446,3.69843787640398,1.59528307255301,1.32717330507182
Normal_0to6h_18to24h,0.104463017896917,0.0629073876470561,0.0561155883272324,0.0583863739164886,4.33662912111968,3.0762268759392,2.54730402974329,2.56284636421429,13.8327964528896,1.39009378484229,1.41566039452394,1.33737013474393,0.751751818922107,3.13987814775978,1.27893157183103,1.17249191375803
Leak_12to18h,0.130643046965575,0.0803748101744328,0.059442040546919,0.0586810602202705,6.91719343331361,3.37998594227932,2.26121951545989,2.10580868339731,20.6583654801225,0.974736588636016,0.908505335531727,0.860885787329052,5.8989164241144,4.66346254578632,2.10772250369178,1.61397453277547
