Period,P_RMSE_Standard,P_RMSE_Chen,P_RMSE_EKF_LE,P_RMSE_AFEKF,M_RMSE_Standard,M_RMSE_Chen,M_RMSE_EKF_LE,M_RMSE_AFEKF,Pipe1_Standard,Pipe1_Chen,Pipe1_EKF_LE,Pipe1_AFEKF,Pipe5_Standard,Pipe5_Chen,Pipe5_EKF_LE,Pipe5_AFEKF
Full_Period,0.109592342942661,0.0725392760665162,0.0604649074819015,0.060186223287404,5.03701600389861,3.02211678222118,2.27017311841931,2.2477181360203,15.3368023172216,0.979513030274492,1.04788177719093,0.996237377108268,1.1207702505125,3.76660967419511,1.54751526613762,1.49397859710677
Normal_0to6h_18to24h,0.105378902395345,0.0644602312037432,0.0612296200334591,0.0608509498534609,3.97490377929022,2.79488087801736,2.33895350291,2.32317204456806,13.287946191508,0.954222252732165,1.0198916216642,0.958486805451333,0.887371374949957,3.13515702379914,1.32312821425364,1.30534118211026
Leak_12to18h,0.117326512560667,0.0860534647766119,0.0586071004285113,0.058579081951813,6.62234971984768,3.44123209010211,2.11151359855026,2.07334873187546,18.6007611248777,1.0202333977668,1.08988180406551,1.05708925771592,1.47793233979915,4.83743448653922,1.93624459417044,1.8284376664756
