Period,P_RMSE_Standard,P_RMSE_Chen,P_RMSE_EKF_LE,P_RMSE_AFEKF,M_RMSE_Standard,M_RMSE_Chen,M_RMSE_EKF_LE,M_RMSE_AFEKF,Pipe1_Standard,Pipe1_Chen,Pipe1_EKF_LE,Pipe1_AFEKF,Pipe5_Standard,Pipe5_Chen,Pipe5_EKF_LE,Pipe5_AFEKF
Full_Period,0.273181149562428,0.0716721380501257,0.0583927095122365,0.0613591350185142,5.55288509359255,3.14248577619868,2.38407013852067,2.45905835395137,17.1366649998389,1.14411880073536,1.15525214168112,1.1462852387538,6.38838232692037,3.78503994235326,1.54311996408134,1.78042447992165
Normal_0to6h_18to24h,0.103587888110271,0.0617848633815334,0.0550625219935285,0.0589289875234219,3.8210085010403,2.61953056557045,2.06430711282043,2.17749266096378,13.2327910366562,0.912440574928345,1.02208789274542,1.00702036111768,0.854721441852018,3.16028456391342,1.35902009528684,1.62422414287744
Leak_12to18h,0.447902466646697,0.0879350434022809,0.0643277971318535,0.0656553178702251,7.90571363571339,3.98621625919361,2.90454141957037,2.92728676719946,22.8609955173969,1.49546732263074,1.37229641944801,1.37162176941873,10.9471392021182,4.82581176580355,1.86192222774989,2.07264901422236
