Period,P_RMSE_Standard,P_RMSE_Chen,P_RMSE_EKF_LE,P_RMSE_AFEKF,M_RMSE_Standard,M_RMSE_Chen,M_RMSE_EKF_LE,M_RMSE_AFEKF,Pipe1_Standard,Pipe1_Chen,Pipe1_EKF_LE,Pipe1_AFEKF,Pipe5_Standard,Pipe5_Chen,Pipe5_EKF_LE,Pipe5_AFEKF
Full_Period,0.133128525692195,0.0722761056215433,0.0619402186706075,0.0614509165259581,5.5807036170727,3.22127307743741,2.51558054737813,2.52910748537583,18.1059468031178,1.3146247684715,1.22585871280553,1.20543715253896,4.94382224203922,3.78634939561804,1.70334653807583,1.68239560864844
Normal_0to6h_18to24h,0.107636403535413,0.0646685371992151,0.0598150383024404,0.0594550963812497,4.02206059463618,2.89295987606986,2.36831623449567,2.37847493475584,13.2332328181857,1.292141332913,1.25829835358317,1.2616617266829,1.01771378659773,3.21868511734554,1.46774738844908,1.36168418614691
Leak_12to18h,0.172769058552072,0.0851235975421702,0.0654908095145549,0.064784186711053,7.76893732026169,3.80549675392157,2.78710616168288,2.80530336524475,24.9834449928146,1.350163342674,1.15534901789966,1.08208878798762,8.40152187457921,4.76298345943585,2.10810476032069,2.19571210185077
