Period,P_RMSE_Standard,P_RMSE_Chen,P_RMSE_EKF_LE,P_RMSE_AFEKF,M_RMSE_Standard,M_RMSE_Chen,M_RMSE_EKF_LE,M_RMSE_AFEKF,Pipe1_Standard,Pipe1_Chen,Pipe1_EKF_LE,Pipe1_AFEKF,Pipe5_Standard,Pipe5_Chen,Pipe5_EKF_LE,Pipe5_AFEKF
Full_Period,0.117449284000177,0.0723124678550609,0.0602947141058239,0.0617875555337967,5.21373930913953,3.44574827779562,2.8121987721105,2.79185473876784,14.9402430464036,1.31380939315647,1.24221534538931,1.19579945259328,5.47275100401266,3.74694640815122,1.49429856995824,1.3096637253593
Normal_0to6h_18to24h,0.100678050303542,0.0637227445403216,0.0579040847484512,0.0609065531368452,4.25216077276356,3.33673424174519,2.9172944266738,2.93663862922447,12.4184335592161,1.19866625651557,1.23914004164654,1.20310586793349,0.98447651463662,3.20151575169375,1.2239061698611,1.21675571670765
Leak_12to18h,0.144936430005157,0.0870462239901792,0.0650782576065679,0.0637786221236035,6.72332945328095,3.72012892247412,2.65994005200154,2.54922944332498,18.844786309561,1.51297196378006,1.24254234235927,1.17851713039532,9.33609671608071,4.7184033722611,1.95808157525471,1.50698253808431
