Period,P_RMSE_Standard,P_RMSE_Chen,P_RMSE_EKF_LE,P_RMSE_AFEKF,M_RMSE_Standard,M_RMSE_Chen,M_RMSE_EKF_LE,M_RMSE_AFEKF,Pipe1_Standard,Pipe1_Chen,Pipe1_EKF_LE,Pipe1_AFEKF,Pipe5_Standard,Pipe5_Chen,Pipe5_EKF_LE,Pipe5_AFEKF
Full_Period,0.119159899471207,0.0681624359789485,0.0586004400602495,0.0585775802739757,5.06965059620836,3.27062755486998,2.59128590884854,2.58832706943544,14.9362746374995,1.26290491055926,1.16988199528741,1.13802039405688,7.3057328302463,3.8119447192642,1.76902083071817,1.66954761327121
Normal_0to6h_18to24h,0.105229553110105,0.0646846224989286,0.0594806947528564,0.0597269123465586,4.12722354453804,3.10410719452015,2.65140575590034,2.65457226823854,13.1986458039798,1.14545167798042,1.18759721077985,1.17274060263073,0.982271395302954,3.17956091398834,1.56374255618222,1.49302737156427
Leak_12to18h,0.14210967847934,0.0740879895317392,0.0563088529348105,0.0557174744771037,6.51236359982245,3.58696069935094,2.45709800070552,2.43963184208121,17.7390557978932,1.45482824279999,1.11727339554381,1.04874857465058,12.5214920928376,4.89239208852071,2.16116449531996,2.01533754994262
