Period,P_RMSE_Standard,P_RMSE_Chen,P_RMSE_EKF_LE,P_RMSE_AFEKF,M_RMSE_Standard,M_RMSE_Chen,M_RMSE_EKF_LE,M_RMSE_AFEKF,Pipe1_Standard,Pipe1_Chen,Pipe1_EKF_LE,Pipe1_AFEKF,Pipe5_Standard,Pipe5_Chen,Pipe5_EKF_LE,Pipe5_AFEKF
Full_Period,0.680402175145354,0.0655491648540668,0.0559687346306308,0.0559776027837305,5.11407140489275,3.58957762466668,2.99443642008446,2.99079377084266,14.6504829461464,1.36634015822054,1.25930983848326,1.18814138929089,4.99299867854483,3.71253242540282,1.84464458907553,1.76789868776514
Normal_0to6h_18to24h,0.10150563924871,0.0609742185424587,0.0556304249913911,0.0561827148450717,4.57966704592488,3.45234631148521,3.040808634935,3.07459725812662,13.7819495753758,1.30167412031983,1.37360530659864,1.3050809834354,0.758742036705243,3.14501004829142,1.39189863176216,1.52971025957327
Leak_12to18h,1.16432871767087,0.0738586738062258,0.0564185792382809,0.0553377667769708,5.9862793051142,3.83590048249566,2.86563113275383,2.78043827515145,16.0658840371239,1.47038356284855,0.971472559265473,0.890420580423701,8.54086812774445,4.67102159546779,2.5132325990718,2.16246277446849
