Period,P_RMSE_Standard,P_RMSE_Chen,P_RMSE_EKF_LE,P_RMSE_AFEKF,M_RMSE_Standard,M_RMSE_Chen,M_RMSE_EKF_LE,M_RMSE_AFEKF,Pipe1_Standard,Pipe1_Chen,Pipe1_EKF_LE,Pipe1_AFEKF,Pipe5_Standard,Pipe5_Chen,Pipe5_EKF_LE,Pipe5_AFEKF
Full_Period,0.333237009743655,0.0698284730917944,0.060922408997809,0.0604006681438252,5.33693261954363,3.4309848220949,2.74758702010358,2.75731327917542,15.5925107164393,1.26646003647923,1.34677757769882,1.34814881402822,8.0635446833192,3.76953339466042,1.54552107254929,1.51336297805787
Normal_0to6h_18to24h,0.105641483240205,0.064276733784238,0.0617469894474098,0.0609178638766556,4.30803582143889,3.1824298456527,2.69759407748792,2.71149343002658,13.6775917636868,1.31459034687796,1.43196234404302,1.40933035045049,0.937585756007668,3.20337093109663,1.42997836341984,1.42877303949712
Leak_12to18h,0.554928750240359,0.0795225911116037,0.0587724319186499,0.0588982696654878,6.91215435313212,3.89660821214993,2.85345671148721,2.85433609935173,18.6688384952625,1.14975865151154,1.13885422083719,1.19882187071299,13.8387677492294,4.73625395366757,1.76423404152287,1.67897014237853
