Period,P_RMSE_Standard,P_RMSE_Chen,P_RMSE_EKF_LE,P_RMSE_AFEKF,M_RMSE_Standard,M_RMSE_Chen,M_RMSE_EKF_LE,M_RMSE_AFEKF,Pipe1_Standard,Pipe1_Chen,Pipe1_EKF_LE,Pipe1_AFEKF,Pipe5_Standard,Pipe5_Chen,Pipe5_EKF_LE,Pipe5_AFEKF
Full_Period,0.241215764255345,0.0723529933008099,0.0607541310240219,0.0607696550849569,5.61832754020371,3.74123036853361,3.12259153405522,3.13046927825456,16.0579627147413,1.26725996377138,1.20974812943326,1.15943901013627,5.47282543426482,3.77583063680772,1.42267424815645,1.36898645816053
Normal_0to6h_18to24h,0.105122440459031,0.0619509751883346,0.057104036087123,0.0572437805997466,4.56732645965271,3.39217666768126,2.9490086805343,2.96993249544273,14.083224470609,1.20619710883405,1.22944341743163,1.20205599997263,0.862564361379244,3.17300299918153,1.24602056541348,1.23756705794578
Leak_12to18h,0.38870248569753,0.089292182522921,0.0670793666253245,0.0668574405202131,7.26291328986416,4.41112038253943,3.50087834504045,3.48557503086775,19.2286827634899,1.38359700014662,1.17771811750624,1.07895720519148,9.35655849882786,4.80315001067856,1.74100739581185,1.61598663353437
