Period,P_RMSE_Standard,P_RMSE_Chen,P_RMSE_EKF_LE,P_RMSE_AFEKF,M_RMSE_Standard,M_RMSE_Chen,M_RMSE_EKF_LE,M_RMSE_AFEKF,Pipe1_Standard,Pipe1_Chen,Pipe1_EKF_LE,Pipe1_AFEKF,Pipe5_Standard,Pipe5_Chen,Pipe5_EKF_LE,Pipe5_AFEKF
Full_Period,0.247013107532952,0.0675644520991585,0.0554626829484685,0.0577192377531836,5.02335764308851,3.20039125518499,2.50720484843611,2.50409912992191,15.2618937595793,1.34370511212988,1.42093567041035,1.34870928930593,3.81990694820068,3.65513650703643,1.60750039754319,1.44870298533679
Normal_0to6h_18to24h,0.102482870655801,0.0591993520286082,0.0521895560503537,0.0557464046755044,3.9795785900476,2.84545869229355,2.32616504349931,2.33412079553832,12.9753694125,1.34947878862353,1.4399941818326,1.42249907824677,0.813028251320588,3.0747816278831,1.34843720610245,1.24116600579185
Leak_12to18h,0.401080664055617,0.0822198157875565,0.0621696071841181,0.0621619169541184,6.6067224332494,3.8474895879864,2.86569656194107,2.8434234367838,18.8591968599663,1.33497381990131,1.3791648300243,1.18715009806313,6.48572752069708,4.63760284012036,2.036475263747,1.80006859025845
