Period,P_RMSE_Standard,P_RMSE_Chen,P_RMSE_EKF_LE,P_RMSE_AFEKF,M_RMSE_Standard,M_RMSE_Chen,M_RMSE_EKF_LE,M_RMSE_AFEKF,Pipe1_Standard,Pipe1_Chen,Pipe1_EKF_LE,Pipe1_AFEKF,Pipe5_Standard,Pipe5_Chen,Pipe5_EKF_LE,Pipe5_AFEKF
Full_Period,0.555392451064323,0.068084316665346,0.0573529572946341,0.0594135911443853,5.70717456756859,3.21855724281852,2.5238562879839,2.56661383289698,17.9751867165108,1.44102808897164,1.37177847886478,1.31290845597754,5.86214206906823,3.71684528988011,1.72051714779433,1.861575254835
Normal_0to6h_18to24h,0.102167981294634,0.0622070164999049,0.0571924467240899,0.0604617649417948,4.06646214026896,2.9323255122316,2.46515071392077,2.54084665194196,13.4436388078068,1.46296294750475,1.47676349626524,1.45100449862163,0.951347660765367,3.13295973149477,1.40836935931483,1.71005262669873
Leak_12to18h,0.946707989890508,0.0823565489142417,0.0624227164106013,0.0617773491957702,8.07394667625924,3.88975571317637,2.85036783259771,2.82950925045972,24.4750593624631,1.39073179251259,1.13576863035819,0.986881037149108,10.0169976480527,4.69241338448256,2.20861042795904,2.12093380238105
