Period,P_RMSE_Standard,P_RMSE_Chen,P_RMSE_EKF_LE,P_RMSE_AFEKF,M_RMSE_Standard,M_RMSE_Chen,M_RMSE_EKF_LE,M_RMSE_AFEKF,Pipe1_Standard,Pipe1_Chen,Pipe1_EKF_LE,Pipe1_AFEKF,Pipe5_Standard,Pipe5_Chen,Pipe5_EKF_LE,Pipe5_AFEKF
Full_Period,0.240695566777815,0.0706537831676372,0.0585896952999663,0.0590102003590974,4.95631298896021,3.3214958725429,2.6617816869014,2.66451154736252,15.1190971745099,1.15470438316787,1.16433985306944,1.16562060609979,1.58885410140001,3.7561307264199,1.71390773506076,1.59694788137657
Normal_0to6h_18to24h,0.101695314221581,0.0598672846553736,0.0559589751414679,0.0570648758428358,3.99075770010178,2.9970043708298,2.51685806854735,2.53381956001624,12.7003455261679,1.15828125729453,1.17291024324639,1.17084696539818,1.02745165278844,3.2297205263023,1.50642804136463,1.51544148909794
Leak_12to18h,0.389455135871294,0.0886488616454531,0.0637057428279973,0.0629155880786046,6.4181213185923,3.88496034695478,2.90802954779352,2.88638563665258,18.8927547644716,1.18986039532184,1.20040670922215,1.20703290493414,2.32331096317729,4.67337102343819,2.07479192170557,1.75980137404042
