Period,P_RMSE_Standard,P_RMSE_Chen,P_RMSE_EKF_LE,P_RMSE_AFEKF,M_RMSE_Standard,M_RMSE_Chen,M_RMSE_EKF_LE,M_RMSE_AFEKF,Pipe1_Standard,Pipe1_Chen,Pipe1_EKF_LE,Pipe1_AFEKF,Pipe5_Standard,Pipe5_Chen,Pipe5_EKF_LE,Pipe5_AFEKF
Full_Period,0.122095199732801,0.06787429243973,0.0569916726019229,0.0558743434361614,5.26455877535769,3.40493783260131,2.73934699278339,2.71619619124814,15.6254568377342,1.29127455133414,1.19299888381913,1.15693778587317,5.48397723432719,3.83230143786867,1.57224980444212,1.37457019258106
Normal_0to6h_18to24h,0.107410012566038,0.0571916610090763,0.0532208669414369,0.0526593796479197,4.10278845947173,2.86911584757952,2.39789104545921,2.37772054744345,13.731359975719,1.17535655865517,1.16605527381784,1.16073295812194,1.04716543891165,3.28201369075331,1.55869266582134,1.44920703306244
Leak_12to18h,0.146618070045457,0.0858526187432199,0.0643407064693075,0.0622654689483343,6.98351888130283,4.27726695286707,3.29919228699402,3.27040496370215,18.6759030369624,1.51083800841288,1.27096532751597,1.17834572149604,9.34024726154658,4.79599587785703,1.63190952372273,1.24807802268833
