Period,P_RMSE_Standard,P_RMSE_Chen,P_RMSE_EKF_LE,P_RMSE_AFEKF,M_RMSE_Standard,M_RMSE_Chen,M_RMSE_EKF_LE,M_RMSE_AFEKF,Pipe1_Standard,Pipe1_Chen,Pipe1_EKF_LE,Pipe1_AFEKF,Pipe5_Standard,Pipe5_Chen,Pipe5_EKF_LE,Pipe5_AFEKF
Full_Period,0.266995648810629,0.0740085390742577,0.0601609268098229,0.0599513409591051,5.0166788020828,3.40042121587515,2.74113875961631,2.73731044692411,14.7118003627083,1.16058535039019,1.16135754903746,1.15342044917735,6.37959934065141,3.75913006593683,1.57555577464471,1.51455893972586
Normal_0to6h_18to24h,0.10260073683884,0.0681775724466704,0.0600727982401902,0.0604435005245407,4.362656513747,3.1994196140406,2.77533499290674,2.76391969620749,13.7559103500384,1.222935086845,1.19073178274579,1.20099719532783,0.808612962147251,3.168109176863,1.43222527316889,1.3625223166739
Leak_12to18h,0.437387157940493,0.0878132890681131,0.0644254082534761,0.0629395567449201,6.10669021415618,3.823725988146,2.73019158751709,2.74226346479177,16.2812133799891,1.0721899614072,1.15221768265682,1.10550242843505,10.9407158553037,4.75951411761979,1.84595246304411,1.7962550789993
