Case,Pipe1_Standard,Pipe1_Chen,Pipe1_EKF_LE,Pipe1_AFEKF,Pipe5_Standard,Pipe5_Chen,Pipe5_EKF_LE,Pipe5_AFEKF
Case1_Clean,1.61220356759358,1.61220136619719,1.57886383238699,1.61555529868333,0.672734745234815,0.672719939083801,0.679050239045747,0.691486639471676
Case2_10dB,16.7068258260613,1.54219100682492,1.70369515523471,1.53341948117831,5.32928693741746,0.663456617801341,0.681918467061949,0.662943879401957
Case2_20dB,47.8607890236959,2.14006768804324,2.34175914901223,1.53340857287035,13.2466835567448,0.6635020024106,0.653769529080669,0.662973582727828
Case3_Outlier_Leak,48.454950204267,1.99897018616751,2.81870240467347,1.6230914362926,9.70024482317874,1.13366042235745,1.49015561351729,1.07276919103689
Case4_Pure_Leak,1.66119602124946,1.65969611086055,1.66110305550417,1.66065540431311,0.925563817031283,1.06395899650619,1.92020553552181,1.10935521849584
