Case,Pipe1_Standard,Pipe1_Chen,Pipe1_EKF_LE,Pipe1_AFEKF,Pipe5_Standard,Pipe5_Chen,Pipe5_EKF_LE,Pipe5_AFEKF
Case1_Clean,1.70307010252845,1.70306852504644,1.69239869389247,1.7091200703127,0.675117649284317,0.675102773391019,0.675361621254472,0.681446931965414
Case2_10dB,15.9499239805847,1.66030808146518,1.80657051518878,1.48665253533481,0.878297390188477,0.669805969440327,0.662976538171129,0.664749551358313
Case2_20dB,55.9135196975798,2.18764480654818,3.11303917765289,1.48681097405163,4.55487028505462,0.677212513606036,1.05905484012169,0.664738706739919
Case3_Outlier_Leak,48.6459942513799,2.1371004146551,3.15586136324975,1.81205730811106,11.4402565819188,1.10617411606089,1.75445838218271,1.38080963044455
Case4_Pure_Leak,1.75950637982336,1.75893949907977,1.7503567331556,1.76422258635996,0.952506835244002,1.12020618349244,1.51289576410792,1.1450968515989
