Case,Pipe1_Standard,Pipe1_Chen,Pipe1_EKF_LE,Pipe1_AFEKF,Pipe5_Standard,Pipe5_Chen,Pipe5_EKF_LE,Pipe5_AFEKF
Case1_Clean,1.81481911315315,1.8148172671912,1.81421614534627,1.82090002333558,0.658743859600983,0.658729337986438,0.651323263691471,0.658670156943357
Case2_10dB,17.7994580854525,1.48785694593714,2.04513338402053,1.82677767736229,4.11622420277388,0.688689266566482,0.873280503697168,0.686372202346938
Case2_20dB,60.6752022742363,2.11129602806268,3.14616506688452,1.82705363141471,10.3665613647319,0.699137099555659,1.960747952888,0.692084508545779
Case3_Outlier_Leak,50.9005802259358,1.87585335351155,3.90291941488117,1.65301575694063,13.2114890844516,1.16098993858418,0.874240403649009,1.04186736361711
Case4_Pure_Leak,1.54350618150158,1.54406291539649,1.53811817022659,1.54446283767096,0.879169888938591,1.02162797392263,1.91233908474679,1.41600211633121
