Case,Pipe1_Standard,Pipe1_Chen,Pipe1_EKF_LE,Pipe1_AFEKF,Pipe5_Standard,Pipe5_Chen,Pipe5_EKF_LE,Pipe5_AFEKF
Case1_Clean,1.64797699747369,1.64797437405579,1.6487823931251,1.65583382168537,0.717627356939096,0.717609410349673,0.719825658668656,0.726478590561505
Case2_10dB,17.4805396502087,1.55495560701276,1.95300418374753,1.68538266712303,2.96747202719764,0.739660800748537,0.688659501996142,0.717691250875563
Case2_20dB,60.297828949367,2.25922905469033,4.90896096545892,1.68550643871032,3.42629186367692,0.743207210361784,2.52589337701529,0.716240765080248
Case3_Outlier_Leak,47.7983700753148,1.79043116235624,2.53302453095871,1.6171977947609,9.79846066084362,1.08144758917947,1.29294870082227,0.913829376895202
Case4_Pure_Leak,1.63007683997419,1.62943986555767,1.63041772459722,1.63193089999632,0.804768703443696,0.923096422916166,2.13358853490673,1.03470671541015
