Case,Pipe1_Standard,Pipe1_Chen,Pipe1_EKF_LE,Pipe1_AFEKF,Pipe5_Standard,Pipe5_Chen,Pipe5_EKF_LE,Pipe5_AFEKF
Case1_Clean,1.85615009682079,1.85614860903378,1.85656027228955,1.86361250875663,0.627739257256766,0.627725782918851,0.629310904266104,0.637617400651062
Case2_10dB,17.9091646688294,1.766620629477,2.14800005137311,1.89775700536506,3.01956353873299,0.625704051860711,0.614070935114617,0.613659358004234
Case2_20dB,48.3066198146166,2.2551874662423,3.12834608490017,1.89746574973054,14.6306316061504,0.632225300179004,0.688514342448061,0.615906110272033
Case3_Outlier_Leak,53.1425147791709,1.73035082798189,2.55633221269348,1.44232703826963,13.3328296315103,1.04791389637308,0.961179164475785,1.1167671049825
Case4_Pure_Leak,1.36657179524666,1.36488003038798,1.36411819056049,1.36615353260521,0.856363077033713,0.998186591336368,2.09168778120237,1.42248951401774
