Case,Pipe1_Standard,Pipe1_Chen,Pipe1_EKF_LE,Pipe1_AFEKF,Pipe5_Standard,Pipe5_Chen,Pipe5_EKF_LE,Pipe5_AFEKF
Case1_Clean,1.25713299504103,1.25713003421892,1.25731263610143,1.25995837469608,0.713890593526442,0.713877581286378,0.708764759461641,0.751205489491733
Case2_10dB,14.9208539568476,1.33647203290087,1.58222967913641,1.19046627436225,1.11150386926292,0.725335006337711,0.760363071626706,0.733114004684833
Case2_20dB,48.6688196195808,1.64139323861519,2.33538851122687,1.19045221860334,3.81042960767592,0.7317711932271,0.81978265848522,0.733335968015406
Case3_Outlier_Leak,48.816479432098,1.88073744852428,3.61219142003776,1.6436677562349,12.6706798433485,1.15385286493792,2.28498519187536,0.996312792166957
Case4_Pure_Leak,1.39507068368342,1.39296616602999,1.39543802308407,1.40196417085165,1.00175237401042,1.16122540180839,1.82048228345085,1.22042151904507
