Case,Pipe1_Standard,Pipe1_Chen,Pipe1_EKF_LE,Pipe1_AFEKF,Pipe5_Standard,Pipe5_Chen,Pipe5_EKF_LE,Pipe5_AFEKF
Case1_Clean,1.88285082582994,1.88284982595916,1.88282758263938,1.89001078458494,0.634007097997192,0.633996039807896,0.630525907720795,0.639914283738459
Case2_10dB,18.2122404544373,1.83119841747492,2.125352363546,1.81227617803606,5.25741786034089,0.617006293253726,0.607075508557262,0.61891415847529
Case2_20dB,61.0838084654067,2.49861821260301,3.119015830884,1.81267269402199,4.24686635005459,0.619326622562056,1.19097276627238,0.618558522382306
Case3_Outlier_Leak,52.1024775562005,2.22877341943486,4.62131810573387,1.53190938180862,14.4310806039913,0.993835317121124,1.60009646716988,0.881525065842938
Case4_Pure_Leak,1.28542709512841,1.28488212134971,1.28542871347043,1.28769811940573,0.896130176933236,1.01975680533619,2.07584113376461,1.29331761062714
