Case,Pipe1_Standard,Pipe1_Chen,Pipe1_EKF_LE,Pipe1_AFEKF,Pipe5_Standard,Pipe5_Chen,Pipe5_EKF_LE,Pipe5_AFEKF
Case1_Clean,1.34340270879248,1.34339950771505,1.33339123941375,1.34620887030933,0.711768203054635,0.711753481341649,0.669029250641298,0.679869765209656
Case2_10dB,14.7893716374046,1.36619995996171,1.51856766304029,1.41102580254705,3.65170857513683,0.670978388161437,0.670469984689552,0.664590934327619
Case2_20dB,47.5379483303337,1.56746243142461,4.61926590981814,1.4116177786481,13.3681195518026,0.675878959956517,1.09105261407909,0.664297553116398
Case3_Outlier_Leak,49.4152823071365,1.48716597795644,2.24868911811291,1.54011323913504,1.4200775156856,1.01335313525881,1.99058981897099,1.09424036532229
Case4_Pure_Leak,1.42748670025603,1.42559811699789,1.42695377132984,1.43072365777241,0.943248575601777,1.09265734903865,2.04325217674046,1.58996252703444
