Case,Pipe1_Standard,Pipe1_Chen,Pipe1_EKF_LE,Pipe1_AFEKF,Pipe5_Standard,Pipe5_Chen,Pipe5_EKF_LE,Pipe5_AFEKF
Case1_Clean,1.5937114311007,1.59370881360981,1.59947509368945,1.59783002563244,0.77765312463524,0.777634884762743,0.775306469624407,0.785218466792739
Case2_10dB,16.5115630674831,1.72655926343331,1.9250440957759,1.62220676763404,6.5181744293369,0.810896738668364,1.09220606333371,0.808866856002576
Case2_20dB,48.3361964648779,1.89363566246223,2.88965313131876,1.62219956457939,12.4217300594238,0.819259656417564,3.85436612049236,0.815231809765449
Case3_Outlier_Leak,48.1525809553662,2.15790119007286,2.57293174359084,1.49347239798463,9.60063444700036,1.09653053845009,1.20731113145591,1.69879918109859
Case4_Pure_Leak,1.32917128822564,1.3281919894626,1.33023617621764,1.33589305162233,0.901588830280111,1.01579747582699,1.26587638761544,1.06347753319139
