Case,Pipe1_Standard,Pipe1_Chen,Pipe1_EKF_LE,Pipe1_AFEKF,Pipe5_Standard,Pipe5_Chen,Pipe5_EKF_LE,Pipe5_AFEKF
Case1_Clean,1.32325448394284,1.32325207944454,1.32264600189863,1.3264844346646,0.651867696483917,0.651851595456339,0.650622561260509,0.658924438048161
Case2_10dB,15.699862375934,1.43121256201205,1.70497817250486,1.44991416455256,5.98055786024431,0.624414020285469,0.923425042829316,0.608390387427029
Case2_20dB,49.2595916058805,1.69782745892084,3.48125129025343,1.44988957669339,20.5382852475016,0.62735247925395,2.22235001804657,0.608379520179842
Case3_Outlier_Leak,46.4231805959269,1.87796658473379,3.70523671410151,1.72057829601118,12.5461825376865,1.08648145278133,2.15903503852045,0.897511554878024
Case4_Pure_Leak,1.55318974798569,1.55254816850363,1.56652086490209,1.55636952322489,0.774297986747961,0.868117366568839,0.822177103446524,0.758579362441006
