Case,Pipe1_Standard,Pipe1_Chen,Pipe1_EKF_LE,Pipe1_AFEKF,Pipe5_Standard,Pipe5_Chen,Pipe5_EKF_LE,Pipe5_AFEKF
Case1_Clean,1.25933737538601,1.25933463676765,1.25710872330636,1.26333880213103,0.620208844962913,0.620196939544501,0.616086049969914,0.619986154675901
Case2_10dB,16.8742311702737,1.37871534929766,1.59266754885842,1.33085331836136,1.17950445438534,0.675939137993208,0.658619418613963,0.661521281690694
Case2_20dB,47.3042679444105,1.97008455137392,2.94006575188308,1.33064981842649,10.6259303240445,0.679216921819707,1.51680709805188,0.661253719687443
Case3_Outlier_Leak,50.6986062326659,1.96403881632588,4.70661698587796,1.75353954779484,13.4900054727454,1.19525595459536,0.849224944133934,1.01574849979338
Case4_Pure_Leak,1.39640081914467,1.39514583800754,1.38091394729884,1.39961145092251,0.878307338758244,0.990161080520947,1.81775078318343,1.20353476629544
