Case,Pipe1_Standard,Pipe1_Chen,Pipe1_EKF_LE,Pipe1_AFEKF,Pipe5_Standard,Pipe5_Chen,Pipe5_EKF_LE,Pipe5_AFEKF
Case1_Clean,1.4259545598655,1.42595171673126,1.42306379552551,1.43016621967868,0.690430982351191,0.690416814766619,0.673880471474759,0.6765758528509
Case2_10dB,17.6690035649083,1.31991713977568,1.75667680505644,1.39309755852425,5.14306210211022,0.69793435102641,0.679804549845366,0.69298123942131
Case2_20dB,48.5092219022008,1.46000704145053,3.48117631471448,1.39309682710241,2.91569628847866,0.711851611348649,1.458250787673,0.694277049519453
Case3_Outlier_Leak,52.2216091796272,2.17873738392398,4.44172725078322,1.66407141385409,10.5827148793126,1.07681241706556,2.25937377102096,1.01965805208145
Case4_Pure_Leak,1.43174487676719,1.42988929087711,1.42647215433781,1.43713222902401,0.887686116365652,1.01024337248291,0.976196995763091,0.874867468759508
