Case,Pipe1_Standard,Pipe1_Chen,Pipe1_EKF_LE,Pipe1_AFEKF,Pipe5_Standard,Pipe5_Chen,Pipe5_EKF_LE,Pipe5_AFEKF
Case1_Clean,1.6934884112402,1.69348661871127,1.69386849724615,1.69964471858803,0.801866539720576,0.801849381393696,0.805550712413754,0.778997191185162
Case2_10dB,18.1956911276945,1.78830243197655,1.91738408173041,1.68264969909679,1.33963003305936,0.841090049111755,0.877109472016246,0.818640313601431
Case2_20dB,46.6309312038156,1.97161027042199,2.80482555974959,1.68268185011266,4.74758711393859,0.849229722616372,0.958671392055865,0.833596017710688
Case3_Outlier_Leak,57.4397751867155,2.41342374695006,4.76730640935254,1.94931817135092,13.4973516367541,1.167280690934,0.954379480508981,1.09816048886707
Case4_Pure_Leak,1.61118884092064,1.61172499392969,1.63285714271538,1.62571229140438,0.90848978988514,1.02948726260822,1.15732954708888,0.919483468927172
