Case,Pipe1_Standard,Pipe1_Chen,Pipe1_EKF_LE,Pipe1_AFEKF,Pipe5_Standard,Pipe5_Chen,Pipe5_EKF_LE,Pipe5_AFEKF
Case1_Clean,1.39335581317414,1.39335238166334,1.39795989336935,1.39686497586801,0.714042100160787,0.714027487856455,0.722183414808751,0.735045958018076
Case2_10dB,16.8607862675154,1.60594534239758,1.88559278256922,1.52906660325474,1.3670621100783,0.715508892484174,0.704454032637085,0.715083363369218
Case2_20dB,49.2748183363363,1.92670682653465,3.41817406274071,1.52904677402063,13.2725925697223,0.719227559510201,0.812988778502605,0.712127427614567
Case3_Outlier_Leak,46.9084390061099,2.02973795751968,2.17877723906781,1.60341973501245,6.62050865564621,1.10971421251652,1.7235541878661,1.02402594892675
Case4_Pure_Leak,1.30133394360745,1.30015795739033,1.29885531742113,1.30152065507363,0.821179522467053,0.962872807948593,1.42586019632721,0.859809457884792
