Case,Pipe1_Standard,Pipe1_Chen,Pipe1_EKF_LE,Pipe1_AFEKF,Pipe5_Standard,Pipe5_Chen,Pipe5_EKF_LE,Pipe5_AFEKF
Case1_Clean,1.83912628336415,1.83912452747095,1.83932276116438,1.84803479400863,0.756246280457876,0.756227550082969,0.760009320875811,0.770211124619585
Case2_10dB,15.7908305935577,1.99515109535321,2.16735998268172,1.94301413653379,5.13209735430047,0.739754575857857,0.779638301707555,0.756376683509058
Case2_20dB,54.9764536923994,2.22315692385749,3.62049975243344,1.94336608832388,18.5288109461129,0.737708121869721,1.94566961578631,0.785917828540571
Case3_Outlier_Leak,47.3028887641851,2.1117571340642,3.72074359302849,1.65139814059832,4.85736862097728,1.02094200922919,0.991160629859927,0.817469544368686
Case4_Pure_Leak,1.34652166818094,1.34468432988732,1.34553350095791,1.34727846461774,0.841765597209094,0.973782713599336,1.87646327611581,1.31870611120581
