Case,Pipe1_Standard,Pipe1_Chen,Pipe1_EKF_LE,Pipe1_AFEKF,Pipe5_Standard,Pipe5_Chen,Pipe5_EKF_LE,Pipe5_AFEKF
Case1_Clean,1.73423961279843,1.73423766736582,1.73260752598272,1.74095931871311,0.711914161248315,0.711900165159971,0.713575575042961,0.723473698708518
Case2_10dB,14.5874983491558,1.74737794683735,2.1174234929766,1.8922263851028,1.42695554714558,0.706640363974016,0.702647502538166,0.708687293491248
Case2_20dB,56.7737298805416,2.31210201273863,2.80796329885089,1.89197043591054,1.66575959337014,0.709911881785895,1.70804657687026,0.709813838480208
Case3_Outlier_Leak,50.2073044221155,2.2572864143849,3.80541835738576,1.63040348366513,11.4366288325713,1.01293220604385,1.8814720208394,1.130069472393
Case4_Pure_Leak,1.36315674447869,1.36331577819362,1.36704988127012,1.36573421844228,0.79529491167405,0.899585909750761,1.36723675372667,1.01364920230412
