Case,Pipe1_Standard,Pipe1_Chen,Pipe1_EKF_LE,Pipe1_AFEKF,Pipe5_Standard,Pipe5_Chen,Pipe5_EKF_LE,Pipe5_AFEKF
Case1_Clean,1.62858687672695,1.62858441388959,1.62295444581714,1.63162529433971,0.69941421957339,0.699398629538586,0.66824257627245,0.695836374571205
Case2_10dB,17.4839756902362,1.66814816676954,1.81109850753716,1.74300252931646,5.3424106155312,0.698620789278263,0.7798839713405,0.702050123449627
Case2_20dB,56.6054327375847,1.977934738091,4.04380873118558,1.74352142713305,3.08534321841242,0.703386097702941,1.4931473413087,0.739291351197406
Case3_Outlier_Leak,44.7263848354694,1.9128605393281,2.75368733085352,1.5158513667535,10.6020076581146,1.02596827613647,2.01914600446495,0.865575536547818
Case4_Pure_Leak,1.84246772374221,1.84067712622899,1.84182031085323,1.84968793411414,0.806378885291737,0.922724643896394,0.87533532922552,0.810290663898307
