Case,Pipe1_Standard,Pipe1_Chen,Pipe1_EKF_LE,Pipe1_AFEKF,Pipe5_Standard,Pipe5_Chen,Pipe5_EKF_LE,Pipe5_AFEKF
Case1_Clean,1.51174388989016,1.51174113079184,1.51208345436473,1.520154018166,0.599293245615716,0.599279948979536,0.566851581662318,0.590833327620779
Case2_10dB,15.3570295452248,1.72439967264616,1.94401852132632,1.64000907199695,4.04673237709924,0.641571812355688,0.860554830945884,0.618997402156387
Case2_20dB,49.5141138903431,2.10036033286637,3.28263524113724,1.63901714355051,4.65441462861997,0.636763831484605,0.962782290888573,0.630307794759352
Case3_Outlier_Leak,59.1713426880359,2.00495842718413,3.055161594539,1.59812850190316,7.02327891819497,1.10116841522062,2.26366071908281,1.00463254199886
Case4_Pure_Leak,1.44988415585671,1.4510718844788,1.4405434756571,1.45296946959662,0.938039967790849,1.05987198754458,1.00745151869592,0.94071519719993
