Case,Pipe1_Standard,Pipe1_Chen,Pipe1_EKF_LE,Pipe1_AFEKF,Pipe5_Standard,Pipe5_Chen,Pipe5_EKF_LE,Pipe5_AFEKF
Case1_Clean,1.85556280606376,1.85556055804398,1.85410351420524,1.86581266240678,0.732576637830321,0.732560789392091,0.740510775496619,0.754046034013202
Case2_10dB,16.0720240886982,1.65847359960901,1.86578193251307,1.75907210015714,6.03318524398722,0.747827356530053,1.13997038614729,0.760128567089022
Case2_20dB,62.1036467879421,2.12950073055535,3.93125261688084,1.75810530725455,3.66819176474462,0.755316467236968,1.96726906217541,0.770895267840031
Case3_Outlier_Leak,45.1258667808705,2.22455416988706,2.4946114695517,1.48509072073481,9.6041975548001,1.0465165215126,1.1645173653822,1.47990671098947
Case4_Pure_Leak,1.56865611662876,1.56863581914147,1.56821191309206,1.57328715958857,0.960684415176886,1.08904655107541,1.79854912602456,0.899592691981936
