Case,Pipe1_Standard,Pipe1_Chen,Pipe1_EKF_LE,Pipe1_AFEKF,Pipe5_Standard,Pipe5_Chen,Pipe5_EKF_LE,Pipe5_AFEKF
Case1_Clean,1.32710965370659,1.32710772752132,1.32566659724729,1.32905926021003,0.655763750776253,0.655750766653999,0.659625224287332,0.665723327633749
Case2_10dB,16.7767719245704,1.53278856982587,1.49830335291601,1.3714738754852,1.69052136393037,0.664788567375587,0.710793201400021,0.665809824576572
Case2_20dB,48.1250683881512,1.72506972142519,3.06736371271573,1.37149036049174,4.27740090577561,0.669838908251173,2.43661800386049,0.665744305554506
Case3_Outlier_Leak,65.1823519128248,2.59732476353005,4.72085459319667,2.06614552736243,10.3987580949111,1.13981433536621,1.81092581815476,1.03943792193757
Case4_Pure_Leak,1.90304437621981,1.90258039098732,1.9039130063012,1.90524858791174,0.972335262971822,1.09095561723684,1.03964012704946,0.875149123495295
