Case,Pipe1_Standard,Pipe1_Chen,Pipe1_EKF_LE,Pipe1_AFEKF,Pipe5_Standard,Pipe5_Chen,Pipe5_EKF_LE,Pipe5_AFEKF
Case1_Clean,1.5739207123631,1.57391716607097,1.5752731633578,1.58122208649931,0.72956859444022,0.729552054952438,0.706347138379288,0.745456149509927
Case2_10dB,15.1725704203435,1.50806120918893,1.94433661102556,1.64499036435425,5.91619599474527,0.755585617091927,1.06896938996426,0.762527658320951
Case2_20dB,51.8791403505639,1.77650880536206,2.64183646544827,1.64524475657969,6.38899888730249,0.757624693770511,1.45861795918602,0.762666322973384
Case3_Outlier_Leak,46.5455779187217,1.48529222530907,2.80589595958771,1.27892459874039,5.84310085987968,1.1733775144324,1.15279359948129,1.0437907356805
Case4_Pure_Leak,1.37641909212295,1.37618708777713,1.37335579282665,1.3871317895073,0.777742919413695,0.91818019078237,2.12734002704602,1.73994629100286
