Case,Pipe1_Standard,Pipe1_Chen,Pipe1_EKF_LE,Pipe1_AFEKF,Pipe5_Standard,Pipe5_Chen,Pipe5_EKF_LE,Pipe5_AFEKF
Case1_Clean,1.89497018631432,1.89496953863876,1.89439987768353,1.90590983397527,0.644390108377868,0.644376364304398,0.644430667740445,0.651279788420522
Case2_10dB,15.5597758868785,1.92949720049088,2.35435965121387,2.14366189124756,1.67401599202833,0.634459525131604,0.692023479349919,0.634474665595496
Case2_20dB,58.992557082581,2.53200329300102,4.95386482871309,2.14374654712139,4.47548010821442,0.635543923810646,1.30023670220465,0.634468623358804
Case3_Outlier_Leak,52.2570617193041,1.66241929176233,2.94556746615917,1.52132268480775,3.49092585555424,1.00664862498429,2.07657854203597,1.59873901199599
Case4_Pure_Leak,1.69662788480698,1.69642489575539,1.6972958275458,1.70744774289001,0.952265515465589,1.07677327086046,1.71024982873845,1.08472508867317
