Case,Pipe1_Standard,Pipe1_Chen,Pipe1_EKF_LE,Pipe1_AFEKF,Pipe5_Standard,Pipe5_Chen,Pipe5_EKF_LE,Pipe5_AFEKF
Case1_Clean,1.54582543560401,1.54582422404454,1.54503344157601,1.55314797101273,0.717730489874306,0.71771482078912,0.735318303181184,0.755654611393133
Case2_10dB,17.014380011257,1.43067812372203,2.05430082542683,1.70977596703222,1.31275577689625,0.690339808045032,0.679388366065867,0.685010282646911
Case2_20dB,60.6359871496987,2.07211977989711,4.84049161268278,1.70987258802618,11.9059269203528,0.690035919791713,2.18358598483262,0.685012837650815
Case3_Outlier_Leak,48.1352515464026,2.0358888902361,2.70849878149766,1.68612608993075,4.7026827878326,1.10862706644493,0.941118457620172,0.942293959196695
Case4_Pure_Leak,1.4959821246736,1.49539215804974,1.48650296702188,1.49894890624058,0.860059067022521,0.998048478839928,1.842238121689,1.39931670781441
