Case,Pipe1_Standard,Pipe1_Chen,Pipe1_EKF_LE,Pipe1_AFEKF,Pipe5_Standard,Pipe5_Chen,Pipe5_EKF_LE,Pipe5_AFEKF
Case1_Clean,1.62947043839121,1.62946807586072,1.53117756606991,1.6103495216659,0.641265274047513,0.641250646478602,0.647031596260394,0.657904092442948
Case2_10dB,15.4202841496269,1.64156491715444,2.02182291920723,1.7508461837117,3.6400202356777,0.687080195252315,0.686336014914659,0.683991572466426
Case2_20dB,50.4451395483728,2.32348495609664,3.91649814906512,1.7502308712813,10.5190952464697,0.692891006570803,1.70289890103116,0.683959190294267
Case3_Outlier_Leak,46.109592399538,1.85330003939249,3.07784963266064,1.45753488560457,6.03911157656351,1.06546049700328,1.26754525617597,0.902223276690586
Case4_Pure_Leak,1.34821046942466,1.35006934995507,1.35078201458911,1.35419406176134,0.859530650520161,0.997770781671753,0.980211728760904,0.832309682617522
