Case,Pipe1_Standard,Pipe1_Chen,Pipe1_EKF_LE,Pipe1_AFEKF,Pipe5_Standard,Pipe5_Chen,Pipe5_EKF_LE,Pipe5_AFEKF
Case1_Clean,1.3464076698445,1.34640601505907,1.34763229911853,1.35079501557527,0.603935304563581,0.603922291438912,0.588766932544836,0.598838689132977
Case2_10dB,16.6329968534325,1.44248898608495,1.60115513888354,1.26343151277931,3.09747651437544,0.6419401300438,0.754200702116274,0.651616399229487
Case2_20dB,48.3733490456499,2.0835054663372,3.02428512141493,1.26338774670668,6.69647145614802,0.642521544882283,1.71827753607847,0.651826853800666
Case3_Outlier_Leak,49.165405498079,2.29828991620923,3.03584666851263,1.37374115358021,6.50796794718384,1.33096996092159,1.49344103302104,1.2549979409605
Case4_Pure_Leak,1.55268200841018,1.55041175656397,1.55433972522826,1.55820053842374,0.920073513369814,1.07295166350966,1.62371397219536,0.954291918278478
