Case,Pipe1_Standard,Pipe1_Chen,Pipe1_EKF_LE,Pipe1_AFEKF,Pipe5_Standard,Pipe5_Chen,Pipe5_EKF_LE,Pipe5_AFEKF
Case1_Clean,1.76026557519468,1.76026401862143,1.76322691757619,1.77112339564887,0.671650895356515,0.671635170369113,0.661969731107607,0.679620950599113
Case2_10dB,17.6975993998991,1.90972373922593,2.12300864869641,1.87131228100913,3.64394758997949,0.6878426523285,0.673139401994349,0.682501265563366
Case2_20dB,59.056505950625,2.44512123436261,4.14621990076335,1.87197567473398,9.99035225834299,0.691621333484427,1.65348841407953,0.682513930804891
Case3_Outlier_Leak,49.6711845335706,1.98320066370033,2.61842749341889,1.40224573727045,4.48547986321188,0.990272584222387,0.83728738612569,0.85506523859984
Case4_Pure_Leak,1.36381731443338,1.36209623309422,1.36392661280502,1.37046473508854,0.890460021464075,1.01499993213897,1.1372063368109,0.932380733859229
