Case,Pipe1_Standard,Pipe1_Chen,Pipe1_EKF_LE,Pipe1_AFEKF,Pipe5_Standard,Pipe5_Chen,Pipe5_EKF_LE,Pipe5_AFEKF
Case1_Clean,1.72616396826303,1.72616130285422,1.73227423968125,1.731678277835,0.67183964173246,0.671824424757065,0.67173354394497,0.677848116969271
Case2_10dB,15.693381731789,1.82661688374428,2.15371808932854,1.8406532468273,5.32261286776024,0.651063657781426,0.634952408192872,0.657779147540586
Case2_20dB,48.7284898693428,2.1706405795535,3.34242484981031,1.84117482484222,3.92345210408121,0.651443500220526,2.67542955807552,0.652505841807894
Case3_Outlier_Leak,49.9169773200795,1.38560623669081,3.04894220694218,1.61150986790975,11.741160357909,1.04604667873483,2.49604837703798,1.13954562968873
Case4_Pure_Leak,1.70345119977983,1.7018888588568,1.69692830074319,1.70944236651614,0.897995158470178,1.00097270449325,2.05083977295476,1.16503848303386
