Case,Pipe1_Standard,Pipe1_Chen,Pipe1_EKF_LE,Pipe1_AFEKF,Pipe5_Standard,Pipe5_Chen,Pipe5_EKF_LE,Pipe5_AFEKF
Case1_Clean,1.45825094098931,1.45824855317301,1.45788120545279,1.46919409547417,0.626190641447082,0.626177197331208,0.630248282904759,0.64166209820736
Case2_10dB,16.1597434431729,1.30330436657759,1.59972111232469,1.51421711147759,6.48371729890586,0.626316175424232,1.0232329188787,0.622390375906589
Case2_20dB,48.9630105071775,1.64719070040874,4.81576520833737,1.51280745779095,6.27848190138557,0.629159004698012,1.13733373618969,0.618996191070901
Case3_Outlier_Leak,62.0666459813377,2.45223742254392,7.41898866747349,1.76395827575622,20.312788036935,1.18699786676799,2.4525783101526,1.02828971213071
Case4_Pure_Leak,1.58414462151869,1.58405284842126,1.5788146676823,1.57790160248197,0.866240553488357,1.01341649248313,2.15361217994263,1.65462039547215
