Case,Pipe1_Standard,Pipe1_Chen,Pipe1_EKF_LE,Pipe1_AFEKF,Pipe5_Standard,Pipe5_Chen,Pipe5_EKF_LE,Pipe5_AFEKF
Case1_Clean,1.89147914111976,1.89147798559906,1.89268552073999,1.9017769485576,0.672942256961123,0.672927199782984,0.694629587008779,0.715880504397143
Case2_10dB,17.2204539123532,2.01874451118745,2.08813863971203,1.99249752011534,4.19933495365924,0.670282565741541,0.961772539240262,0.677718795582948
Case2_20dB,50.5895914550891,2.59099912666736,3.33390416862417,1.99201475037231,9.51078195938347,0.666816748858629,1.18987893231406,0.714314553005534
Case3_Outlier_Leak,51.9128001935647,2.38783358804062,3.33548705010873,1.740060397606,5.5753774948098,1.05281299721816,1.06127586395551,1.99781271501648
Case4_Pure_Leak,1.5679379907888,1.56794393635425,1.56110552357849,1.56455313502722,0.836449227865012,0.967244872705228,0.977923013218988,0.845559869422817
