Case,Pipe1_Standard,Pipe1_Chen,Pipe1_EKF_LE,Pipe1_AFEKF,Pipe5_Standard,Pipe5_Chen,Pipe5_EKF_LE,Pipe5_AFEKF
Case1_Clean,1.81960369023504,1.81960223343112,1.81869319875637,1.82520050481658,0.713283788158623,0.713269141204292,0.71185697534686,0.721587732433577
Case2_10dB,18.0563325672748,1.26663199722393,1.60265323475075,1.31840342265881,1.36254133570583,0.771356413059918,0.760464803200798,0.770424888947274
Case2_20dB,48.3148813471929,1.86848252689577,2.46666230309299,1.31977960887871,9.62508475012436,0.775771598532446,1.39423905694931,0.773863392489755
Case3_Outlier_Leak,57.5130993671875,1.97179677161032,3.46467232997177,1.39279152710177,6.48820344973755,1.19101969509937,1.40835634679573,1.08139548679967
Case4_Pure_Leak,1.6260997646814,1.62526459844835,1.62473278083036,1.6301550050483,0.808019338693688,0.932632914045459,0.887948060364215,0.876789668648991
