Case,Pipe1_Standard,Pipe1_Chen,Pipe1_EKF_LE,Pipe1_AFEKF,Pipe5_Standard,Pipe5_Chen,Pipe5_EKF_LE,Pipe5_AFEKF
Case1_Clean,1.75818025106584,1.7581782000223,1.76314078181424,1.76596157110969,0.650287251698118,0.650272113013979,0.651272319767365,0.660004702115076
Case2_10dB,14.7917456693794,1.90268059054663,2.11393721841166,1.87659945531597,1.35260280884155,0.658386936047515,0.663922323026452,0.66579086636218
Case2_20dB,49.6101524875357,2.2277688509584,3.28784076069825,1.87664917383911,21.0306499018176,0.662798379405285,2.10785629267619,0.6657923114105
Case3_Outlier_Leak,60.8914762982047,2.00549267052878,9.18654214744292,1.53546130310042,19.2998507516255,1.12712196481803,1.9540734891929,1.03528414253558
Case4_Pure_Leak,1.56267274714868,1.56083708501004,1.56943269333924,1.56828337645231,0.810789531286386,0.899184946295277,0.874045817181888,0.833006227868323
