Period,P_RMSE_Standard,P_RMSE_Chen,P_RMSE_EKF_LE,P_RMSE_AFEKF,M_RMSE_Standard,M_RMSE_Chen,M_RMSE_EKF_LE,M_RMSE_AFEKF,Pipe1_Standard,Pipe1_Chen,Pipe1_EKF_LE,Pipe1_AFEKF,Pipe5_Standard,Pipe5_Chen,Pipe5_EKF_LE,Pipe5_AFEKF
Full_Period,0.103603686694894,0.103805742293002,0.103757649726908,0.107439791387973,3.00565624746985,3.11288141124999,3.16838732723853,3.14926640674068,1.75950637982336,1.75893949907977,1.7503567331556,1.76422258635996,0.952506835244002,1.12020618349244,1.51289576410792,1.1450968515989
Normal_0to12h,0.103488950127489,0.10350280447781,0.103297735222497,0.107040740663801,2.71756005012098,2.86343322244829,2.71513885846502,2.71654579204128,1.81747855973647,1.81471514939501,1.8141877170642,1.81620918328672,0.868713566804101,1.0685884704453,0.79681007725433,0.753020504498209
Leak_12to24h,0.100899254736342,0.101308131695285,0.102011542895011,0.107112147197648,2.72102716208453,2.94926384376674,3.06334957598526,3.02498152658479,1.60541647806854,1.60419214151315,1.59479251576618,1.61145275263565,1.13968539786349,1.40874564199747,2.02557357898682,1.47347285650154
