Period,P_RMSE_Standard,P_RMSE_Chen,P_RMSE_EKF_LE,P_RMSE_AFEKF,M_RMSE_Standard,M_RMSE_Chen,M_RMSE_EKF_LE,M_RMSE_AFEKF,Pipe1_Standard,Pipe1_Chen,Pipe1_EKF_LE,Pipe1_AFEKF,Pipe5_Standard,Pipe5_Chen,Pipe5_EKF_LE,Pipe5_AFEKF
Full_Period,0.104193818473329,0.104459278962129,0.104028597399098,0.107894724106806,2.43795903151469,2.57078929080614,2.64733529792089,2.5195153145707,1.30586998006317,1.30467892528514,1.30642290206369,1.30649211572735,0.898855689205754,1.03690453964792,2.05120807018749,1.66307868081456
Normal_0to12h,0.102789711400781,0.103126455776608,0.10255276942326,0.106472672491336,2.07148789584053,2.26552611437892,2.07080255406528,2.07019093054264,1.34695841555978,1.34224220105811,1.34695555836346,1.35041848796524,0.84094252359491,1.02683673610001,0.821905923095346,0.790060308852961
Leak_12to24h,0.106063891425082,0.106577742252816,0.106384764418185,0.111834998539629,2.59823973414384,2.83958857989272,2.97885415196734,2.74708250423022,1.1971430174519,1.19458077572566,1.19910919535044,1.19555095867882,1.07243770097916,1.29509815084024,2.81557777553898,2.25404672018921
