Period,P_RMSE_Standard,P_RMSE_Chen,P_RMSE_EKF_LE,P_RMSE_AFEKF,M_RMSE_Standard,M_RMSE_Chen,M_RMSE_EKF_LE,M_RMSE_AFEKF,Pipe1_Standard,Pipe1_Chen,Pipe1_EKF_LE,Pipe1_AFEKF,Pipe5_Standard,Pipe5_Chen,Pipe5_EKF_LE,Pipe5_AFEKF
Full_Period,0.103443798418434,0.103735628842653,0.10310203280109,0.106982531740081,2.44045117990889,2.56273911489709,2.57106974786404,2.49192604575733,1.38529274611228,1.38538588209703,1.37787328615312,1.38373747826435,0.817364251628345,0.918935258312323,0.993515954207233,0.887664772298152
Normal_0to12h,0.104708953570532,0.105053549825047,0.104083805042741,0.108407276617198,2.29862762976994,2.46478203194417,2.2964971239889,2.29649277354141,1.26851303559877,1.26914421196944,1.26922421566247,1.2732653468683,0.708172025296478,0.855810913559598,0.668499996791973,0.645759623533868
Leak_12to24h,0.105529446279429,0.106093045336047,0.105788428155726,0.111678538093146,2.68823780633308,2.90405492037533,2.92378131914284,2.78133873742181,1.38734184962196,1.38752885536545,1.36553272882735,1.38248879466643,0.873736957069009,1.05419547155171,1.21732616333247,0.996108409410021
