Period,P_RMSE_Standard,P_RMSE_Chen,P_RMSE_EKF_LE,P_RMSE_AFEKF,M_RMSE_Standard,M_RMSE_Chen,M_RMSE_EKF_LE,M_RMSE_AFEKF,Pipe1_Standard,Pipe1_Chen,Pipe1_EKF_LE,Pipe1_AFEKF,Pipe5_Standard,Pipe5_Chen,Pipe5_EKF_LE,Pipe5_AFEKF
Full_Period,0.10562588292822,0.105765350982205,0.105401680108375,0.109394100100305,2.33121607456052,2.46145929136597,2.48111035281466,2.48449739405391,1.48115572365743,1.48229690730655,1.47110823255229,1.48095489353754,0.825835886687289,0.939557414025277,1.04711102155006,0.935354434025928
Normal_0to12h,0.10560030406956,0.105821828470209,0.105360567629846,0.108975606427019,2.29018727634235,2.46625030047803,2.28958012535969,2.29030532834427,1.52533140736197,1.52621169995421,1.52522069181208,1.52739639178262,0.734071121343942,0.907811581405113,0.740667886521621,0.71379840886835
Leak_12to24h,0.104793511430435,0.105070670375923,0.105059525253541,0.111212509297334,2.55827223283855,2.78856560102475,2.82012965264663,2.8234968684679,1.53968273090155,1.54184947871354,1.52167627729631,1.53812454722968,1.01424388720546,1.19362216329437,1.35494767429372,1.18862118191591
