Period,P_RMSE_Standard,P_RMSE_Chen,P_RMSE_EKF_LE,P_RMSE_AFEKF,M_RMSE_Standard,M_RMSE_Chen,M_RMSE_EKF_LE,M_RMSE_AFEKF,Pipe1_Standard,Pipe1_Chen,Pipe1_EKF_LE,Pipe1_AFEKF,Pipe5_Standard,Pipe5_Chen,Pipe5_EKF_LE,Pipe5_AFEKF
Full_Period,0.103878479900529,0.104126267579492,0.104391420333809,0.107263759567897,2.69756741561969,2.80512737425974,2.92356386989279,2.7988114644897,1.8116373336367,1.81116810143657,1.82417272253052,1.84695039539097,0.813377632092109,0.927309616921218,2.25049967697129,1.7368877293989
Normal_0to12h,0.105430116900832,0.105840416502619,0.105363248624056,0.108895197200564,2.74331245459612,2.88270358013006,2.74397013437742,2.7447016210132,1.86886110959178,1.86776378924143,1.86681949329099,1.87182931874402,0.802471835052787,0.945407504364813,0.788106406220803,0.76943359475652
Leak_12to24h,0.102084544430803,0.102581361107788,0.103373832982234,0.107715215465851,3.13758628667866,3.3184315117986,3.51955946515886,3.31351076195543,2.01215148985801,2.01131915483349,2.04175074582572,2.079068390604,0.936591458279499,1.12624485559764,3.10282509271866,2.36282034706749
