Period,P_RMSE_Standard,P_RMSE_Chen,P_RMSE_EKF_LE,P_RMSE_AFEKF,M_RMSE_Standard,M_RMSE_Chen,M_RMSE_EKF_LE,M_RMSE_AFEKF,Pipe1_Standard,Pipe1_Chen,Pipe1_EKF_LE,Pipe1_AFEKF,Pipe5_Standard,Pipe5_Chen,Pipe5_EKF_LE,Pipe5_AFEKF
Full_Period,0.103893692568584,0.10427516862326,0.103794236914849,0.107419946226576,2.7473692934762,2.8603970754119,2.83681794892678,2.77840857487539,1.43174487676719,1.42988929087711,1.42647215433781,1.43713222902401,0.887686116365652,1.01024337248291,0.976196995763091,0.874867468759508
Normal_0to12h,0.102919240023209,0.103277147578171,0.10299494111082,0.10628057932715,2.82858873438209,2.9758583674518,2.82872696421257,2.83073602789477,1.44078949179956,1.43682548168365,1.4458757276643,1.44199104189011,0.732876376740363,0.902719387380121,0.708851455091462,0.681655469947602
Leak_12to24h,0.104403816793385,0.105151391530107,0.104833281619375,0.109968443864059,3.14399064718741,3.33691369697584,3.30005555521581,3.19961170521833,1.49196033551528,1.48844869148174,1.48693964976888,1.50042375217374,1.08043129611236,1.27521930455196,1.22494466097821,1.05768088770157
