Period,P_RMSE_Standard,P_RMSE_Chen,P_RMSE_EKF_LE,P_RMSE_AFEKF,M_RMSE_Standard,M_RMSE_Chen,M_RMSE_EKF_LE,M_RMSE_AFEKF,Pipe1_Standard,Pipe1_Chen,Pipe1_EKF_LE,Pipe1_AFEKF,Pipe5_Standard,Pipe5_Chen,Pipe5_EKF_LE,Pipe5_AFEKF
Full_Period,0.105722764354527,0.105930014610678,0.105075593784936,0.109072888046169,2.33541632465939,2.47363965372646,2.48949606990509,2.47141548895747,1.5679379907888,1.56794393635425,1.56110552357849,1.56455313502722,0.836449227865012,0.967244872705228,0.977923013218988,0.845559869422817
Normal_0to12h,0.106386191671826,0.106597497944219,0.106042754345527,0.109817739021939,2.40454922644136,2.57945182287285,2.40504099353161,2.4038608565385,1.44856950824056,1.44739765191323,1.44906311834895,1.45081853798894,0.797867924691035,0.933971887078557,0.782596206230816,0.734621128071958
Leak_12to24h,0.106645554597822,0.107050497992249,0.106791800570617,0.112445315380415,2.29393267794595,2.56386011566184,2.59619892494714,2.56023946638283,1.46153963153259,1.46155546829087,1.44699694873702,1.45069392773996,0.974561177718756,1.18960454672417,1.20868219013886,0.993524838819767
