Period,P_RMSE_Standard,P_RMSE_Chen,P_RMSE_EKF_LE,P_RMSE_AFEKF,M_RMSE_Standard,M_RMSE_Chen,M_RMSE_EKF_LE,M_RMSE_AFEKF,Pipe1_Standard,Pipe1_Chen,Pipe1_EKF_LE,Pipe1_AFEKF,Pipe5_Standard,Pipe5_Chen,Pipe5_EKF_LE,Pipe5_AFEKF
Full_Period,0.103970139645202,0.104256687115704,0.103580118324045,0.107263220669664,2.13728538747749,2.28781442801001,2.27189512354531,2.20375119923779,1.32917128822564,1.3281919894626,1.33023617621764,1.33589305162233,0.901588830280111,1.01579747582699,1.26587638761544,1.06347753319139
Normal_0to12h,0.104790066773696,0.105167651928685,0.104788919213943,0.108796190238557,2.13777800824284,2.33115624644668,2.1400027886187,2.13630667280684,1.31213428392625,1.31040574720937,1.32166427257416,1.32073541484636,0.806746106588086,0.958503369534541,0.78556539041502,0.764804700746512
Leak_12to24h,0.102085065032267,0.10265997670575,0.103023512389514,0.108434542525978,2.09766785704282,2.39043643942595,2.36092521268198,2.2278122867582,1.20867489089831,1.20655334674523,1.21342407547892,1.22322933731374,1.10178769520033,1.28293205041462,1.66467046066282,1.35595559668613
