Period,P_RMSE_Standard,P_RMSE_Chen,P_RMSE_EKF_LE,P_RMSE_AFEKF,M_RMSE_Standard,M_RMSE_Chen,M_RMSE_EKF_LE,M_RMSE_AFEKF,Pipe1_Standard,Pipe1_Chen,Pipe1_EKF_LE,Pipe1_AFEKF,Pipe5_Standard,Pipe5_Chen,Pipe5_EKF_LE,Pipe5_AFEKF
Full_Period,0.103772876105169,0.104280858861486,0.10300552115234,0.10676201882986,2.61399996080835,2.74258286313733,2.68476402592568,2.6311188053985,1.44068282182027,1.4408913508801,1.4195592266088,1.41351666486027,0.924908292261014,1.08123604436117,1.04947898145062,0.885877177764102
Normal_0to12h,0.104114635084283,0.104772525857387,0.104074509517216,0.107453514758145,2.30112087458369,2.49581339056759,2.30093107034109,2.30046683580815,1.14209278686551,1.14291656067104,1.14289495008868,1.14347047528256,0.961659729949584,1.16206135369047,0.945368714616413,0.915851690259226
Leak_12to24h,0.104331567859803,0.105325987713221,0.104113352689441,0.109670835520438,2.58483303013464,2.83549583899638,2.72607499566974,2.61769441278878,1.29623805451949,1.2966971355423,1.24165841991988,1.2428322233146,1.11328733727408,1.36310961606046,1.31562211433995,1.04436127029986
