Period,P_RMSE_Standard,P_RMSE_Chen,P_RMSE_EKF_LE,P_RMSE_AFEKF,M_RMSE_Standard,M_RMSE_Chen,M_RMSE_EKF_LE,M_RMSE_AFEKF,Pipe1_Standard,Pipe1_Chen,Pipe1_EKF_LE,Pipe1_AFEKF,Pipe5_Standard,Pipe5_Chen,Pipe5_EKF_LE,Pipe5_AFEKF
Full_Period,0.10501613333714,0.105421494609757,0.104116680511589,0.108245228345201,2.87277890401708,2.98023224419957,3.07732169964819,2.97654425607117,1.64987826621507,1.65106134468396,1.65010354527253,1.65812589593224,0.932104163899699,1.04196365735682,2.18029776826815,1.47514754226405
Normal_0to12h,0.104498112905572,0.105050394326639,0.103197006907662,0.107569877144914,3.25283568095361,3.38419274226105,3.2529491487552,3.25537131214743,1.91275100189408,1.91462448399732,1.91530306921895,1.92682694808251,0.828064752774124,0.963334868678873,0.837530111320961,0.824067936624417
Leak_12to24h,0.106900081897329,0.107684280910021,0.107382160784898,0.113416012585775,3.27601433467244,3.46018863114849,3.62699282865255,3.45428333013422,1.78251645228776,1.78467786585316,1.78198805884265,1.79509132226066,1.05056448116623,1.23754124436476,2.99595466769631,1.9504497398931
