Period,P_RMSE_Standard,P_RMSE_Chen,P_RMSE_EKF_LE,P_RMSE_AFEKF,M_RMSE_Standard,M_RMSE_Chen,M_RMSE_EKF_LE,M_RMSE_AFEKF,Pipe1_Standard,Pipe1_Chen,Pipe1_EKF_LE,Pipe1_AFEKF,Pipe5_Standard,Pipe5_Chen,Pipe5_EKF_LE,Pipe5_AFEKF
Full_Period,0.104166647063091,0.104557235690993,0.104845538610518,0.107683268467486,2.70080494349913,2.8170938121446,2.90644529459537,2.75083599048454,1.63007683997419,1.62943986555767,1.63041772459722,1.63193089999632,0.804768703443696,0.923096422916166,2.13358853490673,1.03470671541015
Normal_0to12h,0.106196087674846,0.106573234798491,0.106030897398795,0.109696062491991,2.98224856897169,3.11963245895284,2.98223541385363,2.98299775072016,1.74814730510437,1.74755694692753,1.7491587805502,1.75051713101978,0.795576296336349,0.962333947251677,0.783719727866564,0.776543125494908
Leak_12to24h,0.10430065221568,0.105068794428461,0.106062946457354,0.109989584482027,2.64048369658313,2.87017950147449,3.0431623189122,2.7407780837535,1.41735245614124,1.4159094678662,1.41474457804141,1.41775013461449,0.928322017242618,1.12477045547205,2.93610255253043,1.30112784646401
