Period,P_RMSE_Standard,P_RMSE_Chen,P_RMSE_EKF_LE,P_RMSE_AFEKF,M_RMSE_Standard,M_RMSE_Chen,M_RMSE_EKF_LE,M_RMSE_AFEKF,Pipe1_Standard,Pipe1_Chen,Pipe1_EKF_LE,Pipe1_AFEKF,Pipe5_Standard,Pipe5_Chen,Pipe5_EKF_LE,Pipe5_AFEKF
Full_Period,0.100218704558329,0.100696513741386,0.100240387078971,0.103179078558392,2.57370199228372,2.70693311277678,2.72556819889181,2.59453434858057,1.56865611662876,1.56863581914147,1.56821191309206,1.57328715958857,0.960684415176886,1.08904655107541,1.79854912602456,0.899592691981936
Normal_0to12h,0.101521077278802,0.101902967101119,0.101367439861068,0.104570393328172,2.28862032092662,2.46955490127093,2.28840757918566,2.28963836307313,1.58423009516593,1.58555124420777,1.58504283569971,1.59108770120196,0.925023419732283,1.08964100965135,0.848479731290397,0.803759059340857
Leak_12to24h,0.100594463468957,0.101531377009849,0.101766683597095,0.105884473171724,2.60018301084654,2.85460731364324,2.89375348396397,2.64349065480892,1.52092891394701,1.5208910421239,1.52290390407375,1.53038823409572,1.10951172712581,1.32289385703774,2.42531262946136,1.01213338268795
