Period,P_RMSE_Standard,P_RMSE_Chen,P_RMSE_EKF_LE,P_RMSE_AFEKF,M_RMSE_Standard,M_RMSE_Chen,M_RMSE_EKF_LE,M_RMSE_AFEKF,Pipe1_Standard,Pipe1_Chen,Pipe1_EKF_LE,Pipe1_AFEKF,Pipe5_Standard,Pipe5_Chen,Pipe5_EKF_LE,Pipe5_AFEKF
Full_Period,0.105793738507731,0.106073558238085,0.106197933874325,0.109544242736482,2.66923923689736,2.79142016116098,2.86438131695207,2.78203176474305,1.39507068368342,1.39296616602999,1.39543802308407,1.40196417085165,1.00175237401042,1.16122540180839,1.82048228345085,1.22042151904507
Normal_0to12h,0.107130000450223,0.1074570731935,0.107139977341773,0.110733814668421,2.63682648882368,2.79731192021259,2.63699323279969,2.63854739299002,1.6915082565387,1.68892768044539,1.69142269690802,1.70116531053524,0.940687526893019,1.12721265714697,0.93708500939832,0.909986089594075
Leak_12to24h,0.103557995980785,0.104121114583136,0.104377445968119,0.109736882327001,3.29912721602057,3.49290023806018,3.61037665257302,3.47934399662343,1.44033505926659,1.43631372708435,1.43912103022383,1.45316243472137,1.26694374641389,1.51181487939487,2.49503551217893,1.60482451204768
