Period,P_RMSE_Standard,P_RMSE_Chen,P_RMSE_EKF_LE,P_RMSE_AFEKF,M_RMSE_Standard,M_RMSE_Chen,M_RMSE_EKF_LE,M_RMSE_AFEKF,Pipe1_Standard,Pipe1_Chen,Pipe1_EKF_LE,Pipe1_AFEKF,Pipe5_Standard,Pipe5_Chen,Pipe5_EKF_LE,Pipe5_AFEKF
Full_Period,0.101820730086632,0.102213286470065,0.101590918625291,0.105190455329097,2.51357218770601,2.63427556532942,2.51594915625234,2.51417391848121,1.55661635742306,1.55586040286689,1.6059964446688,1.56841940032869,0.930332921892283,1.06515310359994,0.930183630332074,0.913075160154103
Normal_0to12h,0.101862286858764,0.102426453857665,0.10166992814062,0.105453091882613,2.12038922493069,2.30941369741077,2.12026825678093,2.11980826415779,1.60075786181927,1.60007132063647,1.60072921776299,1.60361066832976,0.929351299579815,1.0988295796084,0.929348639546438,0.911790577559113
Leak_12to24h,0.104167444952914,0.104923111823779,0.103874947327012,0.109746683313595,2.33472272543552,2.58392131610902,2.33505727245713,2.33384548678747,1.35196019831349,1.35024518602992,1.35348716933287,1.3598644031262,1.06189689376229,1.28776813762662,1.06163396465773,1.03003683442615
