Period,P_RMSE_Standard,P_RMSE_Chen,P_RMSE_EKF_LE,P_RMSE_AFEKF,M_RMSE_Standard,M_RMSE_Chen,M_RMSE_EKF_LE,M_RMSE_AFEKF,Pipe1_Standard,Pipe1_Chen,Pipe1_EKF_LE,Pipe1_AFEKF,Pipe5_Standard,Pipe5_Chen,Pipe5_EKF_LE,Pipe5_AFEKF
Full_Period,0.100796693172412,0.100979055492718,0.100214799635884,0.104689653848728,2.86198012604412,2.96292412949415,2.96693042409664,2.9604109057311,1.89892348917156,1.89818210492459,1.8957784237258,1.90179369274961,1.00737247295026,1.12992597872447,1.11087304043734,1.057039934171
Normal_0to12h,0.100152700961091,0.100197475168202,0.100017052409162,0.103834662490163,3.11878195973389,3.24477536956891,3.11626073830551,3.1172597964604,2.17535855625067,2.17460135498865,2.1768700621323,2.18482370847326,1.00568464064693,1.16868278796101,0.989839744335803,0.96001248754726
Leak_12to24h,0.102255053940455,0.102609399602087,0.102480828604374,0.108637363945881,2.76880939192154,2.9708907305149,2.98607825126198,2.96919490473898,1.76702320088914,1.76545455431706,1.74960336757639,1.77325733711481,1.20783764852833,1.4055555409736,1.37879396814682,1.29169994266629
