Period,P_RMSE_Standard,P_RMSE_Chen,P_RMSE_EKF_LE,P_RMSE_AFEKF,M_RMSE_Standard,M_RMSE_Chen,M_RMSE_EKF_LE,M_RMSE_AFEKF,Pipe1_Standard,Pipe1_Chen,Pipe1_EKF_LE,Pipe1_AFEKF,Pipe5_Standard,Pipe5_Chen,Pipe5_EKF_LE,Pipe5_AFEKF
Full_Period,0.100809559383558,0.101003350745337,0.0992209670452377,0.10325104322945,2.33089491996178,2.46038784863551,2.54253622037844,2.44860115204689,1.54350618150158,1.54406291539649,1.53811817022659,1.54446283767096,0.879169888938591,1.02162797392263,1.91233908474679,1.41600211633121
Normal_0to12h,0.100011060727177,0.100171696902186,0.0995199589523812,0.102829014253749,2.2579725370667,2.43581598389922,2.25740683106352,2.25764789927624,1.62549219594487,1.62694671283562,1.62646845764203,1.6302278522358,0.91808988453148,1.09090669315783,0.915053122365077,0.895217267825819
Leak_12to24h,0.0978115429778909,0.098205173969946,0.098191820162834,0.102958548754208,2.21369118783632,2.47473654597938,2.63735583279969,2.45400427698717,1.39937780931078,1.40059140987361,1.38817758429127,1.39892722600498,1.04604515172469,1.27607880012402,2.61151834535137,1.88641255326834
