Period,P_RMSE_Standard,P_RMSE_Chen,P_RMSE_EKF_LE,P_RMSE_AFEKF,M_RMSE_Standard,M_RMSE_Chen,M_RMSE_EKF_LE,M_RMSE_AFEKF,Pipe1_Standard,Pipe1_Chen,Pipe1_EKF_LE,Pipe1_AFEKF,Pipe5_Standard,Pipe5_Chen,Pipe5_EKF_LE,Pipe5_AFEKF
Full_Period,0.103437357031536,0.103830333357089,0.103480517554571,0.10688735241684,2.32174812179313,2.45535434354584,2.52751076265117,2.40311930596622,1.25694008914901,1.25436404551037,1.25822021302053,1.25946478118338,0.917086640250725,1.04947962001402,1.95962042447383,1.48259802691925
Normal_0to12h,0.104895726296714,0.105444998687855,0.104890283149623,0.108209057202076,2.42594533649072,2.5970462173641,2.42596114739873,2.42541994682761,1.34989240453961,1.34669825502052,1.34961407266538,1.35067024761972,0.935135216730849,1.12742972442918,0.935367928768344,0.904934533781103
Leak_12to24h,0.10204138986449,0.102825688782594,0.102543242909591,0.107648086182125,2.5367343818902,2.77381548155861,2.90051079891937,2.68323011676346,1.34263988676782,1.33788219104272,1.34487531835643,1.34680219707959,1.1268984177005,1.33547660505879,2.68289571247393,1.98962635188042
