Period,P_RMSE_Standard,P_RMSE_Chen,P_RMSE_EKF_LE,P_RMSE_AFEKF,M_RMSE_Standard,M_RMSE_Chen,M_RMSE_EKF_LE,M_RMSE_AFEKF,Pipe1_Standard,Pipe1_Chen,Pipe1_EKF_LE,Pipe1_AFEKF,Pipe5_Standard,Pipe5_Chen,Pipe5_EKF_LE,Pipe5_AFEKF
Full_Period,0.103326916941104,0.103679273480989,0.103095774613192,0.106602824718007,2.62280704301472,2.73668023128206,2.76215417512184,2.73815866612613,1.92274144561368,1.92240721584059,1.91876197028093,1.92873554171872,0.900404101397918,1.0159276459352,1.05978002732972,0.93129905687265
Normal_0to12h,0.105023548774777,0.105446239252805,0.104737197442765,0.108353200477617,2.98576554295488,3.11783417102329,2.98471972071523,2.98587416929926,2.13952741195395,2.13850290132974,2.13966175889735,2.14660071531699,0.859378591118802,1.02350023797863,0.851852509895206,0.826605913029236
Leak_12to24h,0.102728301679649,0.103426252134949,0.103280204429183,0.108520010692889,2.8211093069875,3.0269715605542,3.07636539038162,3.03114780235569,1.99070805619436,1.99007271369258,1.99103148422635,1.99985119319179,1.04815050246694,1.23908894457736,1.34053005422794,1.1068703721608
