Period,P_RMSE_Standard,P_RMSE_Chen,P_RMSE_EKF_LE,P_RMSE_AFEKF,M_RMSE_Standard,M_RMSE_Chen,M_RMSE_EKF_LE,M_RMSE_AFEKF,Pipe1_Standard,Pipe1_Chen,Pipe1_EKF_LE,Pipe1_AFEKF,Pipe5_Standard,Pipe5_Chen,Pipe5_EKF_LE,Pipe5_AFEKF
Full_Period,0.103972519088114,0.104446955737308,0.104091350400335,0.107546488308925,2.01067666141301,2.17860553880952,2.29139880192766,2.14550212841497,1.36657179524666,1.36488003038798,1.36411819056049,1.36615353260521,0.856363077033713,0.998186591336368,2.09168778120237,1.42248951401774
Normal_0to12h,0.10423087611833,0.104726172747839,0.104118361153641,0.107925479039425,1.95434891470706,2.17484122428588,1.95308510594929,1.95302775465775,1.47112473371905,1.46826169039339,1.47174363504223,1.47171046118016,0.887256826599878,1.06005346584415,0.848607104745699,0.795727861104701
Leak_12to24h,0.10424667190565,0.105178102552576,0.104886545896788,0.110135555835239,1.86385583800509,2.20492672154428,2.4232574783496,2.14240270248804,1.18696671964783,1.18312636187429,1.18134696795071,1.18514703403695,0.984968313039767,1.22025316420132,2.88615891824091,1.91039274410792
