Period,P_RMSE_Standard,P_RMSE_Chen,P_RMSE_EKF_LE,P_RMSE_AFEKF,M_RMSE_Standard,M_RMSE_Chen,M_RMSE_EKF_LE,M_RMSE_AFEKF,Pipe1_Standard,Pipe1_Chen,Pipe1_EKF_LE,Pipe1_AFEKF,Pipe5_Standard,Pipe5_Chen,Pipe5_EKF_LE,Pipe5_AFEKF
Full_Period,0.105718451356219,0.106294466603262,0.105630210327434,0.109061592049977,3.09521232392131,3.20326522096158,3.26723395586416,3.22024805678607,1.85938447609569,1.85904864770773,1.86131739357654,1.87190737222323,0.765707463904661,0.930514816769806,1.9766555792034,1.00492637487793
Normal_0to12h,0.107418342636729,0.108177386896545,0.107160862523125,0.111060509102181,3.44315233175227,3.57470914618099,3.44285959100391,3.44494438367426,2.01334487958357,2.01290362997618,2.01418941483164,2.02755332149484,0.836343111693537,1.06692857156255,0.836462553428999,0.803993639575739
Leak_12to24h,0.105697835658144,0.106831355910312,0.106226316344714,0.111275797098046,3.11045928901941,3.31925696035693,3.44380763368021,3.35336127052135,1.94904079073993,1.94840938153469,1.95419453021371,1.97112385122924,0.872092909619349,1.14542774266719,2.71847650249192,1.26865317096583
