Period,P_RMSE_Standard,P_RMSE_Chen,P_RMSE_EKF_LE,P_RMSE_AFEKF,M_RMSE_Standard,M_RMSE_Chen,M_RMSE_EKF_LE,M_RMSE_AFEKF,Pipe1_Standard,Pipe1_Chen,Pipe1_EKF_LE,Pipe1_AFEKF,Pipe5_Standard,Pipe5_Chen,Pipe5_EKF_LE,Pipe5_AFEKF
Full_Period,0.103091692746384,0.103239573194216,0.103093442862575,0.106936443307789,2.34137836529264,2.47762698863951,2.61300400733807,2.51955488984644,1.08314559474365,1.08330921776642,1.08404357912778,1.08626579988777,0.93408603392642,1.10008900206144,2.31259614879573,1.82013336742993
Normal_0to12h,0.102907762681065,0.103136823737685,0.102690032131666,0.106672191329272,2.37011384242553,2.55059516721836,2.36276634885988,2.3673754795398,1.20012572802683,1.20139620653331,1.1959959823141,1.19370270115152,1.08848573646882,1.30716845002511,1.02594430874748,0.993472113831757
Leak_12to24h,0.103267291989693,0.103558351240262,0.103413687429008,0.109412362723663,2.34397613329913,2.60565115560169,2.86395541154899,2.68365292203428,0.97587919621379,0.976239178073483,0.982927898086462,0.982034011155056,1.11675384803755,1.38320895564271,3.18948333430302,2.46504601290307
