Period,P_RMSE_Standard,P_RMSE_Chen,P_RMSE_EKF_LE,P_RMSE_AFEKF,M_RMSE_Standard,M_RMSE_Chen,M_RMSE_EKF_LE,M_RMSE_AFEKF,Pipe1_Standard,Pipe1_Chen,Pipe1_EKF_LE,Pipe1_AFEKF,Pipe5_Standard,Pipe5_Chen,Pipe5_EKF_LE,Pipe5_AFEKF
Full_Period,0.102764697711343,0.103071451331975,0.102453763837236,0.10575543149742,2.212801441808,2.35212583635556,2.35693735498653,2.22294147174556,1.29581261094926,1.29473396130733,1.29736029385986,1.29817609752272,0.808713385332266,0.933005424609499,1.5102776033656,0.886282542454295
Normal_0to12h,0.101264326445886,0.101597672520633,0.100974415388747,0.104265135549817,2.10901061356022,2.29196417967489,2.10942668255209,2.11098696313403,1.50132987710328,1.49955255747041,1.50123196155721,1.50167484106873,0.697827676445413,0.875646142010046,0.691026412181429,0.664779143089841
Leak_12to24h,0.100271081806325,0.10089026367458,0.10078597286339,0.105399390602743,2.41176638532471,2.65917659718927,2.68053983957689,2.44698911109572,1.35787926564208,1.35584921824945,1.35974045462659,1.36136931871681,0.924232331110128,1.13192468998917,2.02154603547677,1.06723283201225
