Period,P_RMSE_Standard,P_RMSE_Chen,P_RMSE_EKF_LE,P_RMSE_AFEKF,M_RMSE_Standard,M_RMSE_Chen,M_RMSE_EKF_LE,M_RMSE_AFEKF,Pipe1_Standard,Pipe1_Chen,Pipe1_EKF_LE,Pipe1_AFEKF,Pipe5_Standard,Pipe5_Chen,Pipe5_EKF_LE,Pipe5_AFEKF
Full_Period,0.103514795425641,0.103829769361413,0.10356474264636,0.107210576392276,2.51409728170613,2.64038429966312,2.63844115677125,2.60964132287138,1.36381731443338,1.36209623309422,1.36392661280502,1.37046473508854,0.890460021464075,1.01499993213897,1.1372063368109,0.932380733859229
Normal_0to12h,0.102806640086619,0.103164797698525,0.102613508209267,0.10665467698559,2.66250405253398,2.81017174236469,2.66121128615491,2.66409021121064,1.57101282880854,1.56858396936466,1.57129381006256,1.58080795155452,0.753319809851909,0.905377079778485,0.718379501914315,0.694521147071904
Leak_12to24h,0.103930451047393,0.104548426191585,0.104899639937781,0.110097183383297,3.04164695244738,3.24587151142618,3.23985696504213,3.1955989555216,1.6799695243896,1.67721519142791,1.66744376387501,1.68718323745528,1.06229703748984,1.26356754331162,1.45799919855798,1.12959392335895
