Period,P_RMSE_Standard,P_RMSE_Chen,P_RMSE_EKF_LE,P_RMSE_AFEKF,M_RMSE_Standard,M_RMSE_Chen,M_RMSE_EKF_LE,M_RMSE_AFEKF,Pipe1_Standard,Pipe1_Chen,Pipe1_EKF_LE,Pipe1_AFEKF,Pipe5_Standard,Pipe5_Chen,Pipe5_EKF_LE,Pipe5_AFEKF
Full_Period,0.106431256278468,0.107001568759493,0.105858036919632,0.109946890790365,2.33855629367145,2.47258211765266,2.49298161221931,2.46723045243773,1.37916587083,1.37739854612625,1.37890187660114,1.38169128919787,0.885692885681039,0.997221809995981,0.975802075031307,0.919368041282774
Normal_0to12h,0.104853418643272,0.105497153615672,0.10479008475655,0.108019144438724,1.9376733025396,2.15305815818756,1.93534444463075,1.93371627856063,1.06920359217254,1.06745736093986,1.0690832007396,1.06602433266183,0.842481501450779,0.995577802041733,0.823405922439794,0.804530272289923
Leak_12to24h,0.106074398351875,0.107200264756358,0.10625621443062,0.111714350536378,2.36766512487195,2.62255995864412,2.66214803721156,2.61307043296738,1.26933625136226,1.26554813419704,1.26303254507421,1.26709953349573,1.03439671484614,1.21829774837984,1.18657056005607,1.091856473105
