Period,P_RMSE_Standard,P_RMSE_Chen,P_RMSE_EKF_LE,P_RMSE_AFEKF,M_RMSE_Standard,M_RMSE_Chen,M_RMSE_EKF_LE,M_RMSE_AFEKF,Pipe1_Standard,Pipe1_Chen,Pipe1_EKF_LE,Pipe1_AFEKF,Pipe5_Standard,Pipe5_Chen,Pipe5_EKF_LE,Pipe5_AFEKF
Full_Period,0.104679165748376,0.10509112535463,0.103619465632907,0.107990303290234,2.14765120045543,2.29555940664045,2.29527083798712,2.25117793687974,1.39763470423847,1.3950518577967,1.39751706207872,1.40190599229296,0.915087405413131,1.04400970087773,1.07607843373055,1.02136955836449
Normal_0to12h,0.102724642132206,0.103259694746483,0.102156692783188,0.105990978642736,1.8326628528008,2.07483783249764,1.83502818595116,1.83413553599465,1.18021803282817,1.17589643056289,1.17943700807102,1.18244785943666,0.890122117023265,1.06286155848996,0.869523388212437,0.845375238828202
Leak_12to24h,0.102601261253094,0.103428702499163,0.102805264640584,0.108030625213417,2.03493087838986,2.3318080458789,2.33178465855326,2.24617350038034,1.2078343282876,1.20193294690838,1.20459327209138,1.21158663263679,1.0747683690369,1.28583458401386,1.36787222870571,1.2816705642149
