Period,P_RMSE_Standard,P_RMSE_Chen,P_RMSE_EKF_LE,P_RMSE_AFEKF,M_RMSE_Standard,M_RMSE_Chen,M_RMSE_EKF_LE,M_RMSE_AFEKF,Pipe1_Standard,Pipe1_Chen,Pipe1_EKF_LE,Pipe1_AFEKF,Pipe5_Standard,Pipe5_Chen,Pipe5_EKF_LE,Pipe5_AFEKF
Full_Period,0.103334312661796,0.103728589366277,0.103515409888692,0.106812647263414,2.31139928518362,2.44145641845223,2.57517674603409,2.5064866410253,1.37641909212295,1.37618708777713,1.37335579282665,1.3871317895073,0.777742919413695,0.91818019078237,2.12734002704602,1.73994629100286
Normal_0to12h,0.102926695798775,0.103382046377472,0.102769498520686,0.106168118729616,2.60387827994305,2.76869588962186,2.60378471132297,2.60497448837642,1.62525101048017,1.62542829179997,1.62506723884853,1.63590488707867,0.773847647772106,0.969204450872396,0.783251847720251,0.752264696051514
Leak_12to24h,0.100881474770846,0.101676558585933,0.101775405058045,0.106584626888387,2.4713100145516,2.70679497704716,2.94374164723011,2.82442844057728,1.56845910913156,1.56805971379223,1.56401445876858,1.58644912090932,0.915428057724978,1.14360896872525,2.92611406943614,2.37180906584375
