Period,P_RMSE_Standard,P_RMSE_Chen,P_RMSE_EKF_LE,P_RMSE_AFEKF,M_RMSE_Standard,M_RMSE_Chen,M_RMSE_EKF_LE,M_RMSE_AFEKF,Pipe1_Standard,Pipe1_Chen,Pipe1_EKF_LE,Pipe1_AFEKF,Pipe5_Standard,Pipe5_Chen,Pipe5_EKF_LE,Pipe5_AFEKF
Full_Period,0.104637042666565,0.105036956093238,0.104538226326928,0.107823325415132,2.53881687854187,2.66437759232456,2.74864167494148,2.67541135211103,1.28542709512841,1.28488212134971,1.28542871347043,1.28769811940573,0.896130176933236,1.01975680533619,2.07584113376461,1.29331761062714
Normal_0to12h,0.102492796885364,0.103136143751486,0.10236851741344,0.105793715014474,2.55469641562893,2.71573366550899,2.5541436673485,2.55426003908847,1.29327093782149,1.29346823548682,1.29318921364376,1.29486997197474,0.850709131653785,1.01925980080766,0.834530451186501,0.822890724404778
Leak_12to24h,0.102934650601241,0.1037350170021,0.103908314364552,0.108906235983869,2.65843435114854,2.89067852209663,3.04292281739872,2.9107874234636,1.23485179975335,1.23373683012263,1.23475544654437,1.23758904958282,1.08582544026224,1.28306328698741,2.84087334381061,1.70040035715321
