Period,P_RMSE_Standard,P_RMSE_Chen,P_RMSE_EKF_LE,P_RMSE_AFEKF,M_RMSE_Standard,M_RMSE_Chen,M_RMSE_EKF_LE,M_RMSE_AFEKF,Pipe1_Standard,Pipe1_Chen,Pipe1_EKF_LE,Pipe1_AFEKF,Pipe5_Standard,Pipe5_Chen,Pipe5_EKF_LE,Pipe5_AFEKF
Full_Period,0.105789220301309,0.105963384782893,0.105629611517188,0.109454902340998,2.16249072412639,2.28303868008428,2.26948720315832,2.19633741100492,1.43365195471178,1.4328924205258,1.43462502861531,1.43789718460166,0.837893050306691,0.951428494783505,1.09348794665564,0.946812744388111
Normal_0to12h,0.105660791909445,0.105946831644853,0.105703317714083,0.109359034417329,2.12228203655898,2.28959748254288,2.12111830186335,2.12367045771543,1.47413218810425,1.4736031029986,1.47411568651052,1.47963842661309,0.816986467634592,0.977133912699695,0.811459182730533,0.789797743729122
Leak_12to24h,0.105841595548072,0.106184747053609,0.105749591442616,0.111831244185733,2.40408767084696,2.61472135087783,2.59269521881615,2.4628666932109,1.52355674299279,1.5221483783091,1.52805844507705,1.53011115402533,0.933888610217656,1.12823183800267,1.36241780333164,1.11860850216044
