Period,P_RMSE_Standard,P_RMSE_Chen,P_RMSE_EKF_LE,P_RMSE_AFEKF,M_RMSE_Standard,M_RMSE_Chen,M_RMSE_EKF_LE,M_RMSE_AFEKF,Pipe1_Standard,Pipe1_Chen,Pipe1_EKF_LE,Pipe1_AFEKF,Pipe5_Standard,Pipe5_Chen,Pipe5_EKF_LE,Pipe5_AFEKF
Full_Period,0.103407895673311,0.103855828840245,0.102007076706559,0.106513736547882,2.22068935183233,2.37159811767149,2.33359040937957,2.27153190391242,1.34821046942466,1.35006934995507,1.35078201458911,1.35419406176134,0.859530650520161,0.997770781671753,0.980211728760904,0.832309682617522
Normal_0to12h,0.103392580127663,0.103892495218158,0.102021369477729,0.106519321119385,2.07069490383896,2.27765360747959,2.07048956582719,2.07023594528357,1.44179984082373,1.4449742964644,1.44145712589759,1.44991696584873,0.868354400944597,1.05049995725579,0.842889480508545,0.808395290610967
Leak_12to24h,0.104404383101531,0.10527782443062,0.10338632880727,0.109621507075059,2.2987608681352,2.5790234844454,2.51179536606167,2.39560483615351,1.44763781496439,1.45105312535059,1.45217563277831,1.45707565206302,1.01677483349974,1.24109633985283,1.22588536530476,0.96796912793745
