Period,P_RMSE_Standard,P_RMSE_Chen,P_RMSE_EKF_LE,P_RMSE_AFEKF,M_RMSE_Standard,M_RMSE_Chen,M_RMSE_EKF_LE,M_RMSE_AFEKF,Pipe1_Standard,Pipe1_Chen,Pipe1_EKF_LE,Pipe1_AFEKF,Pipe5_Standard,Pipe5_Chen,Pipe5_EKF_LE,Pipe5_AFEKF
Full_Period,0.102798861151997,0.10327541210508,0.10298291547939,0.10636702118457,2.47107724738517,2.60887693670129,2.55672195580929,2.49090446545635,1.41436560917736,1.41425289489963,1.41710052352336,1.41747276133004,0.896789709238946,1.02083951364167,1.04064334645147,0.88029311168991
Normal_0to12h,0.101253330612077,0.101943548797246,0.101258659302472,0.1046325979725,2.17462097848126,2.38466560065023,2.17378435066154,2.17352191065832,1.48729278767787,1.48706926523644,1.48717608343908,1.48924438783583,0.815513875947367,0.980524310253378,0.796095279665849,0.781349041027189
Leak_12to24h,0.103028140593606,0.103964073524684,0.103391435786809,0.108697220647531,2.45082081160996,2.71797587764507,2.62229817774935,2.48861020114255,1.43211920936594,1.43190287852522,1.43816422173565,1.43725477068875,1.02174486040351,1.2301356952206,1.30227980339182,0.979953565466234
