Period,P_RMSE_Standard,P_RMSE_Chen,P_RMSE_EKF_LE,P_RMSE_AFEKF,M_RMSE_Standard,M_RMSE_Chen,M_RMSE_EKF_LE,M_RMSE_AFEKF,Pipe1_Standard,Pipe1_Chen,Pipe1_EKF_LE,Pipe1_AFEKF,Pipe5_Standard,Pipe5_Chen,Pipe5_EKF_LE,Pipe5_AFEKF
Full_Period,0.107148200607065,0.107361270102668,0.106678117586482,0.110609161618046,2.6066545542275,2.71588508066263,2.74439347589211,2.72877303251261,1.55617860252122,1.55537484603468,1.54974482174767,1.55528142571309,0.85603316376427,0.982901038728875,1.40138791677319,0.994583720453228
Normal_0to12h,0.11011610620949,0.110456809841161,0.109471397262609,0.113489944473016,2.04508665534402,2.24815274878156,2.04292449910125,2.04352293251856,1.39024439059325,1.38939756627985,1.38944011403248,1.39053633411749,0.88670015775269,1.07227068168174,0.885449286690548,0.87126890489591
Leak_12to24h,0.106848259523678,0.107269364930344,0.106494604708198,0.112371315527725,2.71105783875225,2.91490787912278,2.97050697603922,2.93961680442559,1.46128052540588,1.45959340113868,1.44861706845391,1.45522884661862,0.977140949766861,1.18955393500757,1.85490342259475,1.22914318481055
