Period,P_RMSE_Standard,P_RMSE_Chen,P_RMSE_EKF_LE,P_RMSE_AFEKF,M_RMSE_Standard,M_RMSE_Chen,M_RMSE_EKF_LE,M_RMSE_AFEKF,Pipe1_Standard,Pipe1_Chen,Pipe1_EKF_LE,Pipe1_AFEKF,Pipe5_Standard,Pipe5_Chen,Pipe5_EKF_LE,Pipe5_AFEKF
Full_Period,0.107424076804493,0.107694752055396,0.106416306564083,0.111312488865395,2.46519864246671,2.58541289563696,2.58038825199757,2.52639406041265,1.56460407897534,1.56518153029935,1.56809223079384,1.5730142321363,0.778667969950328,0.891649275445366,0.828062175854453,0.74954313798399
Normal_0to12h,0.108202839066465,0.108506951272409,0.107828680531829,0.112087179512066,2.46690354218908,2.63304727398139,2.46831406826426,2.47124378143779,1.67999705636262,1.68000639569997,1.67854526881639,1.6815458100614,0.731953446187769,0.897654291098539,0.662057073163176,0.634205555228231
Leak_12to24h,0.111337122955913,0.111851818045297,0.110645647041799,0.117738913588812,2.20308824244523,2.45993718209861,2.45874342206818,2.33275260294352,1.3934618166114,1.39474179090971,1.39484190276533,1.40449387520418,0.863308389522327,1.05715451713875,0.954134773815568,0.815761960704087
