Period,P_RMSE_Standard,P_RMSE_Chen,P_RMSE_EKF_LE,P_RMSE_AFEKF,M_RMSE_Standard,M_RMSE_Chen,M_RMSE_EKF_LE,M_RMSE_AFEKF,Pipe1_Standard,Pipe1_Chen,Pipe1_EKF_LE,Pipe1_AFEKF,Pipe5_Standard,Pipe5_Chen,Pipe5_EKF_LE,Pipe5_AFEKF
Full_Period,0.104374653511927,0.104645515875534,0.104093438415787,0.107641963775593,2.52109779504895,2.6447690448386,2.72081872827476,2.62375147605011,1.53852582700702,1.5382363773516,1.53652571978013,1.54555178232556,0.779260805644081,0.882631987416276,1.91706088192002,1.11596151848205
Normal_0to12h,0.105621667057034,0.106173733804525,0.105304390956218,0.109162357133764,2.36923316834518,2.55232094355381,2.36757270532801,2.3689210098191,1.64916102226862,1.64669234195135,1.64800054594741,1.65412979802087,0.777591692818532,0.933305809134607,0.757556353525215,0.755368725105224
Leak_12to24h,0.106042297592929,0.106567608258482,0.106924164282332,0.112261564307623,2.69988107350035,2.9239714433388,3.06078930822716,2.88799599724656,1.66734111294227,1.66681661205293,1.66331422291328,1.67816327164132,0.755535291905902,0.953801988923679,2.58397200135017,1.36964146404296
