Period,P_RMSE_Standard,P_RMSE_Chen,P_RMSE_EKF_LE,P_RMSE_AFEKF,M_RMSE_Standard,M_RMSE_Chen,M_RMSE_EKF_LE,M_RMSE_AFEKF,Pipe1_Standard,Pipe1_Chen,Pipe1_EKF_LE,Pipe1_AFEKF,Pipe5_Standard,Pipe5_Chen,Pipe5_EKF_LE,Pipe5_AFEKF
Full_Period,0.104613819422257,0.104986812773937,0.10445330376018,0.107826271074151,3.03114651648922,3.132035878888,3.10202795850784,3.04575345808482,1.55318974798569,1.55254816850363,1.56652086490209,1.55636952322489,0.774297986747961,0.868117366568839,0.822177103446524,0.758579362441006
Normal_0to12h,0.102462807034582,0.102869530170723,0.102216408154297,0.105612834715726,2.64716219242726,2.80603519893587,2.64727143204791,2.64719094878483,1.34289190811018,1.34283184446052,1.34389312211026,1.3413204137249,0.795217589067033,0.940593589556998,0.794102238804984,0.778542150882016
Leak_12to24h,0.104446077773392,0.105181803473991,0.105296167662883,0.109786305114208,3.39394914085498,3.57008013945108,3.52002532472527,3.42056560121697,1.72386267597407,1.72272452599403,1.74844867112824,1.73025050079552,0.800502956994023,0.972003187136479,0.886370487551424,0.758162559642262
