Period,P_RMSE_Standard,P_RMSE_Chen,P_RMSE_EKF_LE,P_RMSE_AFEKF,M_RMSE_Standard,M_RMSE_Chen,M_RMSE_EKF_LE,M_RMSE_AFEKF,Pipe1_Standard,Pipe1_Chen,Pipe1_EKF_LE,Pipe1_AFEKF,Pipe5_Standard,Pipe5_Chen,Pipe5_EKF_LE,Pipe5_AFEKF
Full_Period,0.103168463827418,0.1034845439902,0.102963975536604,0.106477111373764,2.00790524923068,2.15102008287651,2.21304400801588,2.15238363607476,1.12319591114293,1.12216498511107,1.10969267374646,1.10502132694218,0.885038421925047,0.988709706978089,1.37564133509442,0.971846323827636
Normal_0to12h,0.101691770396052,0.101978293063695,0.101531828717425,0.105225110546955,2.02187050326691,2.20591745104209,2.0293653570616,2.02400397119541,1.20535922938934,1.20444582677477,1.20614116568975,1.20886533562858,0.801368677110654,0.939790390066445,0.802159577525448,0.785858616616462
Leak_12to24h,0.10254518925335,0.10317156576411,0.102562029576197,0.108109093866861,2.23070485985104,2.47995151930409,2.58393777294831,2.48537605483083,1.12519931272052,1.12317137824543,1.13515255186641,1.12419553142576,1.02199524192263,1.19485588303896,1.79981995693282,1.17010152470058
