Period,P_RMSE_Standard,P_RMSE_Chen,P_RMSE_EKF_LE,P_RMSE_AFEKF,M_RMSE_Standard,M_RMSE_Chen,M_RMSE_EKF_LE,M_RMSE_AFEKF,Pipe1_Standard,Pipe1_Chen,Pipe1_EKF_LE,Pipe1_AFEKF,Pipe5_Standard,Pipe5_Chen,Pipe5_EKF_LE,Pipe5_AFEKF
Full_Period,0.103626891250826,0.103904926125752,0.102757511573658,0.106770187217322,2.57087267784946,2.69394808693198,2.70145589672796,2.676250248635,1.6415054874908,1.6398466797022,1.63822132767235,1.64543499005013,0.935452089318176,1.06779965464742,1.30771228417053,1.0221591060364
Normal_0to12h,0.10428436403377,0.104522733765041,0.103728920126548,0.107343119447535,2.58908629181918,2.75078425951361,2.5892833316809,2.58974983450877,1.64640923649111,1.64407986498629,1.64569529072599,1.64544445798718,0.920899241618176,1.09394311699183,0.86198582720767,0.834212423010556
Leak_12to24h,0.104523670056176,0.105066785051514,0.104257871160635,0.110053369038979,2.85818469477431,3.07366581219268,3.08900337595786,3.04460463965434,1.79849017227607,1.79550443676809,1.79267891637683,1.80306058378741,1.11666503405799,1.33039328460027,1.7030366378753,1.25817874759103
