Period,P_RMSE_Standard,P_RMSE_Chen,P_RMSE_EKF_LE,P_RMSE_AFEKF,M_RMSE_Standard,M_RMSE_Chen,M_RMSE_EKF_LE,M_RMSE_AFEKF,Pipe1_Standard,Pipe1_Chen,Pipe1_EKF_LE,Pipe1_AFEKF,Pipe5_Standard,Pipe5_Chen,Pipe5_EKF_LE,Pipe5_AFEKF
Full_Period,0.104423445299402,0.104750055639335,0.102356761361388,0.107107423703777,2.89617191885276,2.99386551004591,2.9959786846458,2.90156053213346,1.90304437621981,1.90258039098732,1.9039130063012,1.90524858791174,0.972335262971822,1.09095561723684,1.03964012704946,0.875149123495295
Normal_0to12h,0.104168945302488,0.104573831926512,0.10253721465831,0.107165877064894,3.4974184927432,3.61241296017854,3.49566558149978,3.49571448137293,2.43841473950273,2.43886441740234,2.43797795031283,2.44075735508423,0.825239653817456,0.983969477063437,0.776157682965288,0.732187605965249
Leak_12to24h,0.10513253341397,0.105771543184153,0.103408079642137,0.110324204011425,2.21677011543716,2.45950449173976,2.46809458473531,2.23129590873192,1.14893341714081,1.1474165672515,1.15098755078997,1.15476993148484,1.12387015291269,1.32132586591222,1.245310181376,0.960591406344476
