Period,P_RMSE_Standard,P_RMSE_Chen,P_RMSE_EKF_LE,P_RMSE_AFEKF,M_RMSE_Standard,M_RMSE_Chen,M_RMSE_EKF_LE,M_RMSE_AFEKF,Pipe1_Standard,Pipe1_Chen,Pipe1_EKF_LE,Pipe1_AFEKF,Pipe5_Standard,Pipe5_Chen,Pipe5_EKF_LE,Pipe5_AFEKF
Full_Period,0.103894497830951,0.104249067994527,0.103784676452392,0.107583180650051,2.19406862697414,2.33274911474209,2.45418330645987,2.32636851921496,1.27909656017659,1.27992858786094,1.28219293608266,1.27880515613923,0.926777558570945,1.04144451350011,2.10292481886143,1.37825722499275
Normal_0to12h,0.104154524801467,0.104549796292477,0.103631107005291,0.107697576405566,2.04745472269022,2.2341626879686,2.04724063556778,2.04720772513489,1.14270406204993,1.14332132387873,1.14174644485915,1.14183997616247,0.91962177841046,1.07058344366438,0.920388706622506,0.905144308007179
Leak_12to24h,0.103452889498622,0.104154152657563,0.103978884897514,0.109332052660859,2.50042775023477,2.7368807630896,2.94197446861397,2.72845740799419,1.2283940126334,1.23010625540237,1.23432513004147,1.22575527122615,1.08749793945776,1.27587976928359,2.88142295915846,1.82361501536301
