Period,P_RMSE_Standard,P_RMSE_Chen,P_RMSE_EKF_LE,P_RMSE_AFEKF,M_RMSE_Standard,M_RMSE_Chen,M_RMSE_EKF_LE,M_RMSE_AFEKF,Pipe1_Standard,Pipe1_Chen,Pipe1_EKF_LE,Pipe1_AFEKF,Pipe5_Standard,Pipe5_Chen,Pipe5_EKF_LE,Pipe5_AFEKF
Full_Period,0.0545225397083967,0.0600484407639345,0.0536089007320512,0.0539153003569069,2.3927791850997,2.97498491830787,2.40309605794811,2.39135650968308,1.19386154110558,1.18591631266707,1.17353406669859,1.18599122208672,1.6833512592217,3.51290582121299,1.50352735423058,1.33466024319935
Normal_0to12h,0.0542234004022654,0.0600111216068039,0.0523715333992924,0.0529185578388104,2.28164491498509,2.9998220576748,2.23084044102562,2.20410226361445,0.966709674830697,0.961454163571592,0.926127732283236,0.953374832830715,1.71300490003546,3.84078996325858,1.38926555016789,1.16221888476584
Leak_12to24h,0.0585834680570959,0.0684177236426171,0.0582205674452173,0.0581265658597154,2.67366296557201,3.64873390394357,2.70485789129971,2.68013251257539,1.14772433112829,1.13139438350312,1.13646987165726,1.14095856885237,2.31923288945745,4.91244477922028,2.06047329077187,1.81124102961166
