Period,P_RMSE_Standard,P_RMSE_Chen,P_RMSE_EKF_LE,P_RMSE_AFEKF,M_RMSE_Standard,M_RMSE_Chen,M_RMSE_EKF_LE,M_RMSE_AFEKF,Pipe1_Standard,Pipe1_Chen,Pipe1_EKF_LE,Pipe1_AFEKF,Pipe5_Standard,Pipe5_Chen,Pipe5_EKF_LE,Pipe5_AFEKF
Full_Period,0.0603038531697945,0.0663321600725886,0.0601546219071448,0.0601293297577064,2.54426563452407,3.11063118798614,2.51931047619984,2.51217523589079,1.18837789654034,1.17155717012769,1.2047609889618,1.22755370049204,1.66121711180925,3.54869888426226,1.52142894475005,1.34669066542521
Normal_0to12h,0.0617123609497627,0.0675508087893674,0.0626049025764327,0.0632341493090419,2.59848184817202,3.24424854352922,2.55364586749583,2.55516459103033,1.33080647934179,1.32522625904755,1.37608254464624,1.42055348073306,1.69361474277527,3.82654234294951,1.46711828240295,1.27377563463699
Leak_12to24h,0.0643411710705636,0.0751386836903432,0.0621943030340989,0.0607853695389042,2.81742400819181,3.77567628631692,2.78225399951687,2.7354702616119,1.09261233346633,1.05620491771697,1.07741242619691,1.07452624102033,2.29068481354311,4.96438618494738,2.08584914446459,1.78886083252464
