Period,P_RMSE_Standard,P_RMSE_Chen,P_RMSE_EKF_LE,P_RMSE_AFEKF,M_RMSE_Standard,M_RMSE_Chen,M_RMSE_EKF_LE,M_RMSE_AFEKF,Pipe1_Standard,Pipe1_Chen,Pipe1_EKF_LE,Pipe1_AFEKF,Pipe5_Standard,Pipe5_Chen,Pipe5_EKF_LE,Pipe5_AFEKF
Full_Period,0.0604632164061298,0.0660961061143859,0.0601707199167845,0.0602907618918765,2.59881962560775,3.15950594229085,2.60142001627865,2.5970109003271,1.17984266150314,1.17586290779121,1.19069725142017,1.19077878226514,1.66215523137362,3.51840140092372,1.67520293832761,1.44006316791604
Normal_0to12h,0.0617958481183763,0.0668216429685698,0.0602301182085082,0.0606949452278495,2.79139042886381,3.4125105037428,2.70107814845392,2.70755698269884,1.16085851504036,1.1700056383338,1.18726718437732,1.18767276257651,1.73550787472391,3.82650911356355,1.47284242502121,1.30462416358194
Leak_12to24h,0.0646085173935192,0.0747036965616859,0.065346114373983,0.0650423717668869,2.71593717200609,3.70745505758584,2.79317831235566,2.76824689712898,1.19850859237202,1.19079577357038,1.19767574166272,1.19893728068638,2.28630221076407,4.91900305355286,2.30980766896916,1.96982898148171
