Period,P_RMSE_Standard,P_RMSE_Chen,P_RMSE_EKF_LE,P_RMSE_AFEKF,M_RMSE_Standard,M_RMSE_Chen,M_RMSE_EKF_LE,M_RMSE_AFEKF,Pipe1_Standard,Pipe1_Chen,Pipe1_EKF_LE,Pipe1_AFEKF,Pipe5_Standard,Pipe5_Chen,Pipe5_EKF_LE,Pipe5_AFEKF
Full_Period,0.0615000202417311,0.0670604226361385,0.0595154671458714,0.0597854302773784,3.02266818182941,3.50960729355643,3.06041487539404,3.06444147281888,1.30765334060534,1.27914553108105,1.35000881069868,1.29704966208705,1.69924821583369,3.55280012663532,1.60233128337075,1.44248858298575
Normal_0to12h,0.0635369486935279,0.0691291773224192,0.0591793426852405,0.0597611623866826,2.50819239469782,3.17687002553949,2.49977807021406,2.50854816248505,1.22501073979113,1.18423552597239,1.32248253161248,1.20407514911402,1.70988348432338,3.868218680988,1.23573003603698,1.19139774450183
Leak_12to24h,0.0623637895527087,0.0727976915229369,0.0613612272744086,0.0608534109134307,3.03810685502864,3.93760735136306,3.09716625785456,3.10419245132141,1.44665210683186,1.39548768271819,1.4256417246751,1.42117495956354,2.32790437541243,4.96209951665745,2.20262931927377,1.96366620191134
