Period,P_RMSE_Standard,P_RMSE_Chen,P_RMSE_EKF_LE,P_RMSE_AFEKF,M_RMSE_Standard,M_RMSE_Chen,M_RMSE_EKF_LE,M_RMSE_AFEKF,Pipe1_Standard,Pipe1_Chen,Pipe1_EKF_LE,Pipe1_AFEKF,Pipe5_Standard,Pipe5_Chen,Pipe5_EKF_LE,Pipe5_AFEKF
Full_Period,0.0553530491501254,0.0614253201394313,0.0553046762424985,0.0549116588519831,2.38560185180948,2.95890597064618,2.4213111292378,2.41427513934933,1.05585615921604,1.03962323769141,1.06617066608816,1.04373971226583,1.79271800324782,3.47901287681358,1.74116670713476,1.55286911344316
Normal_0to12h,0.055925093576156,0.0620735034463004,0.0564211047957812,0.0553976987493188,2.38407203154084,3.06432509787431,2.34655575220936,2.34251936450529,1.07386028237678,1.0607718720172,1.09338874065719,1.05549579303862,1.77758908245159,3.78354052306012,1.29630124698858,1.0433695344998
Leak_12to24h,0.058925126386633,0.0697930972054294,0.0579157031497054,0.0571190871710854,2.59836266544324,3.57711047402155,2.66465103905491,2.63040684931266,1.0754022215197,1.04377334656667,1.0630749389538,1.06382545490026,2.47507682438938,4.86435172614565,2.40597964565302,2.13423173169941
