Period,P_RMSE_Standard,P_RMSE_Chen,P_RMSE_EKF_LE,P_RMSE_AFEKF,M_RMSE_Standard,M_RMSE_Chen,M_RMSE_EKF_LE,M_RMSE_AFEKF,Pipe1_Standard,Pipe1_Chen,Pipe1_EKF_LE,Pipe1_AFEKF,Pipe5_Standard,Pipe5_Chen,Pipe5_EKF_LE,Pipe5_AFEKF
Full_Period,0.0550732610361722,0.0603470893630569,0.0565282849674949,0.0560616431574854,2.42503667916506,3.00565870718088,2.48756008585735,2.4907907707058,0.999415009882214,0.988249352958787,0.998405151176458,1.01417279064895,1.69097331003216,3.5334252193595,1.93611483746421,1.90838123360119
Normal_0to12h,0.0533535868109358,0.059455511884599,0.0549169918264198,0.0540068445853691,1.95497382914512,2.76103195703931,1.94794150034293,1.97794603036629,0.91802990008944,0.903530843281999,0.927553882279883,0.960154798766542,1.71291058404955,3.85851587629703,1.65814631634754,1.76200045774573
Leak_12to24h,0.0591986451070983,0.068595388783855,0.0604700321199442,0.0606448024733575,2.67616702124984,3.65813631414189,2.78857650607333,2.79237748918494,0.993632886403297,0.971384357062191,0.981804733904808,0.982695456553986,2.3293306475583,4.94100724144315,2.68011622725236,2.64016699799982
