Period,P_RMSE_Standard,P_RMSE_Chen,P_RMSE_EKF_LE,P_RMSE_AFEKF,M_RMSE_Standard,M_RMSE_Chen,M_RMSE_EKF_LE,M_RMSE_AFEKF,Pipe1_Standard,Pipe1_Chen,Pipe1_EKF_LE,Pipe1_AFEKF,Pipe5_Standard,Pipe5_Chen,Pipe5_EKF_LE,Pipe5_AFEKF
Full_Period,0.0576274303173236,0.0637291054492224,0.0568872733082443,0.056759497793195,2.24785095344863,2.86169471438347,2.28589932648438,2.25062670847665,1.177541554314,1.14441809273359,1.17805934347104,1.1759563207457,1.75231405196871,3.54849643643467,1.7745749190921,1.49198603162028
Normal_0to12h,0.0560467643641236,0.0624146619263932,0.05447267489665,0.054845973447747,2.28100784349696,2.98703390534219,2.24972807315496,2.23223814280709,1.15235577975704,1.11454589164712,1.16446351611162,1.15185043675013,1.74395575687842,3.83052815951921,1.62512864968535,1.47789608179814
Leak_12to24h,0.0616958026635386,0.07257519247502,0.0606436602850598,0.0593258419963312,2.34844780191885,3.42086423853686,2.42904918507842,2.35395137779515,1.26577471121226,1.20437562408182,1.24410743404638,1.2442054856945,2.42137444274011,4.96434400446176,2.44550160078806,2.02380817117006
