Period,P_RMSE_Standard,P_RMSE_Chen,P_RMSE_EKF_LE,P_RMSE_AFEKF,M_RMSE_Standard,M_RMSE_Chen,M_RMSE_EKF_LE,M_RMSE_AFEKF,Pipe1_Standard,Pipe1_Chen,Pipe1_EKF_LE,Pipe1_AFEKF,Pipe5_Standard,Pipe5_Chen,Pipe5_EKF_LE,Pipe5_AFEKF
Full_Period,0.0604086680488543,0.0661322822067692,0.0602916614860557,0.0595764701064824,3.12817492321406,3.60132324283285,3.17251649350226,3.1433183521089,1.07107298136807,1.05375166876566,1.09828338181015,1.06683015071046,1.71079144450121,3.52619564424547,1.77010236506395,1.41404737934651
Normal_0to12h,0.0605483110853939,0.0670993099228383,0.0586111492530183,0.0576922009844732,2.94834843177914,3.53718835338136,2.92663163601069,2.92464523539191,1.11143544295286,1.08814188538731,1.12532832959715,1.10277897143807,1.66525234257144,3.83170422015617,1.29883012293167,1.11091880871649
Leak_12to24h,0.06437523560631,0.0746524329178143,0.0646670578249401,0.0635810178130459,3.59654686334138,4.3836230655015,3.67208570248516,3.62484959592532,1.12143795066073,1.08860535581604,1.11962115273551,1.11068414882998,2.36427072492238,4.93395109007073,2.44505138207432,1.9216362958234
