Period,P_RMSE_Standard,P_RMSE_Chen,P_RMSE_EKF_LE,P_RMSE_AFEKF,M_RMSE_Standard,M_RMSE_Chen,M_RMSE_EKF_LE,M_RMSE_AFEKF,Pipe1_Standard,Pipe1_Chen,Pipe1_EKF_LE,Pipe1_AFEKF,Pipe5_Standard,Pipe5_Chen,Pipe5_EKF_LE,Pipe5_AFEKF
Full_Period,0.0540916736425374,0.0605986464751067,0.0532693036868699,0.0537007842559846,2.40668954542345,3.01514920077487,2.44402225768084,2.41670409911702,1.12723974155223,1.09407289571421,1.1148530334045,1.11440661586759,1.58211568528384,3.5854941227388,1.62529613926779,1.16822404690923
Normal_0to12h,0.0557251663103568,0.0628949365149713,0.0545985659562356,0.0552541100758144,2.39870739860571,3.11833420518842,2.37605026101364,2.36744690644812,1.20899178862666,1.164640050099,1.18177100400076,1.18499128535254,1.63055792734861,3.91102998175029,1.36217463682841,1.13355680142985
Leak_12to24h,0.0585522450099316,0.0700042529497065,0.0570199654875489,0.0564124876257627,2.8987988638257,3.86143628124113,2.96372209079977,2.90950018628857,1.29771019012998,1.24046671794113,1.27422790687825,1.26467884985145,2.1765825175213,5.01590642475975,2.24745251306391,1.57824811538086
