Period,P_RMSE_Standard,P_RMSE_Chen,P_RMSE_EKF_LE,P_RMSE_AFEKF,M_RMSE_Standard,M_RMSE_Chen,M_RMSE_EKF_LE,M_RMSE_AFEKF,Pipe1_Standard,Pipe1_Chen,Pipe1_EKF_LE,Pipe1_AFEKF,Pipe5_Standard,Pipe5_Chen,Pipe5_EKF_LE,Pipe5_AFEKF
Full_Period,0.0548543202838652,0.0610012323186506,0.0544967295434734,0.054202565022206,2.32648505979818,2.93834772638206,2.34703469961734,2.32905197081507,1.2778039349072,1.26818139018883,1.28185883376787,1.26887481158657,1.76026439121997,3.55967566338073,1.66240162372299,1.42704528370741
Normal_0to12h,0.0552658602864489,0.061754352313534,0.0539178154566552,0.0534416232881758,2.25418894723519,2.97733674853463,2.20020759753123,2.18809800027638,1.28338680160555,1.26221708937182,1.30885911777014,1.27660937253293,1.88189200742739,3.88529130675062,1.68569230712335,1.51763368852288
Leak_12to24h,0.0585246724451715,0.0694985231562081,0.0580994046508903,0.0573441467407165,2.35206841272493,3.44772516177657,2.41344968106021,2.35954902749901,1.10421543118945,1.08214540914714,1.07833074528606,1.08118204821386,2.41859131082977,4.97322297230555,2.27512426026696,1.92301341349938
