Period,P_RMSE_Standard,P_RMSE_Chen,P_RMSE_EKF_LE,P_RMSE_AFEKF,M_RMSE_Standard,M_RMSE_Chen,M_RMSE_EKF_LE,M_RMSE_AFEKF,Pipe1_Standard,Pipe1_Chen,Pipe1_EKF_LE,Pipe1_AFEKF,Pipe5_Standard,Pipe5_Chen,Pipe5_EKF_LE,Pipe5_AFEKF
Full_Period,0.0618686688515267,0.0679342461532522,0.0616299540923566,0.0618815714031519,2.41154950860102,3.00450920741388,2.48097726371202,2.50396118126527,1.30703204597722,1.28693400768898,1.28323247173713,1.30295322492403,1.71146050081716,3.55165018400564,1.8030694085941,1.75804159073315
Normal_0to12h,0.0584233732067689,0.0646836467066763,0.056775150511308,0.0573289059231197,2.2175355085048,2.95780348516966,2.22637257892497,2.26017931857279,1.27930383602921,1.26481826901726,1.26410875663058,1.26647128890153,1.72019131870951,3.87991476879241,1.54346204362477,1.57778397148058
Leak_12to24h,0.0679251292679503,0.0785306288195979,0.0683466038176413,0.0682618462057539,2.82242248024716,3.78169143375368,2.91729594874766,2.94070987451137,1.2629927741398,1.22165872812764,1.22252416129673,1.2497909669736,2.35793796025991,4.96637300682241,2.47323106884827,2.38703229856047
