Period,P_RMSE_Standard,P_RMSE_Chen,P_RMSE_EKF_LE,P_RMSE_AFEKF,M_RMSE_Standard,M_RMSE_Chen,M_RMSE_EKF_LE,M_RMSE_AFEKF,Pipe1_Standard,Pipe1_Chen,Pipe1_EKF_LE,Pipe1_AFEKF,Pipe5_Standard,Pipe5_Chen,Pipe5_EKF_LE,Pipe5_AFEKF
Full_Period,0.0617879912321625,0.0670701708643705,0.0612045924601841,0.0608844660327742,2.77481875974003,3.27485728521606,2.78523406231957,2.76354386074787,1.36165120135995,1.3252226755601,1.36993388634508,1.35726862569681,1.74616042424823,3.45539656997979,1.67778640788707,1.5287540826718
Normal_0to12h,0.0623443756056195,0.0686195285034397,0.061483343894158,0.0616718929911766,2.74446184090628,3.35255074464351,2.72943294598593,2.73436142515076,1.45501254626326,1.39707957748663,1.48150680014129,1.45566053363974,1.59753164265734,3.73757952057603,1.51263403528176,1.46215334676958
Leak_12to24h,0.0635286906196855,0.073339758467807,0.0632175371621445,0.0625074376214465,3.08881695942501,3.93804153774384,3.11318106805405,3.06117188007591,1.39627913239413,1.32536311847397,1.37840777492399,1.37407941924027,2.41432490368446,4.83392445089661,2.30593179740598,2.06734439871394
