Period,P_RMSE_Standard,P_RMSE_Chen,P_RMSE_EKF_LE,P_RMSE_AFEKF,M_RMSE_Standard,M_RMSE_Chen,M_RMSE_EKF_LE,M_RMSE_AFEKF,Pipe1_Standard,Pipe1_Chen,Pipe1_EKF_LE,Pipe1_AFEKF,Pipe5_Standard,Pipe5_Chen,Pipe5_EKF_LE,Pipe5_AFEKF
Full_Period,0.0578753229449731,0.0631116460406547,0.0569989331114641,0.0580894024842005,2.65625654028596,3.17388445303917,2.68160926162241,2.68662689905306,1.0574227056588,1.05571967203846,1.04404970610947,1.07148347655304,1.7353700569215,3.44796180485772,1.72924524706672,1.56670594376969
Normal_0to12h,0.0548987180949459,0.060957355576614,0.0534970263589989,0.0556472979703963,2.36477187632631,3.05166798357662,2.33846984279968,2.34664362416168,1.08304124676955,1.07820258754829,1.08580329080725,1.13663538702451,1.59401426602462,3.77015658031058,1.41343600590145,1.23042096140089
Leak_12to24h,0.0612755786631785,0.0707429932450574,0.0608307825046058,0.0605565183140549,2.90671496388963,3.79501442632324,2.95615681309162,2.93936973566647,1.15769002761449,1.1546529769859,1.14486091046003,1.15409997655668,2.39483161792787,4.82140640480444,2.39146246071283,2.15733543800535
