Period,P_RMSE_Standard,P_RMSE_Chen,P_RMSE_EKF_LE,P_RMSE_AFEKF,M_RMSE_Standard,M_RMSE_Chen,M_RMSE_EKF_LE,M_RMSE_AFEKF,Pipe1_Standard,Pipe1_Chen,Pipe1_EKF_LE,Pipe1_AFEKF,Pipe5_Standard,Pipe5_Chen,Pipe5_EKF_LE,Pipe5_AFEKF
Full_Period,0.0578328478712391,0.0633734835180987,0.0562581342229775,0.0562245517022,2.70136171792098,3.21987705895243,2.71256258741373,2.69010527314439,1.0269466463976,1.00279881200611,1.0087897356517,1.00836154254,1.69096792139237,3.49038979198599,1.38116299952419,1.10591644568945
Normal_0to12h,0.0624443427588581,0.0679722887639318,0.0599640481895112,0.0599754555434941,2.46372378808184,3.12926555727742,2.44294803874819,2.4247322202896,0.929319770668687,0.875806252942863,0.888397686407827,0.873381014382762,1.65798684316795,3.83586663968036,1.24448267244587,0.986546570159102
Leak_12to24h,0.0620847986579465,0.0719677561911357,0.0604778995253927,0.0599484619506996,2.69259123115582,3.64782034920642,2.69719944568161,2.64432943854865,1.03083849066432,0.982847593228171,1.00451932605182,0.999820182056263,2.32703588683847,4.8792046042422,1.87567089792293,1.48056325082674
