Period,P_RMSE_Standard,P_RMSE_Chen,P_RMSE_EKF_LE,P_RMSE_AFEKF,M_RMSE_Standard,M_RMSE_Chen,M_RMSE_EKF_LE,M_RMSE_AFEKF,Pipe1_Standard,Pipe1_Chen,Pipe1_EKF_LE,Pipe1_AFEKF,Pipe5_Standard,Pipe5_Chen,Pipe5_EKF_LE,Pipe5_AFEKF
Full_Period,0.0605763591704374,0.0662756058579843,0.0606602946397882,0.0605187101868108,2.8999182212235,3.38943267303941,2.91249242077945,2.91328819126618,1.35874076449423,1.34059493582481,1.36340725840485,1.36120596259418,1.69292116157732,3.5263554032964,1.78364874336886,1.63296570813806
Normal_0to12h,0.0622638584416644,0.068317235450246,0.0617583960329999,0.0613018202765671,2.87326210284578,3.45281363269994,2.82047409706622,2.81926580199379,1.20478825335408,1.17385122590711,1.21997468584404,1.20586773765354,1.6947475805053,3.82993717203624,1.65858367508494,1.52634346168508
Leak_12to24h,0.0668715219776896,0.0767986385508566,0.0671679961829668,0.0666895717973548,2.80626080684336,3.73475552051573,2.87453273088089,2.8515420539888,1.21643700722874,1.17608302334427,1.2085465119818,1.20768546601242,2.31943388598507,4.92504853291534,2.44146319486169,2.20254195359798
