Period,P_RMSE_Standard,P_RMSE_Chen,P_RMSE_EKF_LE,P_RMSE_AFEKF,M_RMSE_Standard,M_RMSE_Chen,M_RMSE_EKF_LE,M_RMSE_AFEKF,Pipe1_Standard,Pipe1_Chen,Pipe1_EKF_LE,Pipe1_AFEKF,Pipe5_Standard,Pipe5_Chen,Pipe5_EKF_LE,Pipe5_AFEKF
Full_Period,0.0579925425876311,0.063243285960764,0.0568301514669176,0.0580704855269389,2.43997351242115,3.02582387473256,2.47174014947495,2.4426718662322,1.29094197723565,1.27688587346096,1.30477808994615,1.30019406857061,1.67643164653068,3.50097469120448,1.79680913574989,1.499419511544
Normal_0to12h,0.0573725444676175,0.0623904908665842,0.0556267364901393,0.0577612091386381,2.27858912553642,2.99606438249478,2.2607703556093,2.24065658212677,0.962222873896537,0.941632008508017,0.953686113257374,0.989387435771039,1.71797740068348,3.84815572728262,1.59360631804387,1.44164782022988
Leak_12to24h,0.0610938771611313,0.070628071247424,0.0605106000206817,0.0595838113005847,2.60749426438869,3.62156032775396,2.65711108947118,2.58245316388754,1.07860149301913,1.04510014178711,1.06120036339613,1.05757429992764,2.30965433495045,4.89577201501353,2.48740246258845,2.0588499793793
