Period,P_RMSE_Standard,P_RMSE_Chen,P_RMSE_EKF_LE,P_RMSE_AFEKF,M_RMSE_Standard,M_RMSE_Chen,M_RMSE_EKF_LE,M_RMSE_AFEKF,Pipe1_Standard,Pipe1_Chen,Pipe1_EKF_LE,Pipe1_AFEKF,Pipe5_Standard,Pipe5_Chen,Pipe5_EKF_LE,Pipe5_AFEKF
Full_Period,0.0565260151232991,0.0624154642299945,0.0602137553647444,0.0577272314034079,2.76219786541879,3.29237496869307,2.80519010220442,2.77386629002744,1.16580730315849,1.1578581370985,1.25169121085548,1.16748469469712,1.65483437830047,3.5623937496727,1.76522701369857,1.62126151272595
Normal_0to12h,0.0570026988028189,0.0629175042054788,0.0570467463762303,0.0563330070556529,2.69143226615472,3.33104707010342,2.62166239708833,2.61424438930781,1.26891131556182,1.27597205204496,1.35126793028677,1.31486087486072,1.73884718309112,3.90819319226148,1.5521170197466,1.46717357033422
Leak_12to24h,0.0598594799053192,0.0704633049722341,0.0655909194892641,0.0611624470186998,2.94579209614799,3.87425962157651,3.06259578971477,2.99767884970744,1.11378072071958,1.09732894035378,1.18186797322092,1.0449216958965,2.24935332884722,4.96904322934161,2.37952878632615,2.11049664728305
