Period,P_RMSE_Standard,P_RMSE_Chen,P_RMSE_EKF_LE,P_RMSE_AFEKF,M_RMSE_Standard,M_RMSE_Chen,M_RMSE_EKF_LE,M_RMSE_AFEKF,Pipe1_Standard,Pipe1_Chen,Pipe1_EKF_LE,Pipe1_AFEKF,Pipe5_Standard,Pipe5_Chen,Pipe5_EKF_LE,Pipe5_AFEKF
Full_Period,0.0565931378496909,0.0622195132528344,0.0552503274236495,0.0570028044602859,2.66216593326616,3.19103723140166,2.68141030611108,2.65040434881444,1.37221324128446,1.35999814658236,1.35957019096836,1.35169361250045,1.75418971422317,3.49349206774269,1.60086318538105,1.24866820692154
Normal_0to12h,0.0561532306274984,0.0622867413891139,0.0531410246956098,0.0568220190506319,2.41809890391088,3.09102538121807,2.4066475295193,2.41696064272186,1.25708549829856,1.23951551674394,1.24365426428329,1.22982923717547,1.7023988148472,3.76028351012415,1.44165355425854,1.20232215326895
Leak_12to24h,0.0595425835571576,0.0697435174705438,0.0590723214681358,0.0586163892387189,2.97673443002646,3.86877840697,3.0003269325537,2.91911823981122,1.38435973024022,1.36041229309349,1.36684010576823,1.36482687151437,2.42419793694688,4.88685631818941,2.17379279955725,1.58598200237147
