Period,P_RMSE_Standard,P_RMSE_Chen,P_RMSE_EKF_LE,P_RMSE_AFEKF,M_RMSE_Standard,M_RMSE_Chen,M_RMSE_EKF_LE,M_RMSE_AFEKF,Pipe1_Standard,Pipe1_Chen,Pipe1_EKF_LE,Pipe1_AFEKF,Pipe5_Standard,Pipe5_Chen,Pipe5_EKF_LE,Pipe5_AFEKF
Full_Period,0.0547054550615206,0.061113004684932,0.0546798572941124,0.0543963248559029,2.45643754493067,3.04774792161423,2.49190345621404,2.45559901498608,1.14593584180899,1.13472599570388,1.15424937957087,1.1435050239615,1.63420982553684,3.5923396494979,1.60796803870981,1.35295928889821
Normal_0to12h,0.0551177623769347,0.0617543599095122,0.0543267946365433,0.0541707843517915,2.28680765545196,3.02036475579545,2.27313708522105,2.25219608589257,1.01106031767108,1.00956966492155,1.03624138771999,1.00897434097007,1.65505972701571,3.91264467321728,1.38642438493818,1.17713379567331
Leak_12to24h,0.0586781127000092,0.0700507383396361,0.0589734730822549,0.058453811650039,2.61627510439237,3.642145254656,2.67308273254167,2.59686300522902,1.04493011751996,1.02054311490714,1.03484460117183,1.03251660628508,2.22020980245311,5.01174388106553,2.16293931689962,1.7466308515898
