Period,P_RMSE_Standard,P_RMSE_Chen,P_RMSE_EKF_LE,P_RMSE_AFEKF,M_RMSE_Standard,M_RMSE_Chen,M_RMSE_EKF_LE,M_RMSE_AFEKF,Pipe1_Standard,Pipe1_Chen,Pipe1_EKF_LE,Pipe1_AFEKF,Pipe5_Standard,Pipe5_Chen,Pipe5_EKF_LE,Pipe5_AFEKF
Full_Period,0.0590466669284634,0.0648535363836633,0.0590966687745838,0.0593287908208434,2.35998350721414,2.95798839808259,2.39941157404971,2.38155824756594,1.07664154423166,1.06195659124952,1.08746520568456,1.11861073481278,1.6135331901807,3.52817228971007,1.74002074499176,1.49183837823997
Normal_0to12h,0.0605793990737666,0.0667366696725469,0.060174722039161,0.0608909914133438,2.63523360691252,3.27860064545369,2.61803546908814,2.60889273085442,1.07513115967251,1.04781332754206,1.0924665984583,1.16442245028038,1.53722530878344,3.8116163660325,1.40823692788338,1.22580429233417
Leak_12to24h,0.0613719785137688,0.0720133676756141,0.0612428495009685,0.0605326757125152,2.80861112083169,3.76319184947225,2.87917503290258,2.84155176074714,1.08686675186036,1.05803643540135,1.07209011055763,1.07516610618147,2.22391111839648,4.93610782907563,2.40344058105736,2.04464849144336
