Period,P_RMSE_Standard,P_RMSE_Chen,P_RMSE_EKF_LE,P_RMSE_AFEKF,M_RMSE_Standard,M_RMSE_Chen,M_RMSE_EKF_LE,M_RMSE_AFEKF,Pipe1_Standard,Pipe1_Chen,Pipe1_EKF_LE,Pipe1_AFEKF,Pipe5_Standard,Pipe5_Chen,Pipe5_EKF_LE,Pipe5_AFEKF
Full_Period,0.0573281305066638,0.0635745908101912,0.0569871944596232,0.0570795913768754,2.5286896807506,3.09561087565902,2.55305170131635,2.5449482261607,1.24083392204886,1.21765444174517,1.23243108732114,1.23145591161068,1.68788460638992,3.53614846790565,1.69805910991021,1.53421202903352
Normal_0to12h,0.056092807130404,0.0627646941619368,0.0545603372353757,0.0555433874586803,2.31867766472862,3.03158753617505,2.29762926562776,2.28261974461072,1.10953240189703,1.08060728064009,1.09849576787608,1.09424699635408,1.73434655423546,3.88301506478725,1.66195136383616,1.52323386186266
Leak_12to24h,0.0623154866200967,0.0733013745501916,0.0625537810009928,0.0613318743973842,2.70434986373858,3.68827359284644,2.75296150669927,2.73189639945764,1.32076553049298,1.27752436595886,1.31185672265322,1.31111230251231,2.30941420561133,4.93758476081824,2.33007744646782,2.09341022463846
