Period,P_RMSE_Standard,P_RMSE_Chen,P_RMSE_EKF_LE,P_RMSE_AFEKF,M_RMSE_Standard,M_RMSE_Chen,M_RMSE_EKF_LE,M_RMSE_AFEKF,Pipe1_Standard,Pipe1_Chen,Pipe1_EKF_LE,Pipe1_AFEKF,Pipe5_Standard,Pipe5_Chen,Pipe5_EKF_LE,Pipe5_AFEKF
Full_Period,0.0598485693407461,0.0652229432610263,0.0588205866628001,0.0595465858330765,2.42368483390275,3.00311730159604,2.44524563607391,2.43923585658379,1.16017245801375,1.14688948608501,1.15818709751996,1.17220219967174,1.64980548899207,3.4802667952452,1.66218336454867,1.57661266020906
Normal_0to12h,0.0622285835588551,0.0673269568077647,0.060103373809229,0.0619887093423609,2.44877333212418,3.13773035430583,2.4592166481028,2.48076203092029,1.21996123167364,1.2056597708333,1.20964518845492,1.22854121255152,1.59613982971587,3.83249609510635,1.59457152689635,1.5285242077081
Leak_12to24h,0.0626118805490059,0.0724317185674513,0.0624055579444922,0.0615300140697213,2.46711437228681,3.50564698433204,2.49052569059809,2.43539548463847,1.15283666515064,1.12636517178334,1.15105471948016,1.1514088086699,2.27166349727699,4.86662263957554,2.22838949223946,2.01486836945511
