Period,P_RMSE_Standard,P_RMSE_Chen,P_RMSE_EKF_LE,P_RMSE_AFEKF,M_RMSE_Standard,M_RMSE_Chen,M_RMSE_EKF_LE,M_RMSE_AFEKF,Pipe1_Standard,Pipe1_Chen,Pipe1_EKF_LE,Pipe1_AFEKF,Pipe5_Standard,Pipe5_Chen,Pipe5_EKF_LE,Pipe5_AFEKF
Full_Period,0.0577779804234161,0.0640907376391166,0.0579251401012848,0.0594679439184393,2.70152365562163,3.23162266193373,2.76916732852532,2.79953332207732,1.25109405197513,1.22993459645495,1.24184722994459,1.24045251875667,1.69501747348372,3.52025659752134,1.99441155133703,2.05794632721733
Normal_0to12h,0.0604249314889148,0.0672089830025251,0.0601348705102839,0.0626662615834507,2.36912480071304,3.05980701875266,2.36371084062886,2.4423150231076,1.24262108995304,1.20422023416197,1.25270237743203,1.24169058629705,1.73061759546078,3.83124900789088,1.58876357014926,1.88658780047255
Leak_12to24h,0.062109611066186,0.0733166201818957,0.0618524505907607,0.0636758829532899,3.04874235223417,3.93688944989355,3.16017102755344,3.20652142459778,1.43056232504494,1.393922422205,1.41021960233618,1.40061504004843,2.33723617179674,4.92343177302547,2.77256641259965,2.86046061299137
