Period,P_RMSE_Standard,P_RMSE_Chen,P_RMSE_EKF_LE,P_RMSE_AFEKF,M_RMSE_Standard,M_RMSE_Chen,M_RMSE_EKF_LE,M_RMSE_AFEKF,Pipe1_Standard,Pipe1_Chen,Pipe1_EKF_LE,Pipe1_AFEKF,Pipe5_Standard,Pipe5_Chen,Pipe5_EKF_LE,Pipe5_AFEKF
Full_Period,0.0595092121874012,0.0649737025063484,0.0611165042707749,0.0599431461328572,2.32204512739894,2.8999458648629,2.37567145609912,2.32573628165378,1.02104634794408,1.00110131131336,1.05556353594912,1.04687786918163,1.79200328814506,3.45264616233697,1.84055562599495,1.52756790048836
Normal_0to12h,0.0622729500854609,0.0674930365298006,0.0645032910762304,0.0625376755784916,2.23636209756662,2.9379814875854,2.20283769882397,2.1477751874007,0.982026255357027,0.970272629091514,1.05748881805243,1.03835572618179,1.77300265164461,3.75736669552931,1.31587434950461,1.01734077452991
Leak_12to24h,0.0603273448067329,0.0705788451235201,0.0601456491186745,0.0594426758152969,2.48287062649157,3.48104474916893,2.56583934278344,2.48939824133615,1.1404194888128,1.10501622655488,1.12792155577451,1.13058189168797,2.47126709308045,4.82572295873026,2.54155728043471,2.07990625626504
