Period,P_RMSE_Standard,P_RMSE_Chen,P_RMSE_EKF_LE,P_RMSE_AFEKF,M_RMSE_Standard,M_RMSE_Chen,M_RMSE_EKF_LE,M_RMSE_AFEKF,Pipe1_Standard,Pipe1_Chen,Pipe1_EKF_LE,Pipe1_AFEKF,Pipe5_Standard,Pipe5_Chen,Pipe5_EKF_LE,Pipe5_AFEKF
Full_Period,0.0592555207426131,0.0644976479580226,0.0589723956804069,0.0583046779147797,2.42828972646757,2.98645808167406,2.46807469801803,2.4477796259193,1.24401157861977,1.22638534011475,1.22482249985098,1.22979998467893,1.7439005369636,3.426258360429,1.78988479004836,1.60173630699236
Normal_0to12h,0.0580612231187817,0.0639864725606978,0.0575611755955247,0.0567527430188148,2.27484914072116,2.9733641696964,2.23667905826049,2.22045882597915,1.26720190610181,1.25572560988137,1.24583347978277,1.25964198663356,1.71325162158817,3.7526802191164,1.45923378909735,1.27964621446318
Leak_12to24h,0.0601563255545632,0.0699898959315212,0.0598411839930776,0.0590542881667013,2.34796030450323,3.38746769853401,2.4382778502993,2.38530469388165,1.22080197673332,1.18513092763828,1.20418658296486,1.20161862211528,2.39418506155806,4.78435019931503,2.4647499329921,2.1922522548194
