Period,P_RMSE_Standard,P_RMSE_Chen,P_RMSE_EKF_LE,P_RMSE_AFEKF,M_RMSE_Standard,M_RMSE_Chen,M_RMSE_EKF_LE,M_RMSE_AFEKF,Pipe1_Standard,Pipe1_Chen,Pipe1_EKF_LE,Pipe1_AFEKF,Pipe5_Standard,Pipe5_Chen,Pipe5_EKF_LE,Pipe5_AFEKF
Full_Period,0.0592334564677732,0.065094311127407,0.0577108017437706,0.0572889793510515,2.50733378310313,3.06578304273556,2.48234184583443,2.48497055076053,1.15950089216161,1.1277267968221,1.11901591197392,1.13948854818387,1.72897086227998,3.51497288749405,1.38610143073608,1.133284147123
Normal_0to12h,0.0625377111392851,0.0685591009437891,0.0602934767177469,0.0597652009177182,2.81766821574061,3.42647044692388,2.73124566656209,2.74723338795036,1.42449876853551,1.39196465637329,1.36382888681806,1.39824216542342,1.77520712798331,3.88216184659413,1.33009900528518,1.03572311396176
Leak_12to24h,0.0623453225984007,0.0729687955695652,0.0614337589141401,0.0590956761665241,2.60309944677316,3.59382730341349,2.61876740017397,2.57993257886607,1.22924808813629,1.16952197730486,1.15930553615068,1.19744011193537,2.37725086774119,4.91184354337455,1.88881267962401,1.51326757601372
