Period,P_RMSE_Standard,P_RMSE_Chen,P_RMSE_EKF_LE,P_RMSE_AFEKF,M_RMSE_Standard,M_RMSE_Chen,M_RMSE_EKF_LE,M_RMSE_AFEKF,Pipe1_Standard,Pipe1_Chen,Pipe1_EKF_LE,Pipe1_AFEKF,Pipe5_Standard,Pipe5_Chen,Pipe5_EKF_LE,Pipe5_AFEKF
Full_Period,0.0590535025264768,0.0648859761469247,0.0572908115041789,0.0580105560756771,2.83429779295624,3.34724105620869,2.87125827659653,2.88356302308992,1.40698465229311,1.3851218852561,1.42288795334917,1.41389755498607,1.71549229085303,3.52736861543002,1.84855881991104,1.65591169625665
Normal_0to12h,0.0602144169891302,0.0661023171481627,0.0562986598611104,0.057805165016169,2.8536447015907,3.45145114237216,2.79463521214557,2.83322543969371,1.53972410664737,1.50140610904089,1.57867904410036,1.56152653988862,1.75222551437129,3.82688676010286,1.43836269516932,1.34316023859455
Leak_12to24h,0.0635172072700866,0.0738951231675375,0.063169111085741,0.0626264663703691,2.73157110833845,3.70355579399029,2.84106594687995,2.81163918462426,1.32947223945463,1.28340981001733,1.31007440429479,1.3110854137806,2.36171298943849,4.93115981257098,2.55207799700256,2.28294559927839
