Period,P_RMSE_Standard,P_RMSE_Chen,P_RMSE_EKF_LE,P_RMSE_AFEKF,M_RMSE_Standard,M_RMSE_Chen,M_RMSE_EKF_LE,M_RMSE_AFEKF,Pipe1_Standard,Pipe1_Chen,Pipe1_EKF_LE,Pipe1_AFEKF,Pipe5_Standard,Pipe5_Chen,Pipe5_EKF_LE,Pipe5_AFEKF
Full_Period,0.0585568455481561,0.0645149576666016,0.0576288546189201,0.0579662688581266,2.72987924878846,3.2524174997307,2.74367827987812,2.72730621897768,1.19070336765553,1.17935728884176,1.17094291969755,1.17154617047331,1.69365411423137,3.48277503875557,1.76132296741847,1.62870026385298
Normal_0to12h,0.0598352535143704,0.0662846687558008,0.0578550216387145,0.0585604731519139,2.80945744550862,3.41187989596441,2.78828044133958,2.82006655154912,1.16745217596308,1.14754737810935,1.11808888696853,1.11737030679728,1.64058121713702,3.78962948154462,1.60914353856195,1.5836752447969
Leak_12to24h,0.0620592020168389,0.0727867529837644,0.0612195383365566,0.0603951264093525,2.62576989943492,3.61402164847108,2.674480512437,2.60668089478401,1.23387784885357,1.21222367458378,1.23451633401706,1.22602815751029,2.33789857251907,4.8718195171325,2.43509608272622,2.23764220391472
