Period,P_RMSE_Standard,P_RMSE_Chen,P_RMSE_EKF_LE,P_RMSE_AFEKF,M_RMSE_Standard,M_RMSE_Chen,M_RMSE_EKF_LE,M_RMSE_AFEKF,Pipe1_Standard,Pipe1_Chen,Pipe1_EKF_LE,Pipe1_AFEKF,Pipe5_Standard,Pipe5_Chen,Pipe5_EKF_LE,Pipe5_AFEKF
Full_Period,0.0575928209438286,0.0641316258846128,0.0575400365004168,0.0584864279819523,2.44856965270055,3.02131711653623,2.48740411333067,2.51236023118927,1.02367834010059,0.993618659661411,1.05527540423458,1.02234834514488,1.70335146190148,3.51910448615361,1.83968198797824,1.85795941274196
Normal_0to12h,0.0565632843595641,0.0637193262902093,0.0556839946526611,0.0566825715124323,2.32918080548024,3.04464153360332,2.29465277461549,2.32733227918039,1.11685808179784,1.08773717550814,1.18772883776636,1.12221445139815,1.70369845811339,3.91246300304188,1.51768004415868,1.63633528391913
Leak_12to24h,0.0646930907355253,0.0758644015545457,0.0647042836184693,0.0656798877389333,2.75457420510556,3.71048306138024,2.83194965081348,2.87081841436612,0.94049920776433,0.874639682987891,0.919772646809129,0.917693080254181,2.36075452094385,4.92735187401364,2.55765976027688,2.58409619263161
