Period,P_RMSE_Standard,P_RMSE_Chen,P_RMSE_EKF_LE,P_RMSE_AFEKF,M_RMSE_Standard,M_RMSE_Chen,M_RMSE_EKF_LE,M_RMSE_AFEKF,Pipe1_Standard,Pipe1_Chen,Pipe1_EKF_LE,Pipe1_AFEKF,Pipe5_Standard,Pipe5_Chen,Pipe5_EKF_LE,Pipe5_AFEKF
Full_Period,0.0588342102820259,0.0643904339402604,0.0575978650372872,0.0587710300888102,2.69994489471342,3.22747191559015,2.76292353139029,2.73174306227397,1.3102591231387,1.2828854175442,1.29090957510178,1.30112416626935,1.72559438098583,3.50817548237904,2.02895936951903,1.78132273139445
Normal_0to12h,0.0606751889758677,0.0665470612535962,0.0581875731976226,0.0594951611705694,2.55472927171742,3.21300272825596,2.56773430028123,2.5435562210076,1.43485693552159,1.38990791075429,1.36378749666172,1.43157658519079,1.67251832713931,3.81590580792304,1.70685601001943,1.62090616634742
Leak_12to24h,0.06244087236685,0.0724538772314037,0.0632325563513576,0.0628150584156451,2.95107667391522,3.85707944924608,3.06118885501111,2.99927482478928,1.31486489585238,1.26053268261542,1.30361057911838,1.29570379927076,2.38651073681747,4.90908793941037,2.81407009887944,2.45004412364672
