Period,P_RMSE_Standard,P_RMSE_Chen,P_RMSE_EKF_LE,P_RMSE_AFEKF,M_RMSE_Standard,M_RMSE_Chen,M_RMSE_EKF_LE,M_RMSE_AFEKF,Pipe1_Standard,Pipe1_Chen,Pipe1_EKF_LE,Pipe1_AFEKF,Pipe5_Standard,Pipe5_Chen,Pipe5_EKF_LE,Pipe5_AFEKF
Full_Period,0.0608878872182489,0.0665809306725169,0.0614485311668359,0.0609859690905983,2.39687979748155,2.96571372150897,2.43992561540026,2.40912854000306,1.17926288524948,1.1560476355986,1.2201711521476,1.20431396572768,1.78172618142962,3.46995953620331,2.00141459918856,1.72652110627787
Normal_0to12h,0.0632817010385707,0.0692479266078512,0.0630892982346624,0.0626697469585639,2.67489483175089,3.28320036231367,2.61897659800442,2.61893596774843,1.33793889127846,1.31087670229849,1.41009145375986,1.38002205119596,1.7519191282879,3.7353351627675,1.64190057287475,1.50625964428068
Leak_12to24h,0.0660146847629477,0.0760889756614989,0.0667668816626376,0.0656760553659875,2.5394153824727,3.53072439385958,2.66892429150537,2.5958071930097,1.13433434836865,1.08619582418173,1.12816762463664,1.12462223046914,2.46382316772553,4.85383637436493,2.78104618425073,2.38517929046775
