Period,P_RMSE_Standard,P_RMSE_Chen,P_RMSE_EKF_LE,P_RMSE_AFEKF,M_RMSE_Standard,M_RMSE_Chen,M_RMSE_EKF_LE,M_RMSE_AFEKF,Pipe1_Standard,Pipe1_Chen,Pipe1_EKF_LE,Pipe1_AFEKF,Pipe5_Standard,Pipe5_Chen,Pipe5_EKF_LE,Pipe5_AFEKF
Full_Period,0.0563387225169326,0.0616104754841771,0.0562036694763697,0.0558217241239113,2.59932869404186,3.15361104449718,2.5445091105857,2.54161258352338,1.16052088718177,1.1574659358029,1.2229331675431,1.18407062348643,1.69185859742616,3.49833890595551,1.34984400550359,1.13986274379358
Normal_0to12h,0.0568695870879559,0.0627151892687654,0.0553807502785237,0.0555614790233625,2.76336578800421,3.38831005808655,2.59657419338677,2.61518697204759,1.07058133368398,1.0768714061484,1.19302293196366,1.13211613257046,1.6742115219571,3.78648019791619,1.15460445201038,0.866283112349539
Leak_12to24h,0.0572360722311403,0.0671018800686352,0.0577419795650238,0.0565554162588237,2.65742189442859,3.65406176942255,2.69284353291018,2.65456161833342,1.02308750175669,1.01627559729885,1.02877816551256,1.01492267147801,2.33199968951664,4.89217792629958,1.84110739938788,1.53394223602685
