Period,P_RMSE_Standard,P_RMSE_Chen,P_RMSE_EKF_LE,P_RMSE_AFEKF,M_RMSE_Standard,M_RMSE_Chen,M_RMSE_EKF_LE,M_RMSE_AFEKF,Pipe1_Standard,Pipe1_Chen,Pipe1_EKF_LE,Pipe1_AFEKF,Pipe5_Standard,Pipe5_Chen,Pipe5_EKF_LE,Pipe5_AFEKF
Full_Period,0.0584019281756278,0.0640969821419616,0.0575943720857558,0.0568184847547431,2.34444752498652,2.92456349548932,2.36752827270554,2.29989496321563,1.23539217994858,1.20661294818269,1.23806928123242,1.22784957777922,1.76217198986926,3.50873669636304,1.99705216553225,1.75389828171626
Normal_0to12h,0.0590365951631052,0.0654269417390334,0.0571225498754711,0.0568250119002665,2.41931454599405,3.08447022857916,2.39141652607364,2.36914075824644,1.29432274843739,1.24775691414888,1.31283465916182,1.2849664834226,1.77834196811943,3.81807969264934,1.73764585941685,1.62481599771174
Leak_12to24h,0.0625695660478682,0.07274103025219,0.0623704797234852,0.0604070251105993,2.397663759152,3.43197431961306,2.45729178331839,2.32243059790427,1.15379483277873,1.09209469268889,1.1367948052807,1.1411588746856,2.41556283568003,4.89844965582565,2.75288576780314,2.39822033680982
