Period,P_RMSE_Standard,P_RMSE_Chen,P_RMSE_EKF_LE,P_RMSE_AFEKF,M_RMSE_Standard,M_RMSE_Chen,M_RMSE_EKF_LE,M_RMSE_AFEKF,Pipe1_Standard,Pipe1_Chen,Pipe1_EKF_LE,Pipe1_AFEKF,Pipe5_Standard,Pipe5_Chen,Pipe5_EKF_LE,Pipe5_AFEKF
Full_Period,0.0528897975355459,0.058823830130814,0.0528367532875376,0.0531902845223598,2.42255994933091,3.00158636880793,2.44741366214471,2.45479223058325,1.09681736872242,1.08038021042557,1.10349218235612,1.09237271903982,1.69895422921645,3.51243791039842,1.58541646283617,1.52412323500526
Normal_0to12h,0.0535346710232531,0.0599860245637089,0.0526668873020818,0.0533930206128611,2.08646197606301,2.84117068364019,2.05852563562016,2.07646938139401,1.22867360377847,1.2017530022459,1.23878605828419,1.21485199167352,1.70286627240828,3.78842201444096,1.36763152793879,1.27943813465679
Leak_12to24h,0.0575340455698407,0.0679552745646315,0.0571395908988151,0.0566055610140813,2.69441780513234,3.66816194757554,2.73565528372913,2.73671290116087,0.997204094636701,0.961185857028808,0.970661296299132,0.95893525966496,2.34129188923061,4.91165853712534,2.15624674701285,2.0144541106769
