Period,P_RMSE_Standard,P_RMSE_Chen,P_RMSE_EKF_LE,P_RMSE_AFEKF,M_RMSE_Standard,M_RMSE_Chen,M_RMSE_EKF_LE,M_RMSE_AFEKF,Pipe1_Standard,Pipe1_Chen,Pipe1_EKF_LE,Pipe1_AFEKF,Pipe5_Standard,Pipe5_Chen,Pipe5_EKF_LE,Pipe5_AFEKF
Full_Period,0.0581618577984946,0.0641196096497943,0.0574650427539409,0.0580744108982358,2.37944234304206,2.97198290121245,2.45338765104066,2.42704781320037,1.23317157658558,1.21920667415699,1.23778070199652,1.24120447947548,1.68387219435893,3.53862457649854,1.65904504802249,1.40954313636323
Normal_0to12h,0.0621429845209782,0.0676364976998167,0.0599877489040917,0.0608459267375351,2.3438885013549,3.04902288377352,2.37717386403986,2.34369722510068,1.31903387997578,1.30882710770892,1.32268167450579,1.32890773051608,1.75784391837512,3.88321290974295,1.33700972084529,1.2033880133462
Leak_12to24h,0.0615288731222052,0.072270242508047,0.0611601385154575,0.0611330465246667,2.86651765400597,3.80421138170688,2.93239169146867,2.90109198886019,1.35421242303637,1.32908144927791,1.34823175402715,1.35279228334164,2.31457911367881,4.94619580558179,2.27763177955502,1.91491955869565
