Period,P_RMSE_Standard,P_RMSE_Chen,P_RMSE_EKF_LE,P_RMSE_AFEKF,M_RMSE_Standard,M_RMSE_Chen,M_RMSE_EKF_LE,M_RMSE_AFEKF,Pipe1_Standard,Pipe1_Chen,Pipe1_EKF_LE,Pipe1_AFEKF,Pipe5_Standard,Pipe5_Chen,Pipe5_EKF_LE,Pipe5_AFEKF
Full_Period,0.0555509966733655,0.0607600385381574,0.055795660103443,0.0552952058471102,2.3904077432692,2.95656399773262,2.4556105286038,2.41404452970582,1.00490122239701,0.977363464626426,1.00320566298816,0.996236480479645,1.77643574480969,3.44956869252572,1.99368181783009,1.76400548100431
Normal_0to12h,0.0562140599517334,0.0618421235012116,0.0555367376626978,0.054540677306326,2.24886098336873,2.93506526151077,2.233189743012,2.20831031297898,1.06474879288553,1.01261605883643,1.06110272293125,1.04112470758851,1.84922621652063,3.7155666518976,1.70740428231735,1.5544316365885
Leak_12to24h,0.0568902123769587,0.0665714091555448,0.0570312475187148,0.0563092077356198,2.54323978234209,3.52699589011518,2.6558762414067,2.57792864586167,1.11178364251099,1.06227648041967,1.10018711839002,1.09961596348544,2.45729828254058,4.82560202570911,2.77283549992127,2.44639301166108
