Case,Pipe1_Standard,Pipe1_Chen,Pipe1_EKF_LE,Pipe1_AFEKF,Pipe2_Standard,Pipe2_Chen,Pipe2_EKF_LE,Pipe2_AFEKF,Pipe3_Standard,Pipe3_Chen,Pipe3_EKF_LE,Pipe3_AFEKF,Pipe4_Standard,Pipe4_Chen,Pipe4_EKF_LE,Pipe4_AFEKF,Pipe5_Standard,Pipe5_Chen,Pipe5_EKF_LE,Pipe5_AFEKF,Pipe7_Standard,Pipe7_Chen,Pipe7_EKF_LE,Pipe7_AFEKF,Pipe8_Standard,Pipe8_Chen,Pipe8_EKF_LE,Pipe8_AFEKF,Pipe10_Standard,Pipe10_Chen,Pipe10_EKF_LE,Pipe10_AFEKF,Flow_Standard,Flow_Chen,Flow_EKF_LE,Flow_AFEKF
Case1_Clean,1.57731883532773,1.57755675717845,1.57732324313151,1.57557744914634,1.6348302833648,1.63442055191782,1.63506070392509,1.63247770932045,1.80305920627276,1.80309772441688,1.80314585993701,1.80075618015018,0.906467358276266,0.906427665325377,0.906487840273474,0.903483851424102,0.769707267315297,0.771047963786093,0.770388309018862,0.765832154135097,0.744811624977775,0.746497419479292,0.745854938886845,0.742905561774979,0.88506304032364,0.884510046656945,0.886868521976996,0.878515125109032,1.12756919355255,1.12854755666267,1.12779342970122,1.12128850634524,2.6868721142693,2.6812516704222,2.68637800032052,2.68415945249454
Case2_20dB,485.605160095833,39.8902713296328,1.2406967669966,1.22514882880187,72.8288065526737,12.4900404189946,1.22565156054143,1.2229602166143,83.8356377013026,29.9647980947733,1.3434029370507,1.33618960333548,7.18622169558434,4.56746377328642,0.926645714889974,0.9229155290958,15.2627250647917,2.53396195395827,0.751511739236483,0.745055420731588,56.7545956670105,13.2217084090287,0.773940303545369,0.757633405539272,8.31451244884264,1.45824345224079,0.886004573587548,0.881707518652149,37.5281396106011,8.460440044571,1.0220071360943,1.01579474680011,123.413281376264,18.2462028772702,2.36024843772333,2.3540713888496
