Case,Pipe1_Standard,Pipe1_Chen,Pipe1_EKF_LE,Pipe1_AFEKF,Pipe2_Standard,Pipe2_Chen,Pipe2_EKF_LE,Pipe2_AFEKF,Pipe3_Standard,Pipe3_Chen,Pipe3_EKF_LE,Pipe3_AFEKF,Pipe4_Standard,Pipe4_Chen,Pipe4_EKF_LE,Pipe4_AFEKF,Pipe5_Standard,Pipe5_Chen,Pipe5_EKF_LE,Pipe5_AFEKF,Pipe7_Standard,Pipe7_Chen,Pipe7_EKF_LE,Pipe7_AFEKF,Pipe8_Standard,Pipe8_Chen,Pipe8_EKF_LE,Pipe8_AFEKF,Pipe10_Standard,Pipe10_Chen,Pipe10_EKF_LE,Pipe10_AFEKF,Flow_Standard,Flow_Chen,Flow_EKF_LE,Flow_AFEKF
Case1_Clean,1.57610686468614,1.57393784636627,1.57713132261805,1.58218239128107,1.52482836457687,1.52463329022341,1.5254748715792,1.52962351897214,1.75209529767007,1.75244894068692,1.7511423498427,1.75637965066772,0.937940752155123,0.937943648153637,0.937867876989394,0.940014285932714,0.88518413510538,0.886024284418008,0.881886130903774,0.886547319458951,0.826386953617736,0.849823184744827,0.8303717866835,0.83346723989859,0.697202795657473,0.687877292759948,0.697240694506195,0.700402004606749,1.09422337550787,1.09010224092342,1.09260823998275,1.09656756307476,2.52605503880484,2.52046984295178,2.52415313340104,2.52659736590128
Case2_20dB,547.318841358305,93.7078451808789,1.53035603457929,1.54342898449972,55.1059719329015,28.8813127628447,1.44145925131278,1.43187091038854,67.8423710891266,9.44905284805447,1.72191332071916,1.70808778093025,12.3245461772666,6.87885971430188,0.931876302754516,0.928352500291931,1.5923851890065,4.16479960812686,0.922696730145383,0.905585198779169,19.7669646668975,6.1158355966925,0.811384925011713,0.800474048266675,23.4951740562767,4.59371466859619,0.713160979243838,0.704201141644663,18.9950283768166,6.57151863947627,1.10070169163507,1.09105831315365,134.314845532329,31.4531439445758,2.38027331866185,2.37508982565262
