Case,Pipe1_Standard,Pipe1_Chen,Pipe1_EKF_LE,Pipe1_AFEKF,Pipe2_Standard,Pipe2_Chen,Pipe2_EKF_LE,Pipe2_AFEKF,Pipe3_Standard,Pipe3_Chen,Pipe3_EKF_LE,Pipe3_AFEKF,Pipe4_Standard,Pipe4_Chen,Pipe4_EKF_LE,Pipe4_AFEKF,Pipe5_Standard,Pipe5_Chen,Pipe5_EKF_LE,Pipe5_AFEKF,Pipe7_Standard,Pipe7_Chen,Pipe7_EKF_LE,Pipe7_AFEKF,Pipe8_Standard,Pipe8_Chen,Pipe8_EKF_LE,Pipe8_AFEKF,Pipe10_Standard,Pipe10_Chen,Pipe10_EKF_LE,Pipe10_AFEKF,Flow_Standard,Flow_Chen,Flow_EKF_LE,Flow_AFEKF
Case1_Clean,1.46291296342259,1.46304082135006,1.46288909954938,1.45043309496614,1.56564915572545,1.56571154233343,1.56558764353313,1.55661821116063,1.77008984213908,1.77014254513697,1.76997646698332,1.76048586701844,0.902853541158946,0.902863009460782,0.902854780843551,0.902200268599857,0.886288931607103,0.886068593530133,0.886290055820275,0.884572789696971,0.795554155040566,0.795574162386475,0.795599869087521,0.794970377954954,0.749242595310164,0.750150912011523,0.749191718639395,0.747855925301194,1.00374267197414,1.00356141758973,1.00368398653171,1.00106665134714,2.48694054009971,2.48331912309383,2.48691599907002,2.48347661816088
Case2_20dB,523.369977030637,63.9229652630906,1.56623257745154,1.54010268360288,72.434411660714,12.221712254516,1.6233924751319,1.60645957831583,79.8946586520731,27.2561767140768,1.89244978246481,1.84639653926974,10.7681341767387,14.7444753445321,0.857626454454656,0.861849233530026,24.0676077590964,7.08522143631645,0.865181901202092,0.860450027297751,36.3682005521827,12.4366680273039,0.831281173036667,0.822699449202556,7.59812862934704,4.02715286161742,0.772629635942786,0.764531135061554,35.190717816327,11.77932590201,0.949897686969205,0.939841960471854,131.883306835017,33.37896695666,2.58451344414011,2.57684361750193
