Case,Pipe1_Standard,Pipe1_Chen,Pipe1_EKF_LE,Pipe1_AFEKF,Pipe2_Standard,Pipe2_Chen,Pipe2_EKF_LE,Pipe2_AFEKF,Pipe3_Standard,Pipe3_Chen,Pipe3_EKF_LE,Pipe3_AFEKF,Pipe4_Standard,Pipe4_Chen,Pipe4_EKF_LE,Pipe4_AFEKF,Pipe5_Standard,Pipe5_Chen,Pipe5_EKF_LE,Pipe5_AFEKF,Pipe7_Standard,Pipe7_Chen,Pipe7_EKF_LE,Pipe7_AFEKF,Pipe8_Standard,Pipe8_Chen,Pipe8_EKF_LE,Pipe8_AFEKF,Pipe10_Standard,Pipe10_Chen,Pipe10_EKF_LE,Pipe10_AFEKF,Flow_Standard,Flow_Chen,Flow_EKF_LE,Flow_AFEKF
Case1_Clean,2.23892864228495,2.23874328133006,2.23877594689493,2.22396768509035,2.11713161132554,2.11710617074654,2.11705922147397,2.10687657832503,2.32877453934425,2.32907663879187,2.32868243244959,2.31752158110301,0.94861428761697,0.94861465415043,0.948605936537109,0.945768673712195,0.74619467829103,0.746058026291466,0.746521806648429,0.742604060084849,0.767824367245476,0.767313254723402,0.767832199995483,0.763577383970338,0.881179207983368,0.873007524803327,0.8811824197327,0.876613696728384,1.13725973677739,1.13545221629263,1.13723953545509,1.13236717807827,3.03923046706256,3.0299950076287,3.03900577219061,3.03461179059157
Case2_20dB,522.160892684904,74.5768257708868,2.45317328459912,2.46480352400636,52.8525090981356,14.0226858220987,2.26287162813778,2.24659787340216,50.8283681697683,15.2436330119183,2.48618020299141,2.47098176552745,14.6776248106239,10.4533128876621,1.00637328186555,1.00272293518923,2.54546526145046,4.92199238643048,0.785024741826342,0.78059175360793,33.59853126322,12.7753733976878,0.780729725570602,0.788436500077221,5.30793118074778,4.62862383604066,0.86535562573792,0.855309308943642,28.3835568170512,4.60787693875655,1.16265728787529,1.15623756314086,126.531234932533,30.362098780596,3.16859944959029,3.1633903614863
