Case,Pipe1_Standard,Pipe1_Chen,Pipe1_EKF_LE,Pipe1_AFEKF,Pipe2_Standard,Pipe2_Chen,Pipe2_EKF_LE,Pipe2_AFEKF,Pipe3_Standard,Pipe3_Chen,Pipe3_EKF_LE,Pipe3_AFEKF,Pipe4_Standard,Pipe4_Chen,Pipe4_EKF_LE,Pipe4_AFEKF,Pipe5_Standard,Pipe5_Chen,Pipe5_EKF_LE,Pipe5_AFEKF,Pipe7_Standard,Pipe7_Chen,Pipe7_EKF_LE,Pipe7_AFEKF,Pipe8_Standard,Pipe8_Chen,Pipe8_EKF_LE,Pipe8_AFEKF,Pipe10_Standard,Pipe10_Chen,Pipe10_EKF_LE,Pipe10_AFEKF,Flow_Standard,Flow_Chen,Flow_EKF_LE,Flow_AFEKF
Case1_Clean,1.56502073779867,1.56508092592266,1.56412843157782,1.55224937504363,1.72299024165855,1.72293667324804,1.72137534977653,1.71202973320573,1.90506886877469,1.90504675883068,1.90506537513122,1.89381403438628,0.79226769064987,0.792228891557834,0.792300026027799,0.79053226656064,0.72958391331607,0.728740334173186,0.729580039410597,0.72688842118848,0.67825926955791,0.678908237067904,0.677261627010529,0.672132905755298,0.807972114211001,0.79916213129609,0.806120350780542,0.802274374837702,0.936805827103904,0.936858421206093,0.936309054726881,0.932676564210053,2.39484771988883,2.38974140300311,2.39504145405553,2.39142315338546
Case2_20dB,564.102893343671,49.9377411457622,1.59848262364844,1.57442926181926,53.1959877193872,9.78000818285735,1.7878369820358,1.77136292915376,58.6956759243446,16.7578784041883,1.95268477241606,1.93951312468938,24.7320176147403,5.03258151641435,0.83162062887523,0.828110643639122,18.107530278931,3.69092546380519,0.729297249219772,0.723175915680558,38.7909758847759,6.67860439084787,0.70209812271806,0.693217401118277,6.33421052709448,2.67012137218664,0.708226253097794,0.701522847682311,33.8410646089425,5.0486458221521,0.990554462456744,0.982245231517764,139.185317648177,22.9989832543944,2.40393773104366,2.39730644065376
