Case,Pipe1_Standard,Pipe1_Chen,Pipe1_EKF_LE,Pipe1_AFEKF,Pipe2_Standard,Pipe2_Chen,Pipe2_EKF_LE,Pipe2_AFEKF,Pipe3_Standard,Pipe3_Chen,Pipe3_EKF_LE,Pipe3_AFEKF,Pipe4_Standard,Pipe4_Chen,Pipe4_EKF_LE,Pipe4_AFEKF,Pipe5_Standard,Pipe5_Chen,Pipe5_EKF_LE,Pipe5_AFEKF,Pipe7_Standard,Pipe7_Chen,Pipe7_EKF_LE,Pipe7_AFEKF,Pipe8_Standard,Pipe8_Chen,Pipe8_EKF_LE,Pipe8_AFEKF,Pipe10_Standard,Pipe10_Chen,Pipe10_EKF_LE,Pipe10_AFEKF,Flow_Standard,Flow_Chen,Flow_EKF_LE,Flow_AFEKF
Case1_Clean,1.7085758563732,1.70789524667074,1.70836744646035,1.68917408696795,1.76321699328668,1.76348108857717,1.76340872721473,1.74511894724137,1.83918058438955,1.83872186247854,1.83901773125686,1.82066166653411,0.805932610363792,0.805964346509003,0.805936361623481,0.801884864398243,0.704137923558375,0.704928003558367,0.704117663926179,0.695269208184821,0.757322555880228,0.75444291514008,0.757796804309871,0.749857824891012,0.80924719983283,0.807744367431198,0.809209099007237,0.79821848159481,1.02164232668507,1.02322231569347,0.999368074110568,0.990390323302068,2.50163628718696,2.49517751844559,2.50112383225287,2.49368790751166
Case2_20dB,554.681190050195,102.570764265346,1.74094228749189,1.71510199626241,54.8369006125922,23.4137813367846,1.69797362371951,1.68573199154446,52.0371009151217,14.0690466589629,1.7907174997436,1.7780673518198,48.1920595555465,10.054595672368,0.813977762082518,0.809570794507236,43.6159672356446,5.69247447614468,0.728155911897691,0.717320353505507,23.1806781138172,9.63776368207109,0.767771718994889,0.76095245807894,2.63694708770256,3.76419570719042,0.790596479247313,0.781622671596459,12.598174786707,11.8812239471061,1.03264560579842,1.02339943856383,134.375568154866,31.144987346812,2.52947155207978,2.52346898567322
