Case,Pipe1_Standard,Pipe1_Chen,Pipe1_EKF_LE,Pipe1_AFEKF,Pipe2_Standard,Pipe2_Chen,Pipe2_EKF_LE,Pipe2_AFEKF,Pipe3_Standard,Pipe3_Chen,Pipe3_EKF_LE,Pipe3_AFEKF,Pipe4_Standard,Pipe4_Chen,Pipe4_EKF_LE,Pipe4_AFEKF,Pipe5_Standard,Pipe5_Chen,Pipe5_EKF_LE,Pipe5_AFEKF,Pipe7_Standard,Pipe7_Chen,Pipe7_EKF_LE,Pipe7_AFEKF,Pipe8_Standard,Pipe8_Chen,Pipe8_EKF_LE,Pipe8_AFEKF,Pipe10_Standard,Pipe10_Chen,Pipe10_EKF_LE,Pipe10_AFEKF,Flow_Standard,Flow_Chen,Flow_EKF_LE,Flow_AFEKF
Case1_Clean,1.79143211264494,1.7919542251961,1.79038442526563,1.78740357569943,1.79183026105714,1.79151524578775,1.79177574016453,1.79023653509573,2.16750369003543,2.1673022813016,2.16708492052609,2.16606083511484,0.950335861845033,0.950383704856677,0.950406040209582,0.950758466185803,0.771346527506538,0.771309587935571,0.771014899212737,0.77150133312086,0.721124278692677,0.717817380954772,0.721718562234402,0.722488843550552,0.740317586394438,0.739453435383642,0.742226206697357,0.742575784123869,1.07278246636374,1.07272570418539,1.0727327930177,1.07255811870918,2.8224427968274,2.81780439064175,2.82232894271996,2.82207571151621
Case2_20dB,547.296673026787,72.9043814152618,1.9471790507294,1.91980293232598,59.4949568912517,13.574319384917,1.94520170156375,1.92065958725191,59.2858769567744,42.3985765883374,2.29930273909453,2.27674372300645,20.48968425675,5.25118590115857,0.924049261744973,0.921001793763969,8.63772892970384,2.13404769234691,0.79226986957306,0.786390121831389,19.6066506433324,6.89809372015787,0.745048080750011,0.747839976597197,27.7390076241276,1.38217133938313,0.757752516401824,0.74858125804707,30.2607749829966,5.26148735014977,1.091759469035,1.08630250129646,133.039591934794,24.9869824873185,2.8258414256385,2.81759091146425
