Case,Pipe1_Standard,Pipe1_Chen,Pipe1_EKF_LE,Pipe1_AFEKF,Pipe2_Standard,Pipe2_Chen,Pipe2_EKF_LE,Pipe2_AFEKF,Pipe3_Standard,Pipe3_Chen,Pipe3_EKF_LE,Pipe3_AFEKF,Pipe4_Standard,Pipe4_Chen,Pipe4_EKF_LE,Pipe4_AFEKF,Pipe5_Standard,Pipe5_Chen,Pipe5_EKF_LE,Pipe5_AFEKF,Pipe7_Standard,Pipe7_Chen,Pipe7_EKF_LE,Pipe7_AFEKF,Pipe8_Standard,Pipe8_Chen,Pipe8_EKF_LE,Pipe8_AFEKF,Pipe10_Standard,Pipe10_Chen,Pipe10_EKF_LE,Pipe10_AFEKF,Flow_Standard,Flow_Chen,Flow_EKF_LE,Flow_AFEKF
Case1_Clean,1.50832656710386,1.5084441475271,1.50858544632769,1.49579595830716,1.60991427496667,1.61000743015836,1.60929047372785,1.59317724817196,1.71490914198493,1.7149242936703,1.71494713843107,1.69589172462025,0.890649416195005,0.890647064428122,0.887462105901514,0.882129355930229,0.792732078291899,0.793531561074374,0.792728566824733,0.77763079153148,0.746165130358061,0.746083194409446,0.745054246066894,0.728769018932323,0.812328907308901,0.812983051035379,0.817691822985062,0.802149366886362,1.01965248254959,1.01947571905651,1.01384058344444,1.00822075278213,2.65618654668807,2.65267676595768,2.65593352406521,2.64648340555934
Case2_20dB,483.849318460973,51.5962966058529,1.50093023135459,1.44534902273364,68.73794162817,10.2815440231032,1.63875126051174,1.61858233975551,82.6419627732114,35.5291838975781,1.72590721532385,1.7037408122513,40.8641642887149,2.34709324027418,0.854693254058577,0.84513086776179,28.5555711708777,1.03501774869967,0.805024239687236,0.7865517831444,25.6743237166103,6.12856047027204,0.761784178871664,0.739876107194708,7.6738526961552,0.892544812907398,0.851090670418746,0.826520160762855,35.1796947444236,1.50798460283464,0.977407208104486,0.963353793616756,123.327317772336,17.8173205813901,2.44598745501196,2.43234983873193
