Case,Pipe1_Standard,Pipe1_Chen,Pipe1_EKF_LE,Pipe1_AFEKF,Pipe2_Standard,Pipe2_Chen,Pipe2_EKF_LE,Pipe2_AFEKF,Pipe3_Standard,Pipe3_Chen,Pipe3_EKF_LE,Pipe3_AFEKF,Pipe4_Standard,Pipe4_Chen,Pipe4_EKF_LE,Pipe4_AFEKF,Pipe5_Standard,Pipe5_Chen,Pipe5_EKF_LE,Pipe5_AFEKF,Pipe7_Standard,Pipe7_Chen,Pipe7_EKF_LE,Pipe7_AFEKF,Pipe8_Standard,Pipe8_Chen,Pipe8_EKF_LE,Pipe8_AFEKF,Pipe10_Standard,Pipe10_Chen,Pipe10_EKF_LE,Pipe10_AFEKF,Flow_Standard,Flow_Chen,Flow_EKF_LE,Flow_AFEKF
Case1_Clean,1.24820894178436,1.2480931359795,1.24725967718622,1.24487330590709,1.33951676176252,1.33956483973138,1.33904340328063,1.33441970911872,1.54865722829405,1.54860441592448,1.54827965093115,1.54255789394593,0.901775620990677,0.90197486861219,0.901042333854636,0.899337603178755,0.771468591860334,0.765007098429627,0.770032832520945,0.76627986671594,0.754049926275516,0.753935045876682,0.754022080433663,0.752683500752667,0.783371606409419,0.783659000673367,0.78340729333952,0.779033339104822,1.0228425188288,1.02290376035806,1.02265555705169,1.01740423828276,2.29229034480582,2.28650479573126,2.29149887749642,2.28857777919301
Case2_20dB,579.721484948877,79.8828820563708,1.28168647006624,1.22473927432597,53.5636402989241,15.3526040780076,1.33682462982276,1.33013041096694,66.1094223682443,17.6382586600146,1.54979023879796,1.53934518837754,20.7806503755735,6.64285030452572,0.917249322385018,0.914267022462303,4.59969660745937,3.55754838911604,0.716809525014719,0.710682003631819,23.233640842674,10.0812990478239,0.791711293450652,0.788337087659564,27.5191724291967,1.77062108235136,0.781918616892628,0.774108733900652,21.3186491541753,8.19446358504679,0.963062740798162,0.951593978847539,142.514170501495,24.1062795875621,2.2731256263697,2.2668411947237
