Case,Pipe1_Standard,Pipe1_Chen,Pipe1_EKF_LE,Pipe1_AFEKF,Pipe2_Standard,Pipe2_Chen,Pipe2_EKF_LE,Pipe2_AFEKF,Pipe3_Standard,Pipe3_Chen,Pipe3_EKF_LE,Pipe3_AFEKF,Pipe4_Standard,Pipe4_Chen,Pipe4_EKF_LE,Pipe4_AFEKF,Pipe5_Standard,Pipe5_Chen,Pipe5_EKF_LE,Pipe5_AFEKF,Pipe7_Standard,Pipe7_Chen,Pipe7_EKF_LE,Pipe7_AFEKF,Pipe8_Standard,Pipe8_Chen,Pipe8_EKF_LE,Pipe8_AFEKF,Pipe10_Standard,Pipe10_Chen,Pipe10_EKF_LE,Pipe10_AFEKF,Flow_Standard,Flow_Chen,Flow_EKF_LE,Flow_AFEKF
Case1_Clean,1.52900304925556,1.52548438911821,1.57042826579597,1.51926657308852,1.55765119055059,1.55651766272453,1.55936627866079,1.54529804454008,1.77259170331527,1.77128806514717,1.77042314985599,1.76603684206041,0.826229568191421,0.826043076871315,0.826164758548539,0.818008529008324,0.757752388576136,0.758220576943793,0.759153864613438,0.749292841851514,0.715496977522907,0.724914842520653,0.706463602325454,0.708656686330989,0.655924558370042,0.655312936219664,0.655932906684644,0.647313766930096,0.93122332683481,0.926568772216027,0.92318988724452,0.915180100811885,2.41016944114753,2.40732715571631,2.41064898280897,2.40398508744847
Case2_20dB,589.62316238234,105.87424764322,1.59943658645195,1.55857857494597,50.8762002604258,29.0355081947227,1.60504357300964,1.58636504545464,43.7699075724157,12.7873601129647,1.84442466837796,1.82930687198189,17.7322952965589,9.22664875665604,0.843956432839317,0.833814358863049,3.52439414977738,5.22778821532905,0.763832477882419,0.748397256418573,34.5285551326422,7.26050777713995,0.709679201479507,0.695793004274355,6.47062200417514,4.15402721424958,0.660747476427868,0.647341188358782,36.5813248161998,13.7289814087579,0.956468337538268,0.939113780622551,143.258945256157,32.0205535180007,2.52953343208469,2.51929123864814
