Case,Pipe1_Standard,Pipe1_Chen,Pipe1_EKF_LE,Pipe1_AFEKF,Pipe2_Standard,Pipe2_Chen,Pipe2_EKF_LE,Pipe2_AFEKF,Pipe3_Standard,Pipe3_Chen,Pipe3_EKF_LE,Pipe3_AFEKF,Pipe4_Standard,Pipe4_Chen,Pipe4_EKF_LE,Pipe4_AFEKF,Pipe5_Standard,Pipe5_Chen,Pipe5_EKF_LE,Pipe5_AFEKF,Pipe7_Standard,Pipe7_Chen,Pipe7_EKF_LE,Pipe7_AFEKF,Pipe8_Standard,Pipe8_Chen,Pipe8_EKF_LE,Pipe8_AFEKF,Pipe10_Standard,Pipe10_Chen,Pipe10_EKF_LE,Pipe10_AFEKF,Flow_Standard,Flow_Chen,Flow_EKF_LE,Flow_AFEKF
Case1_Clean,1.41594020954998,1.41806030652825,1.41506703519815,1.407310279555,1.49085071342766,1.49130724877401,1.48921906004858,1.47849326501349,1.68245631371302,1.68251451513164,1.68223165897006,1.66918228260921,0.792972813877951,0.793072734478269,0.792912900164853,0.788847573320754,0.802203274139891,0.802627620576425,0.802211734692644,0.789209438338613,0.774152657226777,0.77520499334813,0.776414147722365,0.777257459665866,0.688761526538998,0.688375888253583,0.686616099214989,0.674553727404751,1.06056909915268,1.05945873238395,1.06077562255433,1.04713488553576,2.66895763564694,2.65744823167821,2.66957339710806,2.66414303371332
Case2_20dB,523.99775860278,80.17697578398,1.5540950847035,1.51051385466563,69.4185396647821,8.47627649501149,1.63447422630519,1.59772655768405,65.5272541598036,26.531393410619,1.73952960628681,1.70040717603524,49.4934466809938,6.46208391615412,0.781575410671717,0.773321294792319,42.0415052469553,3.82637414747569,0.796312922205416,0.772330277600694,29.9813794331995,12.3226475413131,0.778756275794973,0.772853157833597,22.2329799905188,1.88925860649663,0.682273585183976,0.663870583937204,29.9425282312715,8.37853673977665,1.12334701445399,1.09599299777178,129.398514012161,27.0923028493494,2.74358655918462,2.72806298013686
