Case,Pipe1_Standard,Pipe1_Chen,Pipe1_EKF_LE,Pipe1_AFEKF,Pipe2_Standard,Pipe2_Chen,Pipe2_EKF_LE,Pipe2_AFEKF,Pipe3_Standard,Pipe3_Chen,Pipe3_EKF_LE,Pipe3_AFEKF,Pipe4_Standard,Pipe4_Chen,Pipe4_EKF_LE,Pipe4_AFEKF,Pipe5_Standard,Pipe5_Chen,Pipe5_EKF_LE,Pipe5_AFEKF,Pipe7_Standard,Pipe7_Chen,Pipe7_EKF_LE,Pipe7_AFEKF,Pipe8_Standard,Pipe8_Chen,Pipe8_EKF_LE,Pipe8_AFEKF,Pipe10_Standard,Pipe10_Chen,Pipe10_EKF_LE,Pipe10_AFEKF,Flow_Standard,Flow_Chen,Flow_EKF_LE,Flow_AFEKF
Case1_Clean,1.96572079158054,1.96570008856433,1.96215914121186,1.95179642884908,2.08237382645108,2.08211582579917,2.08146827514321,2.07332386507162,2.35853488964475,2.35866057782646,2.35620084840755,2.34601642614337,0.99061722534168,0.990607139153383,0.988764007280847,0.986427559651613,0.707530467502761,0.704034545249285,0.706928462911146,0.701837693258899,0.75147062398244,0.750473302560903,0.753006117420935,0.751645193175863,0.781381816762347,0.783014909458684,0.77653302226013,0.768617956905345,1.1815021924805,1.1804456169898,1.18181002688667,1.17551986898692,3.17079603610855,3.16424728650844,3.16957932162744,3.16487659331238
Case2_20dB,478.915222102422,44.3130297966664,1.60442042728343,1.5493260935986,92.4462086506446,23.6568667581715,1.81978650807656,1.78141114579021,76.4077771737419,32.0862567578877,2.02315736642742,1.98453849878601,14.2907472593087,3.71054967095015,1.00654729059975,0.994706191914461,1.44159763183932,1.69110767325272,0.672394791455564,0.655341099680899,55.6443810529503,10.2899924850993,0.755133330737678,0.753056289107555,10.0559085109727,1.18956308473937,0.796378632833474,0.770378644437994,36.2307710233366,4.24961441554471,1.05813822414013,1.03648439964388,120.417923371645,19.545944239396,2.83539253587819,2.81795077509429
