Case,Pipe1_Standard,Pipe1_Chen,Pipe1_EKF_LE,Pipe1_AFEKF,Pipe2_Standard,Pipe2_Chen,Pipe2_EKF_LE,Pipe2_AFEKF,Pipe3_Standard,Pipe3_Chen,Pipe3_EKF_LE,Pipe3_AFEKF,Pipe4_Standard,Pipe4_Chen,Pipe4_EKF_LE,Pipe4_AFEKF,Pipe5_Standard,Pipe5_Chen,Pipe5_EKF_LE,Pipe5_AFEKF,Pipe7_Standard,Pipe7_Chen,Pipe7_EKF_LE,Pipe7_AFEKF,Pipe8_Standard,Pipe8_Chen,Pipe8_EKF_LE,Pipe8_AFEKF,Pipe10_Standard,Pipe10_Chen,Pipe10_EKF_LE,Pipe10_AFEKF,Flow_Standard,Flow_Chen,Flow_EKF_LE,Flow_AFEKF
Case1_Clean,1.50567813552391,1.50553927774319,1.50877289279187,1.48336968203949,1.61199177382178,1.61178054177964,1.61192898466883,1.59022365452272,1.79162655054663,1.79167126128624,1.78679178864476,1.76116883987745,0.833360957455471,0.833444723260479,0.833455348445613,0.83004378610419,0.764977065759265,0.76796101300443,0.753720838012494,0.745819866487815,0.710206590663109,0.7102206801213,0.710625153856001,0.709845724851126,0.784158294580471,0.777667840429967,0.783963382476958,0.777559039154688,1.01303982334376,1.01280637131607,1.01416621254466,1.00350179540504,2.53301725858315,2.52601153273886,2.5287779159083,2.52060256650298
Case2_20dB,534.070819028402,67.3572282203447,1.73709175789478,1.68316940891417,79.432828742094,9.52978021346126,1.8021142827682,1.78634063703177,48.5392973695796,20.4277828826591,1.96465306650379,1.94376401984664,51.925696608026,6.87735875669498,0.853228303927239,0.849698416511394,27.5530037446514,3.68262729663986,0.728565722088245,0.720179677494978,37.4502166304613,14.7289431166049,0.716066280554625,0.711593010725489,6.74538179665,2.29741915069228,0.77071705665056,0.764461828516543,32.8773252977747,10.4620198856412,1.06788359752016,1.0583767857913,134.501404409159,23.0209700136431,2.71993179274256,2.70783255618302
