Case,Pipe1_Standard,Pipe1_Chen,Pipe1_EKF_LE,Pipe1_AFEKF,Pipe2_Standard,Pipe2_Chen,Pipe2_EKF_LE,Pipe2_AFEKF,Pipe3_Standard,Pipe3_Chen,Pipe3_EKF_LE,Pipe3_AFEKF,Pipe4_Standard,Pipe4_Chen,Pipe4_EKF_LE,Pipe4_AFEKF,Pipe5_Standard,Pipe5_Chen,Pipe5_EKF_LE,Pipe5_AFEKF,Pipe7_Standard,Pipe7_Chen,Pipe7_EKF_LE,Pipe7_AFEKF,Pipe8_Standard,Pipe8_Chen,Pipe8_EKF_LE,Pipe8_AFEKF,Pipe10_Standard,Pipe10_Chen,Pipe10_EKF_LE,Pipe10_AFEKF,Flow_Standard,Flow_Chen,Flow_EKF_LE,Flow_AFEKF
Case1_Clean,1.47379972253221,1.47373461449104,1.47135135986275,1.4741494372949,1.52715554312532,1.52723968123466,1.52920885174505,1.53038877588788,1.65802025294859,1.65788286621951,1.65665401081389,1.6573517716981,0.938409123735736,0.938386713657574,0.935025298222081,0.936335878519721,0.67816063129487,0.679414329297111,0.678351635014848,0.677548545311015,0.750586649837884,0.751538504439047,0.751294335960715,0.747438705355387,0.681193764471629,0.68063833558781,0.685532441091684,0.683633017044497,0.983395608002607,0.983629375508155,0.985085526487717,0.984721198884818,2.4872016070359,2.48220404965508,2.48561702668949,2.48511805590348
Case2_20dB,512.135888430928,56.9963726485281,1.59988307255782,1.5354831588581,69.7760019525592,11.1443385439236,1.56756491771371,1.56231711274076,67.7908479554774,14.8692282957583,1.72987033308602,1.71448668787374,18.7272715713113,4.93335470745351,0.918965014413942,0.907097979582227,4.25983072325938,2.79636832229285,0.65202288340886,0.636709972694229,16.6682460959265,5.9229194040685,0.761894712059194,0.749798762208266,25.7986949272285,2.38684047922773,0.617705540398717,0.598296193069853,31.8553556734928,9.92438881152239,0.998762326570985,0.979828812890393,126.554667971467,20.8499442931817,2.55987354021624,2.54818764254875
