Case,Pipe1_Standard,Pipe1_Chen,Pipe1_EKF_LE,Pipe1_AFEKF,Pipe2_Standard,Pipe2_Chen,Pipe2_EKF_LE,Pipe2_AFEKF,Pipe3_Standard,Pipe3_Chen,Pipe3_EKF_LE,Pipe3_AFEKF,Pipe4_Standard,Pipe4_Chen,Pipe4_EKF_LE,Pipe4_AFEKF,Pipe5_Standard,Pipe5_Chen,Pipe5_EKF_LE,Pipe5_AFEKF,Pipe7_Standard,Pipe7_Chen,Pipe7_EKF_LE,Pipe7_AFEKF,Pipe8_Standard,Pipe8_Chen,Pipe8_EKF_LE,Pipe8_AFEKF,Pipe10_Standard,Pipe10_Chen,Pipe10_EKF_LE,Pipe10_AFEKF,Flow_Standard,Flow_Chen,Flow_EKF_LE,Flow_AFEKF
Case1_Clean,1.82502548960143,1.82512319958974,1.8241241647275,1.79764600712567,1.92294143632436,1.92284578062877,1.9219555831771,1.90387301713546,2.12803750008033,2.12803355671541,2.12880966929925,2.10546403999254,0.996086615246045,0.996054317789824,0.999071461247475,0.992701217149182,0.743048239337887,0.74285395820879,0.741710283583937,0.735492009330423,0.844195992022794,0.844723127344263,0.843894700661427,0.837940871987399,0.759808181352514,0.759077129869335,0.761176432478159,0.750371860585254,1.1008899970431,1.10071094017088,1.10135090757727,1.09209477668071,2.92237274443018,2.91789500904891,2.92135088426163,2.91319802991236
Case2_20dB,479.138607251525,57.6978728762398,1.95449768671673,1.86764484892701,80.7539641410174,10.598893492476,2.09462078945128,2.01688309446795,70.7197780413003,9.51421241506556,2.33626684267201,2.24704134118472,24.9205492666797,10.6913991950056,1.03757677580273,1.01416411584362,17.1132108052284,5.28025201898707,0.737041709002979,0.711592221605177,12.3013704912472,7.80115598804374,0.829941851192983,0.811654876465407,4.63220573328126,4.03920392547478,0.757319722118367,0.713752812723266,17.8996574909419,10.9193837511126,1.13106124769653,1.09293229194194,119.879709627106,27.5035086874203,3.08148385079863,3.04866911071519
