Case,Pipe1_Standard,Pipe1_Chen,Pipe1_EKF_LE,Pipe1_AFEKF,Pipe2_Standard,Pipe2_Chen,Pipe2_EKF_LE,Pipe2_AFEKF,Pipe3_Standard,Pipe3_Chen,Pipe3_EKF_LE,Pipe3_AFEKF,Pipe4_Standard,Pipe4_Chen,Pipe4_EKF_LE,Pipe4_AFEKF,Pipe5_Standard,Pipe5_Chen,Pipe5_EKF_LE,Pipe5_AFEKF,Pipe7_Standard,Pipe7_Chen,Pipe7_EKF_LE,Pipe7_AFEKF,Pipe8_Standard,Pipe8_Chen,Pipe8_EKF_LE,Pipe8_AFEKF,Pipe10_Standard,Pipe10_Chen,Pipe10_EKF_LE,Pipe10_AFEKF,Flow_Standard,Flow_Chen,Flow_EKF_LE,Flow_AFEKF
Case1_Clean,1.53718805136918,1.53582952260694,1.53733814494931,1.52062706108842,1.62213611190632,1.62197597204743,1.62358320447666,1.59783841745122,1.78609297647715,1.78710225672247,1.78635030427809,1.76708820048793,0.877234239956437,0.87722996240852,0.877295586303755,0.868372887345344,0.790702126833415,0.78942683174308,0.790781007217635,0.775047979904572,0.765637632684022,0.766230885681246,0.766833408785209,0.752545501768275,0.796645715472819,0.790705170920291,0.779149589941439,0.761919809124285,1.01484752348888,1.0142156669079,1.00660142122793,0.991920252108991,2.60028752204266,2.59113970047433,2.59913380708914,2.58626457945323
Case2_20dB,505.375168550182,95.1721413526981,1.52862421594659,1.51365988337979,87.4482750911974,16.4267302438447,1.60212869871802,1.59300178721884,69.3466542254299,15.0717815853956,1.87855890881156,1.85994136627894,27.0628326191517,8.72136248369836,0.934752086336514,0.929988296212784,18.9676845529406,4.17167830782928,0.72040846258415,0.713560154155268,29.7793203647444,9.6901565134122,0.80582320032223,0.79838697108714,23.1423316704032,2.84089057896157,0.78679381617565,0.789781097845894,31.0227046020153,7.72543114771145,1.06498727994344,1.05444909346819,126.726972904019,31.1217687129186,2.77711030173075,2.76788916091018
