Case,Pipe1_Standard,Pipe1_Chen,Pipe1_EKF_LE,Pipe1_AFEKF,Pipe2_Standard,Pipe2_Chen,Pipe2_EKF_LE,Pipe2_AFEKF,Pipe3_Standard,Pipe3_Chen,Pipe3_EKF_LE,Pipe3_AFEKF,Pipe4_Standard,Pipe4_Chen,Pipe4_EKF_LE,Pipe4_AFEKF,Pipe5_Standard,Pipe5_Chen,Pipe5_EKF_LE,Pipe5_AFEKF,Pipe7_Standard,Pipe7_Chen,Pipe7_EKF_LE,Pipe7_AFEKF,Pipe8_Standard,Pipe8_Chen,Pipe8_EKF_LE,Pipe8_AFEKF,Pipe10_Standard,Pipe10_Chen,Pipe10_EKF_LE,Pipe10_AFEKF,Flow_Standard,Flow_Chen,Flow_EKF_LE,Flow_AFEKF
Case1_Clean,1.38324008067031,1.38383181783325,1.39656967093548,1.39350048972552,1.524838932189,1.52477150636173,1.52645930753683,1.52096488946227,1.64699135891946,1.6466036855847,1.64688107737282,1.64108496826518,0.798897628370157,0.798931807170356,0.798623260615785,0.797603953998946,0.719835736505548,0.720778181534368,0.72070955352616,0.71886290145715,0.789937181298229,0.790017377829324,0.787723344398219,0.786581404231978,0.693586300214672,0.685507794875898,0.693276798713001,0.688146617321223,0.948435868687615,0.948530602968783,0.948212804698694,0.943100715400854,2.54497229824482,2.53966567486672,2.54430566015378,2.54157056113097
Case2_20dB,510.235106956885,76.6100652859896,1.47454524978169,1.49025267462356,73.1164382011547,12.3360576959303,1.65267260324452,1.63725713642977,56.8478376584118,14.1090844598484,1.79364954696236,1.77690968479668,49.8320451731217,7.73413684698697,0.800612218493449,0.798240135537719,42.2402599185507,4.8739157927246,0.688892335186968,0.683388645281458,31.1769445102654,9.11256465425818,0.775707597002772,0.773196425578151,5.75430851498392,2.7125144546763,0.722713007730987,0.714751101745129,33.8012580269517,6.48132876440976,0.985783851859407,0.976618627617085,127.117457830553,27.5142246317599,2.68917922273892,2.68233446306399
