Case,Pipe1_Standard,Pipe1_Chen,Pipe1_EKF_LE,Pipe1_AFEKF,Pipe2_Standard,Pipe2_Chen,Pipe2_EKF_LE,Pipe2_AFEKF,Pipe3_Standard,Pipe3_Chen,Pipe3_EKF_LE,Pipe3_AFEKF,Pipe4_Standard,Pipe4_Chen,Pipe4_EKF_LE,Pipe4_AFEKF,Pipe5_Standard,Pipe5_Chen,Pipe5_EKF_LE,Pipe5_AFEKF,Pipe7_Standard,Pipe7_Chen,Pipe7_EKF_LE,Pipe7_AFEKF,Pipe8_Standard,Pipe8_Chen,Pipe8_EKF_LE,Pipe8_AFEKF,Pipe10_Standard,Pipe10_Chen,Pipe10_EKF_LE,Pipe10_AFEKF,Flow_Standard,Flow_Chen,Flow_EKF_LE,Flow_AFEKF
Case1_Clean,1.53274535165227,1.5328746013336,1.53400179429268,1.5286329274064,1.47631809195409,1.47592347714295,1.47770278241785,1.47410170498329,1.69892319693932,1.6989919854264,1.69888563629439,1.69116181622046,0.896830677143413,0.896865640870265,0.897447628886197,0.895622727293001,0.772412861354628,0.770784773981009,0.780942072958054,0.777900455701955,0.716173019907982,0.71602401636539,0.716406647296799,0.711566470493761,0.703071288119925,0.702325240615313,0.699957074430479,0.695640920347889,0.919863783298919,0.918026157907717,0.919898876690664,0.915159697487848,2.47362127260052,2.46875232612207,2.47158593938219,2.46857158217723
Case2_20dB,567.274361103758,61.5021335800562,1.47961732502074,1.44672234146143,58.794987605312,11.915782840576,1.32875287390393,1.318348952691,51.6513200525386,26.9307682119885,1.55404003029889,1.54216117721419,16.6481523876405,4.35252368992739,0.855999062142418,0.853397001955716,1.58274174948376,1.85311320077363,0.720322854126087,0.715655949952159,17.5885376616677,6.39345550507062,0.712497372492169,0.705154280006052,25.3930936698565,2.88053897330735,0.686203831607499,0.683506954883604,36.5648067050825,3.44303952963941,0.871598755349723,0.861759284234627,137.99178481662,19.3061529608927,2.27705641147845,2.27021226320064
