Case,Pipe1_Standard,Pipe1_Chen,Pipe1_EKF_LE,Pipe1_AFEKF,Pipe2_Standard,Pipe2_Chen,Pipe2_EKF_LE,Pipe2_AFEKF,Pipe3_Standard,Pipe3_Chen,Pipe3_EKF_LE,Pipe3_AFEKF,Pipe4_Standard,Pipe4_Chen,Pipe4_EKF_LE,Pipe4_AFEKF,Pipe5_Standard,Pipe5_Chen,Pipe5_EKF_LE,Pipe5_AFEKF,Pipe7_Standard,Pipe7_Chen,Pipe7_EKF_LE,Pipe7_AFEKF,Pipe8_Standard,Pipe8_Chen,Pipe8_EKF_LE,Pipe8_AFEKF,Pipe10_Standard,Pipe10_Chen,Pipe10_EKF_LE,Pipe10_AFEKF,Flow_Standard,Flow_Chen,Flow_EKF_LE,Flow_AFEKF
Case1_Clean,1.33853677568136,1.33880970603814,1.33822711911711,1.34094737926685,1.33687887920136,1.3369497430963,1.33262425915856,1.3353690384991,1.58303343844274,1.5830949850861,1.58404564673766,1.58188077268613,0.875333127781934,0.875412963326481,0.875400492545016,0.874136775256755,0.808692315054643,0.81035517152676,0.80868081161004,0.804452762916993,0.748124941761627,0.749610927611568,0.748264013744228,0.748105862230949,0.709306173427697,0.709304479461868,0.70931685217439,0.709098496446183,1.07149620107916,1.07061296743587,1.07191027417618,1.06867843312708,2.41825402261573,2.4134435589262,2.41748550401303,2.41627514640814
Case2_20dB,544.515628958447,47.8041046478358,1.39066251102684,1.30793191289225,90.7271126072359,19.8848010151611,1.34609240637912,1.31111022508003,62.9477782172318,31.8989511186533,1.53939594546247,1.52419368083307,12.0951825698509,3.05864870468186,0.922991129902232,0.92027053748017,15.1891030421352,1.079374486474,0.834015968430898,0.82337722926252,23.8426354367492,5.19715396802915,0.819047337706775,0.80875390353218,39.689637143173,0.846854134817278,0.768008682349812,0.761090758800739,15.8602677983924,1.07477724401022,1.07112899911845,1.05984150320634,136.914590156484,17.1507448501712,2.52595948653521,2.51689828154467
