Case,Pipe1_Standard,Pipe1_Chen,Pipe1_EKF_LE,Pipe1_AFEKF,Pipe2_Standard,Pipe2_Chen,Pipe2_EKF_LE,Pipe2_AFEKF,Pipe3_Standard,Pipe3_Chen,Pipe3_EKF_LE,Pipe3_AFEKF,Pipe4_Standard,Pipe4_Chen,Pipe4_EKF_LE,Pipe4_AFEKF,Pipe5_Standard,Pipe5_Chen,Pipe5_EKF_LE,Pipe5_AFEKF,Pipe7_Standard,Pipe7_Chen,Pipe7_EKF_LE,Pipe7_AFEKF,Pipe8_Standard,Pipe8_Chen,Pipe8_EKF_LE,Pipe8_AFEKF,Pipe10_Standard,Pipe10_Chen,Pipe10_EKF_LE,Pipe10_AFEKF,Flow_Standard,Flow_Chen,Flow_EKF_LE,Flow_AFEKF
Case1_Clean,1.35230164213692,1.35228461255252,1.35224022473139,1.34006259464579,1.46125676635061,1.46127520524433,1.46123213170796,1.4386642964066,1.78080169943832,1.78054465188596,1.78056919536872,1.75318429712452,0.798765782754847,0.798789226890423,0.790644610416641,0.785295276822346,0.68230150696008,0.682709089072138,0.682491049439587,0.664287005879931,0.827703794856299,0.824203139791968,0.827574949337681,0.816472588607276,0.876985039176279,0.876902655838008,0.877422171215919,0.848994142576908,1.05486250876697,1.05495795734539,1.05469378112891,1.02537411692377,2.53544893674547,2.52972151451886,2.53531296797695,2.52212887480125
Case2_20dB,578.551149528403,61.5433996790259,1.4676258429075,1.45472417154382,75.9926933106018,14.6603432158085,1.53570462439155,1.52631856820406,51.359196186181,31.4476156691423,1.90593932079257,1.89045468006014,12.8272476938403,3.162453510263,0.839904484264898,0.826104464536012,16.7662291107457,1.21318987072344,0.701769796378788,0.689738233333129,40.8576701068326,2.32347766901927,0.820968416338276,0.816542299850459,5.61096611858836,1.17328218761616,0.925971492978617,0.910855646347788,36.134567378516,3.62279495123013,1.09415850594247,1.07746272201852,144.56393257848,20.232003956573,2.66397504977503,2.65675820790542
