Case,Pipe1_Standard,Pipe1_Chen,Pipe1_EKF_LE,Pipe1_AFEKF,Pipe2_Standard,Pipe2_Chen,Pipe2_EKF_LE,Pipe2_AFEKF,Pipe3_Standard,Pipe3_Chen,Pipe3_EKF_LE,Pipe3_AFEKF,Pipe4_Standard,Pipe4_Chen,Pipe4_EKF_LE,Pipe4_AFEKF,Pipe5_Standard,Pipe5_Chen,Pipe5_EKF_LE,Pipe5_AFEKF,Pipe7_Standard,Pipe7_Chen,Pipe7_EKF_LE,Pipe7_AFEKF,Pipe8_Standard,Pipe8_Chen,Pipe8_EKF_LE,Pipe8_AFEKF,Pipe10_Standard,Pipe10_Chen,Pipe10_EKF_LE,Pipe10_AFEKF,Flow_Standard,Flow_Chen,Flow_EKF_LE,Flow_AFEKF
Case1_Clean,1.39814122156237,1.39766533558832,1.3984800352165,1.39114623164289,1.61930524190416,1.61936556064617,1.61897285767885,1.61215017931442,1.74772510329103,1.74656231321812,1.74787198545402,1.74028765470227,0.884030452219809,0.884011006312738,0.884072872925057,0.881308926319966,0.877484483616216,0.878989898813984,0.876403318570263,0.870162403574932,0.824511377287077,0.821239489145612,0.824697762179529,0.824989059814873,0.74566553952656,0.743980076305587,0.746818386237253,0.742323852384696,1.00797519620005,0.985862691530364,1.00792222539825,0.995111552592243,2.50373533183212,2.49839683373587,2.50230489379999,2.49820495112726
Case2_20dB,492.530989084103,36.2739467975142,1.34679054942057,1.35163364486683,68.4656131172012,18.1094796882886,1.56648162728739,1.5461236244565,75.858248236383,27.3328473945226,1.7231782214128,1.69945112852054,15.0420350092173,1.93185275433561,0.90131213998073,0.89595349415957,15.2179367112352,2.07031096789851,0.88139226333833,0.869460738067715,43.4704416807721,3.17095070424754,0.802146046584061,0.797367733343997,9.52620199672069,1.03663652033596,0.760124942638368,0.751882932982931,33.3039823843773,2.43667651051127,1.00603081788097,0.991762420039794,125.216245063411,16.781508049454,2.43736462914984,2.42861045941112
