Case,Pipe1_Standard,Pipe1_Chen,Pipe1_EKF_LE,Pipe1_AFEKF,Pipe2_Standard,Pipe2_Chen,Pipe2_EKF_LE,Pipe2_AFEKF,Pipe3_Standard,Pipe3_Chen,Pipe3_EKF_LE,Pipe3_AFEKF,Pipe4_Standard,Pipe4_Chen,Pipe4_EKF_LE,Pipe4_AFEKF,Pipe5_Standard,Pipe5_Chen,Pipe5_EKF_LE,Pipe5_AFEKF,Pipe7_Standard,Pipe7_Chen,Pipe7_EKF_LE,Pipe7_AFEKF,Pipe8_Standard,Pipe8_Chen,Pipe8_EKF_LE,Pipe8_AFEKF,Pipe10_Standard,Pipe10_Chen,Pipe10_EKF_LE,Pipe10_AFEKF,Flow_Standard,Flow_Chen,Flow_EKF_LE,Flow_AFEKF
Case1_Clean,1.50433843791479,1.5043337705906,1.50436541632945,1.50901355277319,1.41617231012039,1.41626286504194,1.41594169932867,1.42082239789894,1.71442423603031,1.71437395494671,1.71453626750397,1.71915064116869,1.01749044919522,1.01750253716642,1.01748818493897,1.01959101308692,0.753490988954722,0.753075159466138,0.75332689087209,0.757456498865305,0.799032624632213,0.798920250865938,0.799822071703879,0.802762911355019,0.70872312878192,0.708274300685105,0.702550004345791,0.704741185305407,1.03931142276971,1.0392856992806,1.01924832720136,1.02348174830884,2.77402718268231,2.76810783172859,2.7734590644699,2.77580684385998
Case2_20dB,539.153075831762,158.278854107589,1.60345041429222,1.67081681045391,48.618828204772,76.1383793343354,1.37530660726272,1.35884922163276,57.9643615635035,46.9726759100665,1.66501929470254,1.65427396699125,50.5723553534168,14.5537281065961,1.022428817166,1.01978550908642,30.1435433249276,6.74608456984634,0.794327923729881,0.786285705996263,11.534124961711,11.2017287657079,0.765959152790163,0.757288583107166,30.9156570303407,5.73191853417685,0.697971511189358,0.695752584570361,17.6320031662427,4.19100672410991,0.96865154463136,0.957574139616437,134.847484835172,47.3459692360372,2.70901275776544,2.70688536318351
