Case,Pipe1_Standard,Pipe1_Chen,Pipe1_EKF_LE,Pipe1_AFEKF,Pipe2_Standard,Pipe2_Chen,Pipe2_EKF_LE,Pipe2_AFEKF,Pipe3_Standard,Pipe3_Chen,Pipe3_EKF_LE,Pipe3_AFEKF,Pipe4_Standard,Pipe4_Chen,Pipe4_EKF_LE,Pipe4_AFEKF,Pipe5_Standard,Pipe5_Chen,Pipe5_EKF_LE,Pipe5_AFEKF,Pipe7_Standard,Pipe7_Chen,Pipe7_EKF_LE,Pipe7_AFEKF,Pipe8_Standard,Pipe8_Chen,Pipe8_EKF_LE,Pipe8_AFEKF,Pipe10_Standard,Pipe10_Chen,Pipe10_EKF_LE,Pipe10_AFEKF,Flow_Standard,Flow_Chen,Flow_EKF_LE,Flow_AFEKF
Case1_Clean,1.7748720515216,1.77511540492091,1.77514340306626,1.77583649482145,1.75407879797589,1.75370833577002,1.75374406441039,1.75366014865115,1.92818696038797,1.92827570627141,1.92773736590073,1.92586595808937,0.860849149215283,0.860871838576887,0.860790052025239,0.861032263854999,0.760703166063598,0.760927639521226,0.76071101272929,0.761108421903067,0.853524931029526,0.853952541461166,0.848825831649211,0.848560179963341,0.7319292392372,0.730201619293662,0.731903873075225,0.73082610330257,1.05895060243058,1.05750644236425,1.05725014011347,1.05480138217714,2.56404826303626,2.55874915197694,2.56391695674561,2.56288348022237
Case2_20dB,474.618334663412,38.4449935941983,1.72501388245935,1.71455860235505,75.6455644442821,11.5986944407742,1.79357349224568,1.77838553350838,99.5539908753588,32.8392783166487,1.95277547688732,1.93726036028927,37.3901491361967,3.96494309874812,0.776407205107864,0.771103673715083,43.7257842235317,2.82055055460441,0.788447830364418,0.780387151577096,19.7568912459938,10.9417838267912,0.899361128789763,0.896451805140849,24.8889425244131,1.3147639364704,0.721586545721557,0.713942568020542,29.5267466017065,7.86569418092005,1.06496483782662,1.05807080015659,118.396148391279,17.7655238959294,2.58755136089182,2.58134987695801
