Case,Pipe1_Standard,Pipe1_Chen,Pipe1_EKF_LE,Pipe1_AFEKF,Pipe2_Standard,Pipe2_Chen,Pipe2_EKF_LE,Pipe2_AFEKF,Pipe3_Standard,Pipe3_Chen,Pipe3_EKF_LE,Pipe3_AFEKF,Pipe4_Standard,Pipe4_Chen,Pipe4_EKF_LE,Pipe4_AFEKF,Pipe5_Standard,Pipe5_Chen,Pipe5_EKF_LE,Pipe5_AFEKF,Pipe7_Standard,Pipe7_Chen,Pipe7_EKF_LE,Pipe7_AFEKF,Pipe8_Standard,Pipe8_Chen,Pipe8_EKF_LE,Pipe8_AFEKF,Pipe10_Standard,Pipe10_Chen,Pipe10_EKF_LE,Pipe10_AFEKF,Flow_Standard,Flow_Chen,Flow_EKF_LE,Flow_AFEKF
Case1_Clean,1.85437707108329,1.85447654386882,1.85497639390523,1.81745019547439,1.95449236972774,1.95409914132026,1.95469898017854,1.92207048736468,2.18764730997382,2.18808963402005,2.18752980151496,2.15880356043042,0.921259635792475,0.921227649148822,0.926689213247497,0.923417061277443,0.799078443630434,0.797987498773522,0.799608819062398,0.787820189933839,0.810081059462327,0.812324002640592,0.808635366941486,0.799172053556228,0.887440123340522,0.865484556923813,0.886969550929917,0.870795790268922,1.15020533391601,1.14777602751372,1.15051474278237,1.13571425134279,2.91412410449352,2.90567179782962,2.91198700470889,2.90059376168797
Case2_20dB,586.215641069983,146.738817547622,1.91866670944922,1.86890225718702,58.2573358872202,61.8971231996279,2.09004729634299,2.05462630950399,68.8286527686095,21.6827766195658,2.30551177564758,2.26884380813914,5.03147100564969,13.1953291613432,0.843005612848982,0.836113798226928,1.55615581595172,7.3697733394781,0.802188595521473,0.786949983836489,13.0098045313706,7.27145286052785,0.849818152946326,0.839981167663269,18.8219274728592,6.63014185453204,0.919249686494584,0.901386604059,19.4041801871064,14.5093846332024,1.20139816464122,1.18549912401971,142.668263517494,44.6954485997561,2.98280099153472,2.96892702733595
