Case,Pipe1_Standard,Pipe1_Chen,Pipe1_EKF_LE,Pipe1_AFEKF,Pipe2_Standard,Pipe2_Chen,Pipe2_EKF_LE,Pipe2_AFEKF,Pipe3_Standard,Pipe3_Chen,Pipe3_EKF_LE,Pipe3_AFEKF,Pipe4_Standard,Pipe4_Chen,Pipe4_EKF_LE,Pipe4_AFEKF,Pipe5_Standard,Pipe5_Chen,Pipe5_EKF_LE,Pipe5_AFEKF,Pipe7_Standard,Pipe7_Chen,Pipe7_EKF_LE,Pipe7_AFEKF,Pipe8_Standard,Pipe8_Chen,Pipe8_EKF_LE,Pipe8_AFEKF,Pipe10_Standard,Pipe10_Chen,Pipe10_EKF_LE,Pipe10_AFEKF,Flow_Standard,Flow_Chen,Flow_EKF_LE,Flow_AFEKF
Case1_Clean,1.55177777991015,1.55138107343893,1.54915943994944,1.52516179458855,1.59318920378759,1.59290249429393,1.59474860889587,1.56904824261452,1.74126919811511,1.74074006486993,1.73947730045147,1.71589052645145,0.884179864430953,0.884138166536241,0.883998775782804,0.877839017150687,0.795851488436473,0.795871352856719,0.795807104509142,0.780457623057538,0.883652908024178,0.889074592844051,0.879209853030803,0.857562117723664,0.855876468290754,0.848355618792677,0.855730758183616,0.832687954879875,1.00782023835239,1.00789897166727,1.0084616716926,0.982668747216587,2.37793048671607,2.37304275596957,2.37710039800506,2.36376766933795
Case2_20dB,498.354969290036,81.9535107985033,1.45231565593608,1.354829953054,68.5409147218364,9.18537627940738,1.36716924211576,1.35537980198039,84.1980928244203,27.7117327185153,1.52265026588721,1.51298798108431,1.44528852073905,6.10394879118301,0.834646696070648,0.832742705822429,0.978551389929936,2.87883988168857,0.788972196402903,0.779876713419374,19.4248539827237,4.85184406910941,0.846413883085434,0.833514407506893,1.1561439785389,2.20614804880746,0.841007651191182,0.832721200152783,18.3992342765348,7.76893276930908,0.987637230492471,0.972338991103852,122.205922866882,28.8943711455597,2.29086100277407,2.2812056281728
