Case,Pipe1_Standard,Pipe1_Chen,Pipe1_EKF_LE,Pipe1_AFEKF,Pipe2_Standard,Pipe2_Chen,Pipe2_EKF_LE,Pipe2_AFEKF,Pipe3_Standard,Pipe3_Chen,Pipe3_EKF_LE,Pipe3_AFEKF,Pipe4_Standard,Pipe4_Chen,Pipe4_EKF_LE,Pipe4_AFEKF,Pipe5_Standard,Pipe5_Chen,Pipe5_EKF_LE,Pipe5_AFEKF,Pipe7_Standard,Pipe7_Chen,Pipe7_EKF_LE,Pipe7_AFEKF,Pipe8_Standard,Pipe8_Chen,Pipe8_EKF_LE,Pipe8_AFEKF,Pipe10_Standard,Pipe10_Chen,Pipe10_EKF_LE,Pipe10_AFEKF,Flow_Standard,Flow_Chen,Flow_EKF_LE,Flow_AFEKF
Case1_Clean,1.62316145931054,1.62269608704957,1.6247512647967,1.61708525299594,1.71608356194428,1.71554597255937,1.71827333251421,1.71594036196779,1.86698287492355,1.86541088883352,1.86969257710592,1.86567238566642,0.879220275936647,0.879086278718129,0.879369070676615,0.877388331732229,0.807850320448768,0.809554068425542,0.807815515573444,0.806957745977551,0.773845591171477,0.76796950668535,0.77444728956973,0.774929481770232,0.855943007968836,0.858511107266374,0.855996048217605,0.855391504451831,1.06512011726104,1.06834741693068,1.06569256176418,1.0636144553596,2.69673812910842,2.69090970681601,2.69109239575696,2.68930982979424
Case2_20dB,499.284647317308,42.3720928057674,1.50353114769387,1.52282745763898,101.734827094286,22.3799324228961,1.63503199483728,1.61145121410882,76.5660487176856,31.1606932742915,1.8120613250957,1.79863379212959,13.4488169833971,4.14954939707381,0.925835631434254,0.919758404186852,13.0462303760781,2.15345573836224,0.834466032105608,0.826829613049283,45.936347549583,6.56820345824613,0.720764727406813,0.718109076133941,3.5967823952369,2.05243803440807,0.928356525404126,0.915215130495178,21.5683855028809,9.65181067666846,1.04429218179595,1.03347961433556,125.498205931438,18.6124794160182,2.67580366274831,2.66994960171212
