Case,Pipe1_Standard,Pipe1_Chen,Pipe1_EKF_LE,Pipe1_AFEKF,Pipe2_Standard,Pipe2_Chen,Pipe2_EKF_LE,Pipe2_AFEKF,Pipe3_Standard,Pipe3_Chen,Pipe3_EKF_LE,Pipe3_AFEKF,Pipe4_Standard,Pipe4_Chen,Pipe4_EKF_LE,Pipe4_AFEKF,Pipe5_Standard,Pipe5_Chen,Pipe5_EKF_LE,Pipe5_AFEKF,Pipe7_Standard,Pipe7_Chen,Pipe7_EKF_LE,Pipe7_AFEKF,Pipe8_Standard,Pipe8_Chen,Pipe8_EKF_LE,Pipe8_AFEKF,Pipe10_Standard,Pipe10_Chen,Pipe10_EKF_LE,Pipe10_AFEKF,Flow_Standard,Flow_Chen,Flow_EKF_LE,Flow_AFEKF
Case1_Clean,2.10196935541018,2.10258124621117,2.09972142503791,2.05977232174275,2.17548524880378,2.17583355734951,2.17730095213429,2.13708080264538,2.5718633822355,2.57233187604665,2.57227975452025,2.53368230506451,1.02487216383947,1.0249120742015,1.02483291600156,1.01431898870031,0.875362841578573,0.875483547425504,0.872569966127483,0.850693477385914,0.770434676447841,0.770299055986535,0.773348471587851,0.76019703589355,0.758614954004774,0.757186488778014,0.762143897842646,0.745351191970893,1.10962080264174,1.10969605792426,1.11122491615454,1.09051442326738,3.11802947796044,3.11116981661502,3.11391338261312,3.09738334749383
Case2_20dB,571.367743944011,56.8848362664881,1.87910418540121,1.84520237361146,42.7700647502609,7.74042407696952,2.04869470680874,2.00846309536801,45.9348514249119,14.9593417887549,2.34809036564116,2.30646209256677,9.22878042407269,3.83128521181481,1.00552586147892,0.992930240077719,2.63007264277593,2.39555303493746,0.868353046275583,0.843422876695713,31.7518575208107,4.3598640017378,0.67397676047008,0.661451634848718,28.4099252843367,1.65536312615141,0.773756472380068,0.752409559522524,31.8060294068568,6.24779306751563,1.05324366004784,1.02749583563174,137.459851403845,17.0225063282062,3.05988082952815,3.03895629213484
