Case,Pipe1_Standard,Pipe1_Chen,Pipe1_EKF_LE,Pipe1_AFEKF,Pipe2_Standard,Pipe2_Chen,Pipe2_EKF_LE,Pipe2_AFEKF,Pipe3_Standard,Pipe3_Chen,Pipe3_EKF_LE,Pipe3_AFEKF,Pipe4_Standard,Pipe4_Chen,Pipe4_EKF_LE,Pipe4_AFEKF,Pipe5_Standard,Pipe5_Chen,Pipe5_EKF_LE,Pipe5_AFEKF,Pipe7_Standard,Pipe7_Chen,Pipe7_EKF_LE,Pipe7_AFEKF,Pipe8_Standard,Pipe8_Chen,Pipe8_EKF_LE,Pipe8_AFEKF,Pipe10_Standard,Pipe10_Chen,Pipe10_EKF_LE,Pipe10_AFEKF,Flow_Standard,Flow_Chen,Flow_EKF_LE,Flow_AFEKF
Case1_Clean,1.56114488780756,1.56146966380987,1.56031810489372,1.55507519041685,1.52217851892342,1.52210525031468,1.52231276494932,1.51620965338535,1.72814489598625,1.72788731231077,1.72825499291478,1.72359173740682,0.7871127629741,0.787157616135059,0.787090031122125,0.785539528113458,0.852881571698282,0.854830453271006,0.852891832846316,0.849152317371116,0.760162900166131,0.760365801232077,0.757851414423502,0.756962048344627,0.769588538758828,0.771562612395863,0.769662494419397,0.765273414841075,0.934500382013252,0.933819369750073,0.913499388798927,0.907849638143767,2.33119812094789,2.32497036107969,2.32915919738895,2.32648322506616
Case2_20dB,456.187185445813,75.882195178683,1.67494841094921,1.68662216904118,81.804290380226,14.1374792476611,1.61766546235159,1.60470164871641,68.8965193249553,29.0903963517372,1.81795355712398,1.80617483307646,11.6833971144469,5.04309472136659,0.785093899291505,0.781434425876683,16.0250019626174,1.58203548806152,0.823994618496142,0.815389507714986,19.6969277383787,4.32834593833759,0.751767563342063,0.748733651719862,29.152384788212,1.72074328316793,0.780920097737846,0.77226516619521,30.9829857208481,3.15483235335113,0.930935575142995,0.924521730330266,115.189091782893,23.4892273578893,2.39658238293277,2.39202082764342
