Case,Pipe1_Standard,Pipe1_Chen,Pipe1_EKF_LE,Pipe1_AFEKF,Pipe2_Standard,Pipe2_Chen,Pipe2_EKF_LE,Pipe2_AFEKF,Pipe3_Standard,Pipe3_Chen,Pipe3_EKF_LE,Pipe3_AFEKF,Pipe4_Standard,Pipe4_Chen,Pipe4_EKF_LE,Pipe4_AFEKF,Pipe5_Standard,Pipe5_Chen,Pipe5_EKF_LE,Pipe5_AFEKF,Pipe7_Standard,Pipe7_Chen,Pipe7_EKF_LE,Pipe7_AFEKF,Pipe8_Standard,Pipe8_Chen,Pipe8_EKF_LE,Pipe8_AFEKF,Pipe10_Standard,Pipe10_Chen,Pipe10_EKF_LE,Pipe10_AFEKF,Flow_Standard,Flow_Chen,Flow_EKF_LE,Flow_AFEKF
Case1_Clean,1.84072456019685,1.84747066247241,1.84071725065224,1.83081728996582,1.9223606299878,1.92076122275825,1.92233719374231,1.91588035793632,2.11495211761036,2.11448404424023,2.11422646517517,2.10711776606236,0.836292473640024,0.836316019723906,0.836298621797775,0.834095357672975,0.772229621972031,0.772406188415245,0.772185717062173,0.765473453617908,0.71807479724746,0.719152653262846,0.718074627588794,0.715891073454687,0.840973078436778,0.841532308688935,0.840976357059486,0.835567197477461,1.06236476339539,1.0645499122955,1.06241857150439,1.05495804737123,2.63133827039515,2.6215026923483,2.63131136882168,2.62733711205146
Case2_20dB,556.962052783823,44.493132516954,1.96368171916292,1.92720872354463,51.9145454050811,12.6206452698855,2.0335896995587,2.02813180168456,60.1630587135978,17.5924662544791,2.20560242017094,2.19615930133886,17.1303388504192,5.01353695664427,0.892014241129185,0.885985078673914,2.82991321510742,2.74028330124279,0.822890793529995,0.812941193746418,17.2924762864295,4.35230831125843,0.770492326374804,0.766497696441884,24.87398186782,2.24109807010526,0.861495366897249,0.853299472910312,35.0949268430863,5.65416527460725,1.10930871706844,1.09706342631271,135.606064505828,20.8025848976996,2.79525844098194,2.78876633334624
