Case,Pipe1_Standard,Pipe1_Chen,Pipe1_EKF_LE,Pipe1_AFEKF,Pipe2_Standard,Pipe2_Chen,Pipe2_EKF_LE,Pipe2_AFEKF,Pipe3_Standard,Pipe3_Chen,Pipe3_EKF_LE,Pipe3_AFEKF,Pipe4_Standard,Pipe4_Chen,Pipe4_EKF_LE,Pipe4_AFEKF,Pipe5_Standard,Pipe5_Chen,Pipe5_EKF_LE,Pipe5_AFEKF,Pipe7_Standard,Pipe7_Chen,Pipe7_EKF_LE,Pipe7_AFEKF,Pipe8_Standard,Pipe8_Chen,Pipe8_EKF_LE,Pipe8_AFEKF,Pipe10_Standard,Pipe10_Chen,Pipe10_EKF_LE,Pipe10_AFEKF,Flow_Standard,Flow_Chen,Flow_EKF_LE,Flow_AFEKF
Case1_Clean,1.72564556085912,1.72579347470334,1.72757353457415,1.70269659241513,1.70806783936551,1.7080236931976,1.70909536419201,1.68788659896474,1.96624475331101,1.96611140886917,1.96786202184522,1.9504668001588,0.845869933832071,0.845797791174801,0.845652347814071,0.838222541500789,0.809870720316596,0.809420449810701,0.809137430769021,0.798018517960071,0.769439286680029,0.76940798354148,0.768767905089476,0.759191003706503,0.845874185442643,0.84754849056052,0.843460832544772,0.83099444783541,1.05061913441615,1.04975053483858,1.05019149791036,1.04400615901577,2.58190496589056,2.57578351185541,2.57881841112598,2.57177214742649
Case2_20dB,469.762522140483,40.6076782713128,1.94085944046294,1.90108759406523,76.1158383813274,18.8700455603784,1.8492350923357,1.82357754202783,63.4534197810717,27.3967578464313,2.14447262985445,2.11931534170557,37.1310308502913,1.25090458089657,0.873312420138524,0.869884044935006,43.5378987673019,1.71672310291663,0.753685963240013,0.743551672586747,16.4728956456851,2.24768188320027,0.742444059157907,0.732531654833787,26.7594279523439,0.988288983415741,0.851482824721614,0.846387471293707,30.2756195953524,3.7195028977672,1.11209191774458,1.1077166907201,117.828651219115,15.5350190859147,2.73782326789108,2.72926504277032
