Case,Pipe1_Standard,Pipe1_Chen,Pipe1_EKF_LE,Pipe1_AFEKF,Pipe2_Standard,Pipe2_Chen,Pipe2_EKF_LE,Pipe2_AFEKF,Pipe3_Standard,Pipe3_Chen,Pipe3_EKF_LE,Pipe3_AFEKF,Pipe4_Standard,Pipe4_Chen,Pipe4_EKF_LE,Pipe4_AFEKF,Pipe5_Standard,Pipe5_Chen,Pipe5_EKF_LE,Pipe5_AFEKF,Pipe7_Standard,Pipe7_Chen,Pipe7_EKF_LE,Pipe7_AFEKF,Pipe8_Standard,Pipe8_Chen,Pipe8_EKF_LE,Pipe8_AFEKF,Pipe10_Standard,Pipe10_Chen,Pipe10_EKF_LE,Pipe10_AFEKF,Flow_Standard,Flow_Chen,Flow_EKF_LE,Flow_AFEKF
Case1_Clean,1.54018141800364,1.54029979845762,1.53965623553329,1.50727579797148,1.57459180956258,1.57438386497647,1.57471360400992,1.54048550583392,1.68467225665777,1.68496738643919,1.68493470047802,1.65038591247074,0.875799362769953,0.875835373824959,0.876240617084842,0.868977770860665,0.887199391490639,0.889311780050911,0.887141520677237,0.874817589825395,0.728512011113126,0.7279423621158,0.721327798845614,0.71593862845083,0.711330793314749,0.710597023081208,0.707936512364612,0.693963029765761,0.988810017300222,0.990269550385831,0.986600587589161,0.964707341119555,2.53302086453083,2.52659546728518,2.53224927287911,2.51682530037883
Case2_20dB,589.811996409103,59.7105276260116,1.64715975299989,1.63673185848688,42.210162942996,13.3584438895226,1.666081515808,1.64617352811673,51.4332727163912,27.956601900591,1.80891452789394,1.79183734905556,15.2939280652838,4.41682769478787,0.88506511453502,0.886956544136961,1.75137469893636,1.86242646698443,0.900414412374638,0.891210382284385,21.3636658230543,1.73570084704558,0.637876623640067,0.631374403810363,7.26200742223881,1.37816701975003,0.759954720592992,0.751700210113078,34.9431264119632,4.41867127420658,1.03871633650759,1.02640499842507,144.259918977798,21.0298028010854,2.71150937701184,2.7043197351035
