Case,Pipe1_Standard,Pipe1_Chen,Pipe1_EKF_LE,Pipe1_AFEKF,Pipe2_Standard,Pipe2_Chen,Pipe2_EKF_LE,Pipe2_AFEKF,Pipe3_Standard,Pipe3_Chen,Pipe3_EKF_LE,Pipe3_AFEKF,Pipe4_Standard,Pipe4_Chen,Pipe4_EKF_LE,Pipe4_AFEKF,Pipe5_Standard,Pipe5_Chen,Pipe5_EKF_LE,Pipe5_AFEKF,Pipe7_Standard,Pipe7_Chen,Pipe7_EKF_LE,Pipe7_AFEKF,Pipe8_Standard,Pipe8_Chen,Pipe8_EKF_LE,Pipe8_AFEKF,Pipe10_Standard,Pipe10_Chen,Pipe10_EKF_LE,Pipe10_AFEKF,Flow_Standard,Flow_Chen,Flow_EKF_LE,Flow_AFEKF
Case1_Clean,1.36819483381555,1.37095290611176,1.36627576034243,1.35757401008815,1.42980980541167,1.43080675382489,1.4301672043795,1.4170036439255,1.64311579225531,1.64512231903793,1.64348120376498,1.62174842929545,0.85259221154534,0.852570959420089,0.852248179552551,0.846229698448558,0.757912969494426,0.756844678581346,0.757837859953494,0.746802798041002,0.771208548449342,0.771427809570043,0.771211503367504,0.766381518938585,0.653653517611063,0.652968763067853,0.652552194872703,0.641126847348253,1.00392324573645,1.00432397064793,0.998837762310446,0.985809620259205,2.58326507501961,2.56774984633389,2.5738220930017,2.56445987499702
Case2_20dB,501.402451815074,67.1180236157619,1.34715712050881,1.26906372168355,67.5857923269338,8.3250816962206,1.3842900413978,1.34861783611514,66.9231021365716,19.7452856601742,1.52854853655515,1.46774864290573,41.4346584934793,8.23253847383654,0.851766497581329,0.835244015026944,28.6111334487634,3.72873849683432,0.717109072443378,0.687205327123274,24.5455588455857,10.3568759744936,0.7741447816477,0.762210141551354,23.5697411508553,0.916168000549297,0.620891880261492,0.588077839060774,19.9537355784309,4.42407897287428,1.01967439989375,0.977953840613559,128.24503963467,22.846560334088,2.57077108198057,2.54587190803605
