Case,Pipe1_Standard,Pipe1_Chen,Pipe1_EKF_LE,Pipe1_AFEKF,Pipe2_Standard,Pipe2_Chen,Pipe2_EKF_LE,Pipe2_AFEKF,Pipe3_Standard,Pipe3_Chen,Pipe3_EKF_LE,Pipe3_AFEKF,Pipe4_Standard,Pipe4_Chen,Pipe4_EKF_LE,Pipe4_AFEKF,Pipe5_Standard,Pipe5_Chen,Pipe5_EKF_LE,Pipe5_AFEKF,Pipe7_Standard,Pipe7_Chen,Pipe7_EKF_LE,Pipe7_AFEKF,Pipe8_Standard,Pipe8_Chen,Pipe8_EKF_LE,Pipe8_AFEKF,Pipe10_Standard,Pipe10_Chen,Pipe10_EKF_LE,Pipe10_AFEKF,Flow_Standard,Flow_Chen,Flow_EKF_LE,Flow_AFEKF
Case1_Clean,1.47326420282796,1.4732983977206,1.4727607341079,1.4704248851785,1.55572439427907,1.55555330702017,1.55539558452887,1.54988808609726,1.68564854074364,1.68559265936522,1.68545122656963,1.68028370984387,0.795467610581018,0.795441826747159,0.795499382499003,0.794463697265216,0.762913236901976,0.763426508591209,0.762923814539467,0.757276738079351,0.787928091383874,0.787928818467486,0.787953643632801,0.786146879150059,0.733421387118334,0.733519742743761,0.736330988640033,0.731243426412788,0.958986442102948,0.958982331029943,0.958859244838855,0.952859518550605,2.3525866368497,2.34767809358459,2.35203474243633,2.34907806283669
Case2_20dB,562.715573454991,78.5198442731907,1.44498000122388,1.4528877805144,59.6910638621478,8.83188764451578,1.52491553664221,1.50828803551621,44.5076913759754,17.5081714106976,1.64193400542379,1.62712364054705,9.82150416153736,10.2621938842011,0.793354035315135,0.791861140916643,22.1964971409654,4.81443470847993,0.805817995064163,0.799590561253293,17.4792232337369,13.0712324602962,0.767174943636704,0.763269878222305,24.3093251040433,2.53680825175827,0.724809743505443,0.721719070464055,35.4445611246201,11.0145767434785,0.951622936483406,0.945249790521039,138.122698201285,25.964006789785,2.2747284064476,2.27035249142735
