Case,Pipe1_Standard,Pipe1_Chen,Pipe1_EKF_LE,Pipe1_AFEKF,Pipe2_Standard,Pipe2_Chen,Pipe2_EKF_LE,Pipe2_AFEKF,Pipe3_Standard,Pipe3_Chen,Pipe3_EKF_LE,Pipe3_AFEKF,Pipe4_Standard,Pipe4_Chen,Pipe4_EKF_LE,Pipe4_AFEKF,Pipe5_Standard,Pipe5_Chen,Pipe5_EKF_LE,Pipe5_AFEKF,Pipe7_Standard,Pipe7_Chen,Pipe7_EKF_LE,Pipe7_AFEKF,Pipe8_Standard,Pipe8_Chen,Pipe8_EKF_LE,Pipe8_AFEKF,Pipe10_Standard,Pipe10_Chen,Pipe10_EKF_LE,Pipe10_AFEKF,Flow_Standard,Flow_Chen,Flow_EKF_LE,Flow_AFEKF
Case1_Clean,1.48949665247123,1.48970463873427,1.48801436922854,1.48076645373511,1.44852011073259,1.44798484587109,1.4498957588254,1.44173622970446,1.60166472874541,1.6017957774352,1.60201606995857,1.59014347932415,0.857031184028052,0.857051462135272,0.857060930519093,0.853561936731777,0.736321183892715,0.736051378621894,0.736205233377351,0.730056762840435,0.81605508097063,0.813009853304378,0.81660017485491,0.810983136127826,0.745197446037016,0.744570276594425,0.746084276518068,0.74113879039036,0.933817538213491,0.932761931797336,0.932837351768046,0.927823760214421,2.43290591205875,2.4271455423579,2.43188526216129,2.42669274913173
Case2_20dB,534.163388121777,74.7209766593533,1.52082612388865,1.49552087964681,93.3919122102736,10.6552075107904,1.47634040276216,1.47251096906832,72.1467431604518,17.0581189751977,1.66988710481939,1.66186992159981,14.8286734763256,7.0884921468966,0.912300286784537,0.90485503478817,1.6060880113121,3.5486248896502,0.734278769701983,0.726724897321477,37.0827736307833,6.74950969607989,0.82763069797617,0.821919919828162,8.65306180204042,2.18553968047508,0.741392411019261,0.734493279401289,32.2556606975675,7.33073228756688,0.977368379150508,0.972590019766196,132.769929242048,21.7922570665889,2.61332473239064,2.60638613478198
