Case,Pipe1_Standard,Pipe1_Chen,Pipe1_EKF_LE,Pipe1_AFEKF,Pipe2_Standard,Pipe2_Chen,Pipe2_EKF_LE,Pipe2_AFEKF,Pipe3_Standard,Pipe3_Chen,Pipe3_EKF_LE,Pipe3_AFEKF,Pipe4_Standard,Pipe4_Chen,Pipe4_EKF_LE,Pipe4_AFEKF,Pipe5_Standard,Pipe5_Chen,Pipe5_EKF_LE,Pipe5_AFEKF,Pipe7_Standard,Pipe7_Chen,Pipe7_EKF_LE,Pipe7_AFEKF,Pipe8_Standard,Pipe8_Chen,Pipe8_EKF_LE,Pipe8_AFEKF,Pipe10_Standard,Pipe10_Chen,Pipe10_EKF_LE,Pipe10_AFEKF,Flow_Standard,Flow_Chen,Flow_EKF_LE,Flow_AFEKF
Case1_Clean,1.86686446421794,1.86693452223213,1.86851806552663,1.8690022622679,1.85762562532206,1.85762302885285,1.85880169374474,1.85871874216076,2.03117469789787,2.03105549234661,2.03082937703056,2.03155116711822,0.934685642102229,0.93472338056304,0.935414511575385,0.935617299647567,0.978867039102879,0.979227978416593,0.978023802128468,0.977187844726905,0.749090961150943,0.749684008965132,0.748856119631066,0.74826834936947,0.690576718755785,0.691588887718513,0.690563603387819,0.690142867096114,0.991331330270335,0.991379815525683,0.991508667354567,0.989320396602995,2.54626540200305,2.54031921253413,2.54278380330257,2.54241794892468
Case2_20dB,470.094805199234,36.1713006863007,1.45231065679304,1.46027829027479,84.5467443398251,16.6710692708833,1.37224901646273,1.36031990359698,82.6175493765117,25.9863339625873,1.58207735931419,1.57267548658209,40.6232071795484,2.23063821027941,0.966217746153257,0.963663956074576,28.4947176240634,1.1022184182586,0.941186623431246,0.938298669683371,20.3021495114314,2.46971359920366,0.685663607218576,0.679163975926202,15.4933915702685,0.919375833964659,0.657114999680159,0.645882867701035,18.258800953377,4.19778085147735,0.975828797892793,0.968322724399631,120.088383903595,13.3419389638736,2.17298764177511,2.16823259810246
