Case,Pipe1_Standard,Pipe1_Chen,Pipe1_EKF_LE,Pipe1_AFEKF,Pipe2_Standard,Pipe2_Chen,Pipe2_EKF_LE,Pipe2_AFEKF,Pipe3_Standard,Pipe3_Chen,Pipe3_EKF_LE,Pipe3_AFEKF,Pipe4_Standard,Pipe4_Chen,Pipe4_EKF_LE,Pipe4_AFEKF,Pipe5_Standard,Pipe5_Chen,Pipe5_EKF_LE,Pipe5_AFEKF,Pipe7_Standard,Pipe7_Chen,Pipe7_EKF_LE,Pipe7_AFEKF,Pipe8_Standard,Pipe8_Chen,Pipe8_EKF_LE,Pipe8_AFEKF,Pipe10_Standard,Pipe10_Chen,Pipe10_EKF_LE,Pipe10_AFEKF,Flow_Standard,Flow_Chen,Flow_EKF_LE,Flow_AFEKF
Case1_Clean,1.37259668378336,1.37245627578715,1.37059720077269,1.37692176695569,1.53984029651872,1.53993540866921,1.54106139357386,1.54662107091718,1.71467269142106,1.71462401518817,1.7131689958713,1.72038491962235,0.867196082833575,0.867240610763383,0.868876124231291,0.870272907190794,0.746864446123152,0.746504726841832,0.746124974127749,0.75061132726776,0.758866713099161,0.758438440126475,0.75809570412027,0.760945963106194,0.762363602943727,0.76189667372347,0.761926811976057,0.766585948566683,0.99869476684398,0.998887316158272,0.999386191607727,1.00352771134599,2.51237855435463,2.50857537495279,2.51194634310375,2.51517905150022
Case2_20dB,494.406096055907,68.4202523037056,1.42463597084237,1.3972962620693,82.5743287870207,10.8310859645976,1.62383831617473,1.61249565729778,68.6925207819465,23.5460391562452,1.79342494264999,1.77950046650175,7.84591611632653,8.69316354509487,0.8686390347651,0.86560072634631,1.92685367187195,4.27254062713657,0.710431692725376,0.703004912849194,34.9994602771271,11.6764090473213,0.77384695082118,0.768641161677023,29.2376141337574,2.25624457768267,0.803443682597034,0.786451025701324,31.3110083505238,8.8962793543471,1.03650725753533,1.02982783481111,122.364025797746,25.4339247426496,2.66758241147246,2.66192033838287
