Case,Pipe1_Standard,Pipe1_Chen,Pipe1_EKF_LE,Pipe1_AFEKF,Pipe2_Standard,Pipe2_Chen,Pipe2_EKF_LE,Pipe2_AFEKF,Pipe3_Standard,Pipe3_Chen,Pipe3_EKF_LE,Pipe3_AFEKF,Pipe4_Standard,Pipe4_Chen,Pipe4_EKF_LE,Pipe4_AFEKF,Pipe5_Standard,Pipe5_Chen,Pipe5_EKF_LE,Pipe5_AFEKF,Pipe7_Standard,Pipe7_Chen,Pipe7_EKF_LE,Pipe7_AFEKF,Pipe8_Standard,Pipe8_Chen,Pipe8_EKF_LE,Pipe8_AFEKF,Pipe10_Standard,Pipe10_Chen,Pipe10_EKF_LE,Pipe10_AFEKF,Flow_Standard,Flow_Chen,Flow_EKF_LE,Flow_AFEKF
Case1_Clean,2.0200422485949,2.02072661218507,2.02139058077741,2.02513897791684,1.8941229381958,1.89371972822273,1.89306940844231,1.89466774833589,2.09298115364488,2.09287209862185,2.09791284678073,2.10283083315557,0.954218454258574,0.9542295475519,0.954338873026972,0.955261362631678,0.989457127972136,0.990219320520997,0.969259100333722,0.972143582134467,0.859445748219163,0.859647335397842,0.858816208676253,0.859910046934242,0.813064290691777,0.81398908912864,0.814300077657905,0.816053209283185,1.0704050369363,1.07187896418756,1.06952823642049,1.07064032699344,2.85509918963103,2.85059317471666,2.8549577406227,2.85616749823981
Case2_20dB,506.411345506739,35.1286557248062,1.84556276444336,1.84919457619182,72.8033913049865,14.6470004325732,1.85327685078159,1.83386567858315,68.4723379732445,23.0112459638811,2.10538817549381,2.08225318915999,47.9515966442537,3.61514140933041,0.974136731314304,0.969560577555567,44.1652882042632,1.34304217607002,0.983350269627362,0.971124482472381,17.6908111759189,5.59534933311983,0.841837790574759,0.836064354670327,27.2782432331061,1.80722870933808,0.85055417231231,0.841022035420115,14.8756987606111,4.95343294630741,1.12095666909777,1.10169250877119,126.482055981418,14.1940420742582,2.96399974578948,2.9557622141778
