Case,Pipe1_Standard,Pipe1_Chen,Pipe1_EKF_LE,Pipe1_AFEKF,Pipe2_Standard,Pipe2_Chen,Pipe2_EKF_LE,Pipe2_AFEKF,Pipe3_Standard,Pipe3_Chen,Pipe3_EKF_LE,Pipe3_AFEKF,Pipe4_Standard,Pipe4_Chen,Pipe4_EKF_LE,Pipe4_AFEKF,Pipe5_Standard,Pipe5_Chen,Pipe5_EKF_LE,Pipe5_AFEKF,Pipe7_Standard,Pipe7_Chen,Pipe7_EKF_LE,Pipe7_AFEKF,Pipe8_Standard,Pipe8_Chen,Pipe8_EKF_LE,Pipe8_AFEKF,Pipe10_Standard,Pipe10_Chen,Pipe10_EKF_LE,Pipe10_AFEKF,Flow_Standard,Flow_Chen,Flow_EKF_LE,Flow_AFEKF
Case1_Clean,1.54524145597422,1.54509241829862,1.54525162567209,1.54759879793181,1.52771614214091,1.52765124712644,1.51761157751714,1.51534024753519,1.84872445862982,1.84904473859256,1.84655623496822,1.84405295603523,0.949531215023544,0.949491899063255,0.949618779361528,0.949066546148003,0.74370940639004,0.742881051615573,0.734816588988514,0.735143459269273,0.740516503071794,0.743763908833702,0.74356939068382,0.746606325138393,0.753980934614005,0.75038223758884,0.753949387195056,0.754215582448675,1.10188224707423,1.09962914372997,1.0990535851993,1.09539766266592,2.84581454431354,2.84036975734467,2.8449581089356,2.84377024943336
Case2_20dB,550.836273742826,96.4150232501123,1.57678179204782,1.58065396828274,52.4921245380325,28.4958062702689,1.55568486534306,1.52881158970624,54.9687893877234,12.6751889429968,1.812999353328,1.79775229566315,15.3073810596891,7.22636985058362,0.976016264984339,0.971728984515712,1.84074001377255,4.13459300327742,0.702853347658587,0.700724718971282,17.9886925178889,6.13138129980331,0.72761387838159,0.719087620222044,25.256700906845,2.69497858804914,0.726468221557054,0.718917267419776,34.4153602404187,8.88801528024795,1.0628467851799,1.06767780217459,134.170331977714,29.7422832063781,2.71024759621484,2.70426597733357
