Period,P_RMSE_Standard,P_RMSE_Chen,P_RMSE_EKF_LE,P_RMSE_AFEKF,M_RMSE_Standard,M_RMSE_Chen,M_RMSE_EKF_LE,M_RMSE_AFEKF,Pipe1_Standard,Pipe1_Chen,Pipe1_EKF_LE,Pipe1_AFEKF,Pipe5_Standard,Pipe5_Chen,Pipe5_EKF_LE,Pipe5_AFEKF
Full_Period,0.93496047214245,0.0690415395407206,0.055775237761103,0.0551539259292818,4.77220811474913,3.41864675711545,2.6252314533632,2.60367919217928,15.6274455976528,2.5383453667786,1.36703138474859,1.2951788364529,0.936932690070288,3.60980990031083,1.02452925293159,0.813700946317176
Normal_0to6h_18to24h,0.105027981508627,0.064454194175307,0.059172251733125,0.0581651970677881,4.53477713519127,3.38998078651806,2.88800439901604,2.89654513953758,13.7509960265606,1.63682927141289,1.55282584563169,1.45770940689039,0.866414627534381,3.15395889161026,0.921051379559289,0.855425618298736
Leak_12to18h,1.60515654425465,0.0787048206036405,0.0501908601949283,0.0500196925798028,5.17992437010232,3.49932018276424,2.01603014275629,1.90668501452398,18.6472004583583,3.7179012831061,0.869486998435085,0.873555062373452,1.05657105216538,4.42873632790515,1.20976361823191,0.721154070220391
