Period,P_RMSE_Standard,P_RMSE_Chen,P_RMSE_EKF_LE,P_RMSE_AFEKF,M_RMSE_Standard,M_RMSE_Chen,M_RMSE_EKF_LE,M_RMSE_AFEKF,Pipe1_Standard,Pipe1_Chen,Pipe1_EKF_LE,Pipe1_AFEKF,Pipe5_Standard,Pipe5_Chen,Pipe5_EKF_LE,Pipe5_AFEKF
Full_Period,0.243104841329302,0.0705242124336056,0.0552384174294275,0.0562823290966765,4.71117882947742,3.18359330898302,2.34188087360836,2.32266096319901,16.1913687201593,2.62819399553855,1.26546411770567,1.28267291807766,2.71522005302653,3.66867966644532,1.46263376478662,1.22293301845321
Normal_0to6h_18to24h,0.102334083252384,0.062432059836741,0.0552482783754162,0.0565622793524431,4.18687565860292,2.91476206828157,2.32763548417289,2.34378673189851,14.2772411871197,1.23439320691452,1.15952154065993,1.23101918780421,0.78162143120212,3.22508635501382,0.927189020441538,0.801287797930975
Leak_12to18h,0.393638522535953,0.0840533171330788,0.054632901940888,0.0551957773167456,5.56310152780423,3.66238126230901,2.34544134045428,2.25424948592797,19.2748709015343,4.1812544033084,1.4393048627513,1.36353769390364,4.54934743796143,4.47248794002419,2.16454968807514,1.78128673459319
