Period,P_RMSE_Standard,P_RMSE_Chen,P_RMSE_EKF_LE,P_RMSE_AFEKF,M_RMSE_Standard,M_RMSE_Chen,M_RMSE_EKF_LE,M_RMSE_AFEKF,Pipe1_Standard,Pipe1_Chen,Pipe1_EKF_LE,Pipe1_AFEKF,Pipe5_Standard,Pipe5_Chen,Pipe5_EKF_LE,Pipe5_AFEKF
Full_Period,0.411694322024055,0.0714451367337306,0.0569404759670687,0.0547640130037221,4.8704248390888,3.05813416146666,2.12385345625207,2.12173608607952,17.2960673271061,2.39116875819866,1.34510951690626,1.26425127467705,3.50058188969843,3.71989052932942,0.968890510976285,0.83619370653172
Normal_0to6h_18to24h,0.104033302464229,0.0617691973887378,0.0587520493841387,0.0553531360179431,4.06994879668208,2.83943132256031,2.25769576349514,2.27167271646262,13.9268653745046,1.37749816124405,1.45494817132172,1.34859312723799,0.866211247546584,3.26026578835752,0.882558283704982,0.882704442248703
Leak_12to18h,0.69451274485274,0.0876164729693742,0.0532216637163894,0.0536281182175957,6.13248459835382,3.48273025253272,1.85701264782536,1.81423171424206,22.3922584225579,3.66609444905265,1.18493459721708,1.16506329579102,5.91265030549421,4.53725867760508,1.11018226717834,0.741497428209851
