Period,P_RMSE_Standard,P_RMSE_Chen,P_RMSE_EKF_LE,P_RMSE_AFEKF,M_RMSE_Standard,M_RMSE_Chen,M_RMSE_EKF_LE,M_RMSE_AFEKF,Pipe1_Standard,Pipe1_Chen,Pipe1_EKF_LE,Pipe1_AFEKF,Pipe5_Standard,Pipe5_Chen,Pipe5_EKF_LE,Pipe5_AFEKF
Full_Period,0.914073891806207,0.0695877657147336,0.0549479450159265,0.0556941370490288,4.73003032429576,3.33483641067859,2.47241025525221,2.48197304263838,15.5722575973797,2.12104251730219,1.25721512889067,1.35043509775977,0.938899886387936,3.71191848236889,0.952432570246168,0.799922266295721
Normal_0to6h_18to24h,0.10217789540396,0.0595289902943982,0.0524609749506771,0.0547911051889489,4.17066326256075,2.86505820087117,2.26723452469268,2.27716237765066,14.1320186476189,1.10330644958173,1.10411983230258,1.05352851089118,0.819164286168527,3.29241630139861,0.866220630702485,0.811395535291983
Leak_12to18h,1.56930597626607,0.0857454200010785,0.0589538564278458,0.0568234612681168,5.63171233348871,4.10734162246933,2.80985804252024,2.81863612592631,17.926048555202,3.30879024335467,1.50445890316021,1.79163485089858,1.13272994613266,4.47541748394853,1.0945943390169,0.766879946573899
