Period,P_RMSE_Standard,P_RMSE_Chen,P_RMSE_EKF_LE,P_RMSE_AFEKF,M_RMSE_Standard,M_RMSE_Chen,M_RMSE_EKF_LE,M_RMSE_AFEKF,Pipe1_Standard,Pipe1_Chen,Pipe1_EKF_LE,Pipe1_AFEKF,Pipe5_Standard,Pipe5_Chen,Pipe5_EKF_LE,Pipe5_AFEKF
Full_Period,0.127022118304061,0.0678549875378529,0.050641529677294,0.050719637459463,4.97439172717734,3.19937158261698,2.26285265468546,2.2859098574401,17.2647422016236,2.11540451089387,1.10161391039753,1.0736705762626,2.05258039163255,3.71225267926629,1.37702950813947,0.794319413917923
Normal_0to6h_18to24h,0.101062236627518,0.0598893411213537,0.0506155081314567,0.050598967024196,4.22416518175776,3.01059113958707,2.3113373936316,2.41631252887147,13.9340400074609,1.28560526194938,1.23651472777745,1.2117380162126,0.836393205339218,3.23611478848683,0.784306329522815,0.7732966676526
Leak_12to18h,0.166995651154663,0.0826899176048069,0.0522666785780478,0.0521125510267339,6.16173511833076,3.55523160607709,2.15462719190447,1.98996748665815,22.3073900439289,3.16148458431221,0.741046200157389,0.699806644437525,3.335494606335,4.55529796199129,2.10599990096843,0.826178153360893
