Period,P_RMSE_Standard,P_RMSE_Chen,P_RMSE_EKF_LE,P_RMSE_AFEKF,M_RMSE_Standard,M_RMSE_Chen,M_RMSE_EKF_LE,M_RMSE_AFEKF,Pipe1_Standard,Pipe1_Chen,Pipe1_EKF_LE,Pipe1_AFEKF,Pipe5_Standard,Pipe5_Chen,Pipe5_EKF_LE,Pipe5_AFEKF
Full_Period,0.344597421984731,0.0736716979102402,0.0580021420773189,0.0580482192793462,4.69423515822973,3.15980954422598,2.24492025521368,2.19190132731489,16.0966589691764,2.49384210899685,1.23772888045983,1.20923317751044,3.2934304233886,3.8060139709531,1.30824116094585,0.850500223768229
Normal_0to6h_18to24h,0.104207827342788,0.0621581887912854,0.0551555610499806,0.0557160211655099,4.03960620610691,2.91107451011708,2.28367116633653,2.30643813375386,13.2175383891201,1.22754283778062,1.23238695827736,1.18302186441064,0.757507362621874,3.29749235289291,0.92603074222972,0.892851564554701
Leak_12to18h,0.575812708973729,0.0933773099115177,0.0644429648949943,0.0632392636457986,5.76010516634858,3.64589652353182,2.20332753682264,1.98858933833126,20.5111082687041,3.93372456465869,1.23188645474137,1.24463401610745,5.58316769394793,4.70920924358557,1.86617495013841,0.799935987467233
