Period,P_RMSE_Standard,P_RMSE_Chen,P_RMSE_EKF_LE,P_RMSE_AFEKF,M_RMSE_Standard,M_RMSE_Chen,M_RMSE_EKF_LE,M_RMSE_AFEKF,Pipe1_Standard,Pipe1_Chen,Pipe1_EKF_LE,Pipe1_AFEKF,Pipe5_Standard,Pipe5_Chen,Pipe5_EKF_LE,Pipe5_AFEKF
Full_Period,0.384288263631109,0.0704048430290767,0.059386570689024,0.0564480446452694,5.07222573019061,3.43501358297579,2.57941058781022,2.58898886065496,16.8267540129006,2.57820640528342,1.32785229618645,1.38711002917997,1.93986328077516,3.71316972638805,1.12465712197114,0.954141456156319
Normal_0to6h_18to24h,0.103842719467528,0.0628850619482767,0.0632244455427025,0.0582002991775729,4.18910369665007,3.05410610566176,2.44861118097762,2.48849481158476,13.8257696701107,1.48849069454007,1.38113348480463,1.42798726932973,0.807673118072551,3.25470809404845,0.834066013664117,0.825104295159129
Leak_12to18h,0.646305624607662,0.0830248875000503,0.0499765470047559,0.052019978882517,6.43309950313109,4.08600168437978,2.79241679814665,2.7475822270569,21.4308499335506,3.91599148759802,1.1959415026491,1.28324632906967,3.14422505820799,4.54810318838265,1.54754923946076,1.16707617321137
