Period,P_RMSE_Standard,P_RMSE_Chen,P_RMSE_EKF_LE,P_RMSE_AFEKF,M_RMSE_Standard,M_RMSE_Chen,M_RMSE_EKF_LE,M_RMSE_AFEKF,Pipe1_Standard,Pipe1_Chen,Pipe1_EKF_LE,Pipe1_AFEKF,Pipe5_Standard,Pipe5_Chen,Pipe5_EKF_LE,Pipe5_AFEKF
Full_Period,0.419459439508386,0.0765609025222108,0.0629655952214013,0.0610044272604413,5.21661880772966,3.24355915081085,2.33986906720842,2.32113950363161,17.6085416280929,3.45298643536516,1.32198122735872,1.22335328798216,2.05119030007666,3.61433920635622,1.29156258144097,0.877125124413039
Normal_0to6h_18to24h,0.103363604257056,0.0642710531562137,0.0585279117569878,0.0580538940785267,4.02860713756664,2.80668551479752,2.18900992016516,2.23113366255681,13.6665521182439,1.11651388889982,1.08467141512219,1.1106254209038,0.899586428525337,3.13771474625951,0.929707588481784,0.882943721918561
Leak_12to18h,0.708483807546655,0.096661274497621,0.0711310113767822,0.0665194890774818,6.97339814398446,3.99582178071209,2.6242238711159,2.49965748319579,23.4098296475906,5.74112267178515,1.6975398459786,1.41514696601256,3.32625492157188,4.49246492790978,1.85345631222401,0.952097809719324
