Period,P_RMSE_Standard,P_RMSE_Chen,P_RMSE_EKF_LE,P_RMSE_AFEKF,M_RMSE_Standard,M_RMSE_Chen,M_RMSE_EKF_LE,M_RMSE_AFEKF,Pipe1_Standard,Pipe1_Chen,Pipe1_EKF_LE,Pipe1_AFEKF,Pipe5_Standard,Pipe5_Chen,Pipe5_EKF_LE,Pipe5_AFEKF
Full_Period,0.110903054054587,0.0734975409825118,0.059313916130007,0.0611532956996584,5.04385414568703,3.77284639059927,2.99794909172848,3.04407322989782,15.4149018088787,2.64394931023126,1.48252386637374,1.42151251995667,1.27708987318572,3.68629380554711,0.889890584534022,0.826239233555017
Normal_0to6h_18to24h,0.104941637780849,0.0658179774171452,0.0596569932656635,0.0622576422108058,4.58880818221317,3.45119768175515,2.91492930876174,2.97739694425741,14.0871980192286,1.89212034128866,1.66904161279434,1.54162997746356,0.751496864040442,3.22375535673825,0.796202388917841,0.898053754267715
Leak_12to18h,0.121843772289756,0.0873807189754816,0.0592672112107646,0.0595418144936991,5.79076125104394,4.33085383128266,3.12445089650942,3.13936163627861,17.5887113149503,3.690302572683,0.980495057462323,1.12033553826323,1.93098407400017,4.51238686351718,1.04446663671355,0.650181869137571
