Period,P_RMSE_Standard,P_RMSE_Chen,P_RMSE_EKF_LE,P_RMSE_AFEKF,M_RMSE_Standard,M_RMSE_Chen,M_RMSE_EKF_LE,M_RMSE_AFEKF,Pipe1_Standard,Pipe1_Chen,Pipe1_EKF_LE,Pipe1_AFEKF,Pipe5_Standard,Pipe5_Chen,Pipe5_EKF_LE,Pipe5_AFEKF
Full_Period,0.124455955921657,0.0697916909772505,0.0551397766940564,0.0570806283666031,5.03690318673475,3.32037746300347,2.50574595475409,2.53126800199844,17.3840725442937,2.12303411148878,1.10694600668287,1.13643251528655,1.49220817036634,3.65598937242113,1.16812166729327,1.23160311683498
Normal_0to6h_18to24h,0.102202854256987,0.0626432400424113,0.0547545715334732,0.0563076650115112,4.22223231320343,3.01943877585466,2.45616922066348,2.48092999347673,14.0751404716313,1.11593540209897,1.14860259765354,1.10783526008252,1.02564190682221,3.26421405728704,1.03516834645405,1.10371771091315
Leak_12to18h,0.159659200156036,0.0828301244672353,0.0568701107228536,0.0589246135205478,6.35501298186032,3.91795151025727,2.68236241874391,2.71103495724109,22.4056620343291,3.30568828488034,1.01175283734655,1.18532605677711,2.12508958376624,4.3633233372578,1.38496789575432,1.43953593773196
