Period,P_RMSE_Standard,P_RMSE_Chen,P_RMSE_EKF_LE,P_RMSE_AFEKF,M_RMSE_Standard,M_RMSE_Chen,M_RMSE_EKF_LE,M_RMSE_AFEKF,Pipe1_Standard,Pipe1_Chen,Pipe1_EKF_LE,Pipe1_AFEKF,Pipe5_Standard,Pipe5_Chen,Pipe5_EKF_LE,Pipe5_AFEKF
Full_Period,0.105327521384815,0.0681781203344169,0.0531465703681831,0.0560333173393426,5.10512055021481,3.60553866122118,2.74552962901547,2.73350221829609,16.1055803364653,2.65045721177326,1.50977373064492,1.46619599569275,2.12885879391986,3.73920446824707,1.03565656197077,0.877469928587883
Normal_0to6h_18to24h,0.10415538825915,0.0619429275254017,0.0550028468766265,0.0578874533954127,4.51346947882921,3.5172813575937,2.98023503259895,2.9897305507745,13.2218176822853,1.93097832474378,1.66383046375159,1.64816417383589,0.828546626032854,3.22650400074555,0.745075593701187,0.908123965499532
Leak_12to18h,0.107773995555321,0.079223615222274,0.0491435895309534,0.0522632807198113,6.06135783301152,3.76016817711781,2.15807982685548,2.08539097880399,20.5264844659819,3.66480950719187,1.11807194761698,0.983079598578522,3.4781253102716,4.62684541783875,1.44507278314612,0.79981148361117
