Period,P_RMSE_Standard,P_RMSE_Chen,P_RMSE_EKF_LE,P_RMSE_AFEKF,M_RMSE_Standard,M_RMSE_Chen,M_RMSE_EKF_LE,M_RMSE_AFEKF,Pipe1_Standard,Pipe1_Chen,Pipe1_EKF_LE,Pipe1_AFEKF,Pipe5_Standard,Pipe5_Chen,Pipe5_EKF_LE,Pipe5_AFEKF
Full_Period,0.129462648646876,0.0723318476109007,0.0573924784710614,0.0593741377500525,5.02730490770342,3.25162026411681,2.35428394634568,2.37750551966245,17.5419019544602,2.59160585538836,1.39241684678161,1.3930559974648,1.68779654010149,3.6794211265087,1.13662212042093,1.07681268132617
Normal_0to6h_18to24h,0.105234715535757,0.0658597991439533,0.0587048576362729,0.0608470457900254,4.07343139240376,2.89978629685624,2.23157811522174,2.27196349554161,13.9906240483773,1.49935907054056,1.44756530550977,1.3986130727103,1.05715309554971,3.42470017922736,0.85584146750733,0.94032714137664
Leak_12to18h,0.167323440372495,0.0833440482990286,0.0541043549646466,0.0557237531748262,6.50629424947453,3.90461259533289,2.62445962469003,2.61694745977087,22.8757296988082,3.9435959686352,1.26673316905171,1.38538330923991,2.49726799985562,4.20409148519076,1.55709168690802,1.30197969428454
