Period,P_RMSE_Standard,P_RMSE_Chen,P_RMSE_EKF_LE,P_RMSE_AFEKF,M_RMSE_Standard,M_RMSE_Chen,M_RMSE_EKF_LE,M_RMSE_AFEKF,Pipe1_Standard,Pipe1_Chen,Pipe1_EKF_LE,Pipe1_AFEKF,Pipe5_Standard,Pipe5_Chen,Pipe5_EKF_LE,Pipe5_AFEKF
Full_Period,0.402012022674447,0.0683093634109694,0.0483796648823626,0.0509753636622005,5.18067450094786,3.29102351437576,2.34617726117072,2.37384208959109,17.340646408661,2.86161564618646,1.36993804449342,1.35232166619893,2.59795251318505,3.81211795417351,1.03928910729752,0.878936258453313
Normal_0to6h_18to24h,0.104611696871738,0.0544796503763116,0.0453314724325585,0.0494590786065143,4.20118266803142,3.00541080011582,2.3959671402277,2.4516802913467,13.9355462854544,1.63052858122031,1.49781835750288,1.4676039505666,0.907225108144624,3.29197824020859,0.982477944328621,0.885654174280256
Leak_12to18h,0.677345086480049,0.0893522502166775,0.0534487714126728,0.0535274078877403,6.67143518859517,3.79515083565274,2.21706968484728,2.18222556772346,22.4798465723483,4.36153360449315,1.04689370615368,1.06265154687074,4.29267723328206,4.72709951321331,1.14955671757178,0.860880042056978
