Period,P_RMSE_Standard,P_RMSE_Chen,P_RMSE_EKF_LE,P_RMSE_AFEKF,M_RMSE_Standard,M_RMSE_Chen,M_RMSE_EKF_LE,M_RMSE_AFEKF,Pipe1_Standard,Pipe1_Chen,Pipe1_EKF_LE,Pipe1_AFEKF,Pipe5_Standard,Pipe5_Chen,Pipe5_EKF_LE,Pipe5_AFEKF
Full_Period,0.393003915463242,0.0741112493843249,0.0568316461586104,0.057864459104895,5.44049244348469,3.68461815217875,2.93703110343723,2.96281413345767,17.3752465233074,2.44679502034201,1.32871807760962,1.35488301937229,1.42258983256511,3.86531878722699,1.60330071777681,1.31219959672054
Normal_0to6h_18to24h,0.102859361425784,0.0617793474867777,0.0548923666928294,0.0570244962710361,4.40369047081613,3.17907104813579,2.63862283676478,2.70444321984323,14.1717023720304,1.37831669566528,1.30291012269233,1.20895754372426,1.01528554421178,3.31510706843596,1.02378677318308,1.31357642472822
Leak_12to18h,0.66198834140835,0.0936313593516143,0.0599237018740023,0.0588817910803829,7.02895108567577,4.53829937711194,3.45546662684396,3.41944254670998,22.2629202003004,3.74096144540061,1.36245003399388,1.59300729357938,1.99635826403726,4.82477706638374,2.37227020738886,1.3280802434226
