Period,P_RMSE_Standard,P_RMSE_Chen,P_RMSE_EKF_LE,P_RMSE_AFEKF,M_RMSE_Standard,M_RMSE_Chen,M_RMSE_EKF_LE,M_RMSE_AFEKF,Pipe1_Standard,Pipe1_Chen,Pipe1_EKF_LE,Pipe1_AFEKF,Pipe5_Standard,Pipe5_Chen,Pipe5_EKF_LE,Pipe5_AFEKF
Full_Period,0.112335821030129,0.0730146700987067,0.0551127915236193,0.056547161858996,4.59452827651208,3.04291500126355,1.98160153236156,1.99144727756906,15.7934382836199,2.51353871242586,1.10959717894369,1.15236455015849,2.06795361670511,3.81256504254744,0.878218260141932,0.810771733568612
Normal_0to6h_18to24h,0.105080420956285,0.0604688726400918,0.0522942687768426,0.0552211504804204,3.86415877441086,2.42020568249664,1.66990579308513,1.70560831904131,14.0613047068197,1.21767422138136,1.15754128720392,1.21659823401851,0.87577965112007,3.23797845645581,0.937082882086169,0.859718800021091
Leak_12to18h,0.124668861432933,0.0927644473710573,0.0598716822403884,0.0584902174937849,5.74919697894564,4.0266100725808,2.50514564532473,2.47813615572869,18.5999914385663,3.98329367721132,1.02700818100585,1.02323348770669,3.34711264628059,4.80151289352916,0.771783034799803,0.710305768407427
