Period,P_RMSE_Standard,P_RMSE_Chen,P_RMSE_EKF_LE,P_RMSE_AFEKF,M_RMSE_Standard,M_RMSE_Chen,M_RMSE_EKF_LE,M_RMSE_AFEKF,Pipe1_Standard,Pipe1_Chen,Pipe1_EKF_LE,Pipe1_AFEKF,Pipe5_Standard,Pipe5_Chen,Pipe5_EKF_LE,Pipe5_AFEKF
Full_Period,0.111680250045293,0.0722726853802321,0.0646083430030365,0.0598834632390158,4.6934812171305,3.2262143915803,2.32164218421866,2.3087814424515,15.9223214553009,2.5531735576996,1.42512516599628,1.34382529043777,2.89500255277979,3.76619082014303,1.03224530220573,0.964827472668834
Normal_0to6h_18to24h,0.102725708513484,0.0660893517270328,0.0683020790989167,0.0618944270274544,4.0910278672875,3.0135739257277,2.44697496939033,2.44615727623972,13.2641714205515,1.38366928454205,1.5246460710723,1.42160674398777,0.981943007788281,3.32601502088693,0.978402229310768,0.989013359091864
Leak_12to18h,0.127916723546326,0.0849565235971113,0.0592432347230489,0.0578288043251637,5.66884123392213,3.62344824502496,2.04498870945793,2.00242150045618,20.0431206948748,3.95343220904816,1.21875548291097,1.1891561762783,4.79511746331544,4.56396482871381,1.12248208588413,0.901569541490918
