Period,P_RMSE_Standard,P_RMSE_Chen,P_RMSE_EKF_LE,P_RMSE_AFEKF,M_RMSE_Standard,M_RMSE_Chen,M_RMSE_EKF_LE,M_RMSE_AFEKF,Pipe1_Standard,Pipe1_Chen,Pipe1_EKF_LE,Pipe1_AFEKF,Pipe5_Standard,Pipe5_Chen,Pipe5_EKF_LE,Pipe5_AFEKF
Full_Period,0.298109543589203,0.0738596114473456,0.0571420986515185,0.0582960519538896,5.22652043978265,3.63374229198291,2.86399319745643,2.90744164427088,16.6603718555622,2.83687542104033,1.60063850206191,1.57439675964113,1.36431845958488,3.67195776974879,0.98016122773903,0.773438546887905
Normal_0to6h_18to24h,0.109527432411616,0.0649422268003862,0.0560114150474521,0.058123538962108,4.701225670849,3.50543013595241,2.98499930065596,3.06740688380045,14.3474309863644,1.832206468457,1.70342532165477,1.58883514227582,0.807606870103688,3.30129108591326,0.83584047395208,0.788009647369374
Leak_12to18h,0.490419080125162,0.0885543913377345,0.0587108251745517,0.0582694657791755,6.08451989205655,3.86610513625638,2.567440630047,2.51815399286706,20.3297818543828,4.14924693471818,1.34984495486911,1.52620354637896,2.0694922698756,4.3734632562025,1.2076698939606,0.761579617882361
