Period,P_RMSE_Standard,P_RMSE_Chen,P_RMSE_EKF_LE,P_RMSE_AFEKF,M_RMSE_Standard,M_RMSE_Chen,M_RMSE_EKF_LE,M_RMSE_AFEKF,Pipe1_Standard,Pipe1_Chen,Pipe1_EKF_LE,Pipe1_AFEKF,Pipe5_Standard,Pipe5_Chen,Pipe5_EKF_LE,Pipe5_AFEKF
Full_Period,0.20136107769108,0.0677188769309189,0.0499838018413227,0.0527098796525049,4.51923152504092,3.05517472705572,2.14789436189042,2.08859908279159,15.5833486559594,2.6412226324246,1.250338577468,1.22559157357413,2.43159360320446,3.67968175565259,1.38501416612132,0.68881025800819
Normal_0to6h_18to24h,0.102504668526691,0.0577959055427864,0.0491878223052398,0.0528394769184162,3.8399159740789,2.6728780277113,2.05271120855841,2.05699838941911,13.2047191730757,1.16290587741602,1.24312953357757,1.18721541307225,0.671389804885182,3.17613953264753,0.813899970279097,0.669232711641722
Leak_12to18h,0.315735337713466,0.0840161611389806,0.0514499081620427,0.0520397694135414,5.58885987607493,3.70576982552059,2.30565335200618,2.12717264654281,19.3150985192576,4.24901614464688,1.2588956274579,1.29249379455738,4.08341136245035,4.57235570269,2.10087100311836,0.720536520329055
