Period,P_RMSE_Standard,P_RMSE_Chen,P_RMSE_EKF_LE,P_RMSE_AFEKF,M_RMSE_Standard,M_RMSE_Chen,M_RMSE_EKF_LE,M_RMSE_AFEKF,Pipe1_Standard,Pipe1_Chen,Pipe1_EKF_LE,Pipe1_AFEKF,Pipe5_Standard,Pipe5_Chen,Pipe5_EKF_LE,Pipe5_AFEKF
Full_Period,0.112388991528894,0.0703045422840037,0.0516032801931036,0.0565129370997793,4.99485189774767,3.39403485269111,2.53301944614583,2.5362028629868,16.6764617289854,2.37325586475013,1.36720597309654,1.41969643750815,3.03892052433195,3.74094887122883,1.15819506416196,0.874255787666501
Normal_0to6h_18to24h,0.105415433704027,0.0617214176351349,0.0517333397929099,0.0558588844693102,4.12854670526528,2.92622867014658,2.30237722929675,2.32934741524179,13.7781274155065,1.50824023549629,1.38788178144555,1.33313510856157,0.767333418709571,3.25581535627004,0.844046188625482,0.770952636294783
Leak_12to18h,0.125115770154904,0.0847217877854005,0.0508692627040498,0.0572760323421866,6.33167113335008,4.17028276003618,2.91431201316984,2.87918517951838,21.14257461307,3.50198628255918,1.32143889129827,1.581082265785,5.12853032722478,4.60701055790902,1.60115107724237,1.04705373528977
