Period,P_RMSE_Standard,P_RMSE_Chen,P_RMSE_EKF_LE,P_RMSE_AFEKF,M_RMSE_Standard,M_RMSE_Chen,M_RMSE_EKF_LE,M_RMSE_AFEKF,Pipe1_Standard,Pipe1_Chen,Pipe1_EKF_LE,Pipe1_AFEKF,Pipe5_Standard,Pipe5_Chen,Pipe5_EKF_LE,Pipe5_AFEKF
Full_Period,0.112292135165595,0.0720759583583282,0.0554552868009203,0.0572798288628014,4.76441923428598,3.16097360939579,2.22981701652691,2.26082400429363,16.4655330964838,2.76369988890156,1.58596052702844,1.42346285158865,0.892539707657356,3.61483448994081,1.03208899597205,1.09288689640637
Normal_0to6h_18to24h,0.107050939312279,0.0614533607567322,0.0530119700191204,0.0562749098611104,3.95114538676379,2.59578497113037,1.88260596653318,1.95477726618766,14.0450519160713,1.82496701101741,1.7440380955703,1.5876725755013,0.794838454931549,3.21505177400645,0.907917615472166,1.1852382598709
Leak_12to18h,0.122631950816885,0.0892760315378209,0.0594713483377584,0.0586595482832242,6.02784275570886,4.07190252803629,2.78677515894483,2.76482368637749,20.2880935694083,4.0344147019693,1.23760567498335,1.05384853591947,1.05176081963321,4.377404480063,1.24988244829295,0.916862310836399
