Period,P_RMSE_Standard,P_RMSE_Chen,P_RMSE_EKF_LE,P_RMSE_AFEKF,M_RMSE_Standard,M_RMSE_Chen,M_RMSE_EKF_LE,M_RMSE_AFEKF,Pipe1_Standard,Pipe1_Chen,Pipe1_EKF_LE,Pipe1_AFEKF,Pipe5_Standard,Pipe5_Chen,Pipe5_EKF_LE,Pipe5_AFEKF
Full_Period,0.395529827557938,0.0692506992654383,0.0533614993806767,0.0554544122671329,5.58168559848624,3.85495512603584,3.03145129202869,3.0609401805124,17.3496362127302,2.93805730728761,1.60849907153904,1.42981912618708,0.864518075417693,3.80805273733029,0.951523889804465,1.21679618809764
Normal_0to6h_18to24h,0.102335006023074,0.0575691936678134,0.0528367256993517,0.0563475465099072,4.75026075527663,3.62911133785593,3.05991194612228,3.12206319933004,14.0874017245289,2.00881900494591,1.70721748397185,1.56657581040335,0.895591090477018,3.27439226053993,0.908674045443793,1.39330305644958
Leak_12to18h,0.66651254312628,0.0879759239832627,0.0546630363105978,0.0539210483273099,6.89110039039079,4.25370719870581,2.93318108025199,2.89256592249908,22.3105014100307,4.19422183754735,1.36694708784284,1.08349813805216,0.786990081778493,4.73827242467548,1.03097894473281,0.724988930655652
