Period,P_RMSE_Standard,P_RMSE_Chen,P_RMSE_EKF_LE,P_RMSE_AFEKF,M_RMSE_Standard,M_RMSE_Chen,M_RMSE_EKF_LE,M_RMSE_AFEKF,Pipe1_Standard,Pipe1_Chen,Pipe1_EKF_LE,Pipe1_AFEKF,Pipe5_Standard,Pipe5_Chen,Pipe5_EKF_LE,Pipe5_AFEKF
Full_Period,0.381540194253122,0.0734125444795847,0.0570516417947139,0.0602533724503608,5.41396176006225,3.57626585004709,2.80914828081025,2.83544422381,17.4390835945228,2.57277317908117,1.27089019283978,1.24650251700854,0.914858315844526,3.76432134220539,1.53637081649837,1.37293137938009
Normal_0to6h_18to24h,0.104871501728407,0.0635494817236064,0.0544332319925575,0.0599251732154024,4.39197979357222,3.15657717402849,2.58881137004893,2.6777128539523,14.4159084877322,1.5197360867989,1.40695254366631,1.38283590902045,0.865993618589679,3.22410611193437,0.840135084421269,1.44271705163191
Leak_12to18h,0.641038279977908,0.0907614100249444,0.0629221223117109,0.0618016340068349,7.0378204913918,4.38304575188861,3.30501340337974,3.22852766020657,22.1098139477057,3.91813532419596,1.03074370133446,1.00749873394985,0.996714944225423,4.69432000380189,2.37324708353874,1.21578706560069
