Period,P_RMSE_Standard,P_RMSE_Chen,P_RMSE_EKF_LE,P_RMSE_AFEKF,M_RMSE_Standard,M_RMSE_Chen,M_RMSE_EKF_LE,M_RMSE_AFEKF,Pipe1_Standard,Pipe1_Chen,Pipe1_EKF_LE,Pipe1_AFEKF,Pipe5_Standard,Pipe5_Chen,Pipe5_EKF_LE,Pipe5_AFEKF
Full_Period,0.672483971966646,0.0727247516411407,0.0573440254464476,0.0570425540687454,4.8343866333725,3.26621267111255,2.4109198301102,2.41517402083215,16.4672490860427,2.45950902513265,1.20578099641413,1.18748531445565,1.38824447492521,3.67259404691878,0.793543729746433,0.694412002175448
Normal_0to6h_18to24h,0.101914670432199,0.0608895393586962,0.0554878813160456,0.0551005674092344,4.13005722560986,2.89757991360618,2.3102167782211,2.32520859318523,13.7866882107782,1.25683073636558,1.25526004273754,1.22521509814314,0.759262853213129,3.22244726203622,0.6562996912166,0.64872783837605
Leak_12to18h,1.15046806555222,0.091501862917787,0.0603675699821949,0.0601964840446921,5.98647657719502,3.96025172020468,2.66536470523763,2.64813228736308,20.6390013970451,3.87215538144114,1.15881617040853,1.16988805800317,2.13910138402072,4.50049125052894,1.01316685356907,0.769258142155084
