Period,P_RMSE_Standard,P_RMSE_Chen,P_RMSE_EKF_LE,P_RMSE_AFEKF,M_RMSE_Standard,M_RMSE_Chen,M_RMSE_EKF_LE,M_RMSE_AFEKF,Pipe1_Standard,Pipe1_Chen,Pipe1_EKF_LE,Pipe1_AFEKF,Pipe5_Standard,Pipe5_Chen,Pipe5_EKF_LE,Pipe5_AFEKF
Full_Period,0.411965008100543,0.0672856416371198,0.0518341494175041,0.0518928454787759,4.98778613117279,3.31233202473907,2.49014707543069,2.48580282559236,16.7353381838617,2.57110122310763,1.39245934101474,1.35010316112867,3.45210361880662,3.70057454495657,1.38596403559276,0.875421567553625
Normal_0to6h_18to24h,0.103040684484352,0.0574254889841998,0.0507867156529752,0.0507468674625536,4.14396342434639,2.91958599609173,2.30938722683046,2.33365457259306,13.708325775828,1.58149034459908,1.48422329944228,1.38518998514189,0.752563230991458,3.24895397259062,0.784602465904783,0.795248079032306
Leak_12to18h,0.695254901528098,0.0832715755918951,0.053499354689756,0.0537597459595307,6.29451126930879,3.97854163811374,2.78926117226403,2.73696135606062,21.3681968825489,3.82795398990297,1.16723415079906,1.26078077618707,5.85789504366933,4.51955285986723,2.11642544169621,1.00686121246603
