Period,P_RMSE_Standard,P_RMSE_Chen,P_RMSE_EKF_LE,P_RMSE_AFEKF,M_RMSE_Standard,M_RMSE_Chen,M_RMSE_EKF_LE,M_RMSE_AFEKF,Pipe1_Standard,Pipe1_Chen,Pipe1_EKF_LE,Pipe1_AFEKF,Pipe5_Standard,Pipe5_Chen,Pipe5_EKF_LE,Pipe5_AFEKF
Full_Period,0.132611547731536,0.0802301104672813,0.0630366868377766,0.0664193805165461,4.94508338574981,3.63805291340055,2.85046868598193,2.94271031967254,15.7774524100986,2.70521173755376,1.29567871846329,1.27213762670573,0.894834653335736,3.75932288003836,1.35402846115607,1.74931190909598
Normal_0to6h_18to24h,0.103304095269144,0.0635634878761885,0.0555718371225518,0.0605645570965822,4.28038334885603,3.16607555018615,2.53133124247505,2.6631414781648,13.6204091679583,1.22371705439301,1.18290693956689,1.18668346043422,0.844747688553209,3.32114362298816,0.972963727494984,1.67204221049323
Leak_12to18h,0.176699386743008,0.105425719193344,0.07522620667392,0.0761906914658789,6.04673610472254,4.48110138040649,3.44534634521791,3.48536578144845,19.2054247939911,4.33339255251082,1.48770865485649,1.42194690942183,1.01091471936312,4.57521567264584,1.91622570174223,1.94875287302939
