Period,P_RMSE_Standard,P_RMSE_Chen,P_RMSE_EKF_LE,P_RMSE_AFEKF,M_RMSE_Standard,M_RMSE_Chen,M_RMSE_EKF_LE,M_RMSE_AFEKF,Pipe1_Standard,Pipe1_Chen,Pipe1_EKF_LE,Pipe1_AFEKF,Pipe5_Standard,Pipe5_Chen,Pipe5_EKF_LE,Pipe5_AFEKF
Full_Period,0.288348960196306,0.0672644907437903,0.0531610299235404,0.0540429459662339,4.81319093669894,3.03241465089694,2.11180855486087,2.07754896684639,17.1762507551755,2.47220964967604,1.34022925650342,1.19650512295886,1.47428819876183,3.66999538644813,1.2819885176961,0.914699330138725
Normal_0to6h_18to24h,0.105000256508047,0.060380525768984,0.0549386949576024,0.0561094599758354,3.96219511446115,2.64668635953519,1.99143380664175,1.9998284869431,13.8792330803327,1.32693694908796,1.48473959508453,1.26312324670716,0.860840092004344,3.1793740500381,0.921245483432827,0.840797945697062
Leak_12to18h,0.47474262488924,0.079177936822247,0.0489977651847337,0.0491981140985009,6.12587205782693,3.68818557527893,2.31983036722342,2.21097401325673,22.1729633458833,3.82702080227132,0.964563105048989,1.03295676568805,2.23136415529967,4.52190586023329,1.78890439400182,1.03591557203545
