Period,P_RMSE_Standard,P_RMSE_Chen,P_RMSE_EKF_LE,P_RMSE_AFEKF,M_RMSE_Standard,M_RMSE_Chen,M_RMSE_EKF_LE,M_RMSE_AFEKF,Pipe1_Standard,Pipe1_Chen,Pipe1_EKF_LE,Pipe1_AFEKF,Pipe5_Standard,Pipe5_Chen,Pipe5_EKF_LE,Pipe5_AFEKF
Full_Period,0.417876637849803,0.070921609024107,0.0539225317747888,0.0553030396427982,5.03167897187966,3.27574788338857,2.41003042009254,2.38417677275248,17.4792880259902,2.46352289094629,1.26242229972257,1.32290357746248,3.28430683325167,3.80398625118664,1.44692239537257,1.05328629622791
Normal_0to6h_18to24h,0.102640936096069,0.0575770649893293,0.0501342341805635,0.0547878025502393,4.10366697177604,2.75552316478481,2.08374221580566,2.12723634874442,14.5141571354506,1.29241535930571,1.27990160519334,1.3266727252105,1.03872002644566,3.33046859131205,1.01762556631423,1.02995158879287
Leak_12to18h,0.705773804544528,0.0919920783927209,0.0610799691695671,0.0564321695505935,6.45629776005856,4.130941107828,2.94813541259856,2.82045765303998,22.0636204970523,3.83825452634741,1.22064689183165,1.30940722115238,5.47408292161525,4.65841731458033,2.05714431531694,1.11707119719073
