Period,P_RMSE_Standard,P_RMSE_Chen,P_RMSE_EKF_LE,P_RMSE_AFEKF,M_RMSE_Standard,M_RMSE_Chen,M_RMSE_EKF_LE,M_RMSE_AFEKF,Pipe1_Standard,Pipe1_Chen,Pipe1_EKF_LE,Pipe1_AFEKF,Pipe5_Standard,Pipe5_Chen,Pipe5_EKF_LE,Pipe5_AFEKF
Full_Period,0.112489879392201,0.0712288953799934,0.0575463139374911,0.0570029925969909,4.93869414690939,3.34392963046652,2.50033061548099,2.50976788629848,16.6122077492451,2.54821852996761,1.36057169654062,1.39167414050224,2.4614151254141,3.79860051315853,1.17060222343538,0.968040324766843
Normal_0to6h_18to24h,0.104533354689804,0.0647879879505318,0.0603273193516113,0.0591990463874508,4.34696732810902,3.0947800751808,2.54665792779214,2.59573355648428,13.9821683786677,1.59382619116397,1.50724155828186,1.57256433755917,1.00442594214537,3.23258633113115,0.925572389134362,0.961934130913097
Leak_12to18h,0.126385696644796,0.082325108577701,0.0508100701828239,0.0518235982398475,5.90344474884015,3.8052920969728,2.400853069726,2.32170242557334,20.7178792215336,3.77086577773656,0.979029971192021,0.900336488363552,4.00086525398276,4.79243209189869,1.55303867097293,0.975547741244182
