Period,P_RMSE_Standard,P_RMSE_Chen,P_RMSE_EKF_LE,P_RMSE_AFEKF,M_RMSE_Standard,M_RMSE_Chen,M_RMSE_EKF_LE,M_RMSE_AFEKF,Pipe1_Standard,Pipe1_Chen,Pipe1_EKF_LE,Pipe1_AFEKF,Pipe5_Standard,Pipe5_Chen,Pipe5_EKF_LE,Pipe5_AFEKF
Full_Period,0.127944211823236,0.0670989912799438,0.0516868024316581,0.0516805072303628,4.87241451867744,3.40039076513438,2.56161186220025,2.57221864926237,16.1982412274286,2.74453799912435,1.28913147572714,1.38066425288377,2.8220862379873,3.6486361561667,0.97701244795432,0.775493167773512
Normal_0to6h_18to24h,0.103247317497526,0.0572001055902733,0.0497787583827891,0.0502382513272129,4.1508046820503,2.87710034734966,2.21980385361469,2.25574409869978,14.0198424421711,1.39726008417752,1.272834538223,1.39745062092884,0.809988440741597,3.22843895194021,0.761860394012197,0.769972322305383
Leak_12to18h,0.166184691311173,0.0835648144118259,0.056475806004821,0.0556408092268011,6.01522331377698,4.25725228670978,3.11336600563653,3.08957103042055,19.6746478303646,4.32231327885795,1.36187701289295,1.40302344594344,4.7305327775738,4.4228058157244,1.2951764766577,0.785837029630718
