Period,P_RMSE_Standard,P_RMSE_Chen,P_RMSE_EKF_LE,P_RMSE_AFEKF,M_RMSE_Standard,M_RMSE_Chen,M_RMSE_EKF_LE,M_RMSE_AFEKF,Pipe1_Standard,Pipe1_Chen,Pipe1_EKF_LE,Pipe1_AFEKF,Pipe5_Standard,Pipe5_Chen,Pipe5_EKF_LE,Pipe5_AFEKF
Full_Period,0.379354526110119,0.0686379369283946,0.0531581280327136,0.0540980799460046,4.80624620914713,3.34832655520692,2.41278851797545,2.43894067368677,16.1672193544901,3.13161916839671,1.2221416195754,1.30213847882888,3.32659333835259,3.80008168014996,0.887803184394426,0.821516720418459
Normal_0to6h_18to24h,0.10051053340008,0.0587825200621111,0.0534823302858246,0.0548336713413721,4.00407479436619,2.81102015422758,2.15096128298186,2.19672917011673,13.5587636656225,1.32034548986599,1.16382655104845,1.22636279554193,0.858660331713971,3.29830864173191,0.855109868214041,0.832839603778084
Leak_12to18h,0.638565498129386,0.0849668192660487,0.0522918008828747,0.0522976479892466,6.0751119332568,4.24760607753532,2.88261832621642,2.88195938283557,20.231205163297,5.07022811029039,1.32264863830139,1.43828874063042,5.60539574902579,4.68149661410862,0.941083635892625,0.786685450775152
