Period,P_RMSE_Standard,P_RMSE_Chen,P_RMSE_EKF_LE,P_RMSE_AFEKF,M_RMSE_Standard,M_RMSE_Chen,M_RMSE_EKF_LE,M_RMSE_AFEKF,Pipe1_Standard,Pipe1_Chen,Pipe1_EKF_LE,Pipe1_AFEKF,Pipe5_Standard,Pipe5_Chen,Pipe5_EKF_LE,Pipe5_AFEKF
Full_Period,0.104751816724188,0.073545257418091,0.061640209958636,0.0596851965560389,4.97877076218866,3.17052006976308,2.30125464155615,2.29112627461438,17.3114368052505,2.37940953947581,1.5865765391773,1.6052706236623,1.95060012376451,3.66648610779276,1.28359235977132,0.94491321158648
Normal_0to6h_18to24h,0.104003004957989,0.0673333535423042,0.0636674546519374,0.0608611583110474,4.21779021751372,2.93187615866953,2.29239194292714,2.30730367208298,14.1817954652205,1.76509527614418,1.70213233424995,1.70517731735243,0.857299059606517,3.30506365343746,0.819798889052609,0.831263486358082
Leak_12to18h,0.105643968854494,0.0850896294652641,0.0592199244313442,0.0589741339283765,6.19191571464933,3.63699651719977,2.34475122189913,2.28231238424204,22.1017324501963,3.25547555923477,1.29930775115987,1.35831131092646,3.14037393897946,4.3765234293885,1.90052981597275,1.14162116370467
