Period,P_RMSE_Standard,P_RMSE_Chen,P_RMSE_EKF_LE,P_RMSE_AFEKF,M_RMSE_Standard,M_RMSE_Chen,M_RMSE_EKF_LE,M_RMSE_AFEKF,Pipe1_Standard,Pipe1_Chen,Pipe1_EKF_LE,Pipe1_AFEKF,Pipe5_Standard,Pipe5_Chen,Pipe5_EKF_LE,Pipe5_AFEKF
Full_Period,0.108461369769998,0.0738767584035612,0.0579688287029673,0.0578287160859145,4.86968696877836,3.40955751966034,2.56677693993244,2.59174377431285,16.645685807939,2.72281078926373,1.34306509023639,1.38762668986643,1.16693307821559,3.81340786304631,1.18426309938728,1.00922227417434
Normal_0to6h_18to24h,0.104180336957874,0.0571725988909046,0.0494525455613592,0.0524388624362696,3.92019853703887,2.61844257589259,1.93258289042454,1.97924510823174,13.7564428691348,1.18010155176144,1.14837041827848,1.10099801758397,0.916570210945478,3.30326291534707,1.03591029991461,1.06779746556295
Leak_12to18h,0.116628869178759,0.0992180928402794,0.071602689777623,0.0668519128026785,6.31429006668032,4.60135496958753,3.48999352151458,3.49358626969581,21.1016281837403,4.39896221339207,1.66746874947555,1.8372224476089,1.53874239874838,4.71705241026513,1.4252380087172,0.868461013869918
