Period,P_RMSE_Standard,P_RMSE_Chen,P_RMSE_EKF_LE,P_RMSE_AFEKF,M_RMSE_Standard,M_RMSE_Chen,M_RMSE_EKF_LE,M_RMSE_AFEKF,Pipe1_Standard,Pipe1_Chen,Pipe1_EKF_LE,Pipe1_AFEKF,Pipe5_Standard,Pipe5_Chen,Pipe5_EKF_LE,Pipe5_AFEKF
Full_Period,0.376065932947549,0.0727314669107352,0.0589720295843676,0.0596773310527179,5.25660822337474,3.43135688637212,2.50366784436525,2.53302995706692,17.2750548878456,3.59890679392673,1.43045507716221,1.3915473191304,1.2735449135968,3.75443143914096,1.0502430906334,0.862595802847495
Normal_0to6h_18to24h,0.104784740079829,0.0668251793121293,0.0608133209391549,0.0608809974211827,4.38604597535022,3.22144149088517,2.62397038711788,2.66381045892187,14.0969402314154,1.56350076086782,1.47613191917823,1.44604298864463,0.864401335079632,3.28853296338397,0.795759411197853,0.928480180884342
Leak_12to18h,0.63136791141214,0.0831711576216466,0.054666666828263,0.0567890652587806,6.61070593661326,3.81294962790718,2.21915619930825,2.21980956577255,22.1257119473179,5.79733495436798,1.31307914420048,1.25499758692746,1.8286121908086,4.58742657480604,1.4423946170862,0.713205482112105
