Period,P_RMSE_Standard,P_RMSE_Chen,P_RMSE_EKF_LE,P_RMSE_AFEKF,M_RMSE_Standard,M_RMSE_Chen,M_RMSE_EKF_LE,M_RMSE_AFEKF,Pipe1_Standard,Pipe1_Chen,Pipe1_EKF_LE,Pipe1_AFEKF,Pipe5_Standard,Pipe5_Chen,Pipe5_EKF_LE,Pipe5_AFEKF
Full_Period,0.109193044490358,0.0662444079574679,0.0507474287081271,0.05341944080133,4.67248623961565,2.96543390033897,1.85799121758502,1.87819063356494,16.4931374549612,3.05688614949737,1.0907497974372,1.1628206157181,2.77483417243237,3.81332989552951,1.02825190393709,0.944282358361547
Normal_0to6h_18to24h,0.105289140182554,0.0568547832965531,0.0498375734563005,0.0529525330492436,3.72335146034348,2.38868225411235,1.60470762520584,1.65948575150066,13.9873116967914,1.07347456218774,1.04659471410909,1.13588228007898,1.00350460712275,3.29847195428776,1.03510135954999,0.989097507005825
Leak_12to18h,0.116856718797013,0.0821617411848911,0.0529143480820529,0.0547503101993883,6.10252800531319,3.88722494845811,2.28052901884557,2.24823932098585,20.4277718128943,5.05466576709467,1.19618142761739,1.23372251043945,4.57939460024121,4.75463835578722,1.07350286997935,0.89547404346532
