Period,P_RMSE_Standard,P_RMSE_Chen,P_RMSE_EKF_LE,P_RMSE_AFEKF,M_RMSE_Standard,M_RMSE_Chen,M_RMSE_EKF_LE,M_RMSE_AFEKF,Pipe1_Standard,Pipe1_Chen,Pipe1_EKF_LE,Pipe1_AFEKF,Pipe5_Standard,Pipe5_Chen,Pipe5_EKF_LE,Pipe5_AFEKF
Full_Period,0.63159953818536,0.0720578191135874,0.0534985594282095,0.0557077612979637,4.50865689311316,3.09497691106376,2.15301832985502,2.13537396128981,15.678680980932,2.43360086296276,1.37305955425841,1.28616367236537,0.885861764117311,3.74451055334943,1.09919044679738,0.935611012541081
Normal_0to6h_18to24h,0.106870994905749,0.0635639240668563,0.0551088073042327,0.0575970174225458,4.04439964031908,2.75949833027318,2.15427240254773,2.13365577200285,13.8200323421551,1.47727473554583,1.46305923975501,1.26740716336793,0.872736024824995,3.25130731430148,0.933127806129218,0.848755442862267
Leak_12to18h,1.07841772297261,0.086231575435438,0.0495160463603784,0.0510840906018942,5.270938717315,3.68717246634217,2.14017984106407,2.12732361084362,18.6753543163222,3.65436536000081,1.19495629286576,1.35227851901612,0.906735515602743,4.63803072196153,1.37544083294231,1.08333491989457
