Period,P_RMSE_Standard,P_RMSE_Chen,P_RMSE_EKF_LE,P_RMSE_AFEKF,M_RMSE_Standard,M_RMSE_Chen,M_RMSE_EKF_LE,M_RMSE_AFEKF,Pipe1_Standard,Pipe1_Chen,Pipe1_EKF_LE,Pipe1_AFEKF,Pipe5_Standard,Pipe5_Chen,Pipe5_EKF_LE,Pipe5_AFEKF
Full_Period,0.12004861233071,0.0716837023022879,0.0561210705299323,0.0568921396227611,5.11271120733129,3.41078386808724,2.60412693415535,2.59389311325069,17.3170663247256,2.17049094007722,1.24224400357019,1.16203731566961,1.27597530927318,3.67599878551503,0.997951025004488,0.920001389037769
Normal_0to6h_18to24h,0.10073760877465,0.0632524148098659,0.0559580064345377,0.0580431524040384,4.09336588796398,2.93746520192442,2.34364380196364,2.33984615822508,13.4382288171305,1.37493721354997,1.28366094868603,1.09188608887332,0.87705238929541,3.17837410437572,0.94651776849668,0.994171039588944
Leak_12to18h,0.151332681535135,0.0860871995050059,0.0563702811669692,0.0542806004953218,6.65758246932614,4.20605680041097,3.05166871530179,3.03099075790604,23.0257386301852,3.20241472582084,1.14009974866125,1.28596143054191,1.82334438639455,4.54951057173828,1.10610991477252,0.757201167634392
