Period,P_RMSE_Standard,P_RMSE_Chen,P_RMSE_EKF_LE,P_RMSE_AFEKF,M_RMSE_Standard,M_RMSE_Chen,M_RMSE_EKF_LE,M_RMSE_AFEKF,Pipe1_Standard,Pipe1_Chen,Pipe1_EKF_LE,Pipe1_AFEKF,Pipe5_Standard,Pipe5_Chen,Pipe5_EKF_LE,Pipe5_AFEKF
Full_Period,0.185029816529991,0.0683907137386226,0.0551432347445364,0.0562537285692201,4.96278391254682,3.36805684062963,2.54212061248668,2.56106763430471,16.9088807392722,2.31773718030882,1.06328621093117,1.09843032237322,0.949603097694988,3.74436179608508,0.983299015736059,0.955490174045199
Normal_0to6h_18to24h,0.101256627012639,0.0608155591678715,0.0568377626630888,0.0587601304358216,3.98514747340642,2.86452352227305,2.27829520557982,2.28288234718851,13.3946178129117,1.08060019609123,0.982484449062476,1.03679452774148,0.938233178141859,3.25682995157931,0.957327651643885,0.995701328446243
Leak_12to18h,0.285361472569531,0.0812108599036934,0.051887454877249,0.0511545206950275,6.44828898318127,4.20715623817878,2.99699552857962,3.03760238653868,22.1595101714017,3.70187305328953,1.22457716503078,1.22550056684021,0.99993895421723,4.62140147542074,1.07876740898257,0.921831144907085
