Period,P_RMSE_Standard,P_RMSE_Chen,P_RMSE_EKF_LE,P_RMSE_AFEKF,M_RMSE_Standard,M_RMSE_Chen,M_RMSE_EKF_LE,M_RMSE_AFEKF,Pipe1_Standard,Pipe1_Chen,Pipe1_EKF_LE,Pipe1_AFEKF,Pipe5_Standard,Pipe5_Chen,Pipe5_EKF_LE,Pipe5_AFEKF
Full_Period,0.647542206186545,0.0687207550079002,0.0564281657763273,0.0551090131966337,4.95839549942074,3.5626628544709,2.72301361876916,2.72788188737095,16.3030612961729,2.27885050784855,1.23107935005681,1.30666152305907,1.35619434755062,3.75972699580448,1.05467451744567,0.958504939391822
Normal_0to6h_18to24h,0.103508522530338,0.0567330157179549,0.0541654944554887,0.0519953554033259,4.02157636790874,2.72511841399713,2.07819415547663,2.09013217792279,14.0902689313215,1.15129264606093,1.09408861253277,1.00884352211408,0.883414981671473,3.29809074071106,0.905608164186386,0.922670838885851
Leak_12to18h,1.10691276264876,0.0878814384597084,0.0602115239121847,0.0603946074215199,6.38613030185407,4.81363659982665,3.66710776797116,3.66423001903627,19.8225381880379,3.57657801578945,1.4527645896031,1.74343619555583,1.9775823703029,4.58811416689218,1.29332437441958,1.01528243026013
