Period,P_RMSE_Standard,P_RMSE_Chen,P_RMSE_EKF_LE,P_RMSE_AFEKF,M_RMSE_Standard,M_RMSE_Chen,M_RMSE_EKF_LE,M_RMSE_AFEKF,Pipe1_Standard,Pipe1_Chen,Pipe1_EKF_LE,Pipe1_AFEKF,Pipe5_Standard,Pipe5_Chen,Pipe5_EKF_LE,Pipe5_AFEKF
Full_Period,0.113723801369742,0.0760834475591264,0.0657651594869898,0.0657576318756966,4.92224019427485,3.44926997866791,2.66954703915848,2.71071946948479,16.4319318561941,2.43008890617173,1.21474462006984,1.18931427894129,0.866849771059179,3.68765781560851,1.04345331848218,1.2604406514109
Normal_0to6h_18to24h,0.106793544801859,0.0677814715022184,0.0663194534121421,0.0654488799855062,4.21840763560585,2.97958173161448,2.46843262722876,2.5118668444027,14.1506199791377,1.24427534769658,1.30732513133804,1.23132630097074,0.790888558467087,3.17456080969248,0.864486677364094,1.38312391847407
Leak_12to18h,0.12540815050887,0.0900488356066065,0.063960524123727,0.0657642808041191,6.05513180286795,4.25345538748849,3.0380016764529,3.07602638068222,20.0514507542061,3.81004489099007,1.03677251512056,1.12838160740088,0.991473364439979,4.58761015892629,1.32555675417864,0.963833069591629
