Period,P_RMSE_Standard,P_RMSE_Chen,P_RMSE_EKF_LE,P_RMSE_AFEKF,M_RMSE_Standard,M_RMSE_Chen,M_RMSE_EKF_LE,M_RMSE_AFEKF,Pipe1_Standard,Pipe1_Chen,Pipe1_EKF_LE,Pipe1_AFEKF,Pipe5_Standard,Pipe5_Chen,Pipe5_EKF_LE,Pipe5_AFEKF
Full_Period,0.650621996401444,0.0721493061358568,0.0564129634280199,0.0590045240044616,4.98050328704765,3.54972426220418,2.75124966165796,2.79556579351315,16.3079439995602,2.65105366657779,1.2882583862614,1.25518744101322,2.82168773430921,3.62277758002535,1.38768063494826,1.45651426574219
Normal_0to6h_18to24h,0.105637490285379,0.0612547922661613,0.0527293219434465,0.0564293228254298,4.41077655681629,3.24925280402113,2.66727932796009,2.71097469359584,13.8766562480433,1.6466753942189,1.43214252937562,1.37401352515167,0.976918370099167,3.18739702697506,1.00666494678645,1.38360368478879
Leak_12to18h,1.1119135133355,0.090117663239817,0.0631065230923514,0.0637495998158399,5.9183195308324,4.09966673041617,2.91329809678456,2.96052817484771,20.1333957190865,3.93383757749122,0.913569597097989,0.953886760834263,4.67355552237839,4.42320062568752,1.95635297072428,1.62996315708982
