Period,P_RMSE_Standard,P_RMSE_Chen,P_RMSE_EKF_LE,P_RMSE_AFEKF,M_RMSE_Standard,M_RMSE_Chen,M_RMSE_EKF_LE,M_RMSE_AFEKF,Pipe1_Standard,Pipe1_Chen,Pipe1_EKF_LE,Pipe1_AFEKF,Pipe5_Standard,Pipe5_Chen,Pipe5_EKF_LE,Pipe5_AFEKF
Full_Period,0.110858394645578,0.0704515133900107,0.0564148136794946,0.0540316600119379,4.47390513326831,2.95409527822614,1.9135539842738,1.91061888366614,15.7983333327065,2.41974679807848,1.26311375947352,1.25950915977096,2.25065327464607,3.71656932590711,1.02565184421151,0.790250593491903
Normal_0to6h_18to24h,0.101151149196138,0.0580985175724582,0.0545281218421994,0.0518024999022324,3.97416450233302,2.66432594403478,1.96021234602409,1.99752608865551,14.1010656396812,1.35606406430454,1.35898822169823,1.316004827215,0.796964143878328,3.19583716100369,0.923950476931822,0.789445651564066
Leak_12to18h,0.128504601272641,0.0899046289129727,0.0596216072144005,0.0581871374621004,5.28760738539389,3.46865245830369,1.80255083532071,1.71020305862218,18.5526516401592,3.70964637785983,1.033853433638,1.13406169232112,3.71340104443278,4.64065811572567,1.20240649121381,0.784070615089928
