Period,P_RMSE_Standard,P_RMSE_Chen,P_RMSE_EKF_LE,P_RMSE_AFEKF,M_RMSE_Standard,M_RMSE_Chen,M_RMSE_EKF_LE,M_RMSE_AFEKF,Pipe1_Standard,Pipe1_Chen,Pipe1_EKF_LE,Pipe1_AFEKF,Pipe5_Standard,Pipe5_Chen,Pipe5_EKF_LE,Pipe5_AFEKF
Full_Period,0.10703166817059,0.0698709659107391,0.0550469019006948,0.0579464980864982,5.04969750536602,3.56661068334131,2.74897098316068,2.76471578237258,16.1410774525373,3.61466238830457,1.66811701140273,1.51133714663535,0.980070405215461,3.76565676585996,1.12014609542909,1.00156186773962
Normal_0to6h_18to24h,0.107110139127541,0.0615924513107127,0.0545117425231485,0.0582304411664081,4.21408344554847,2.9763749283416,2.41322325059054,2.44692366837709,13.772000719657,1.65703521729742,1.76062091841935,1.50632934689819,0.942506751635665,3.29728703389159,0.952574216878821,1.03370057659726
Leak_12to18h,0.10690095949873,0.0848183017035013,0.0573868919947524,0.0583934840237076,6.43105153312253,4.61815630017809,3.43348106709003,3.42572360100876,19.8835389332559,5.79218526782474,1.47819339091301,1.54429863359846,1.04110655529584,4.60150503241585,1.38586822417945,0.918950096283253
