Period,P_RMSE_Standard,P_RMSE_Chen,P_RMSE_EKF_LE,P_RMSE_AFEKF,M_RMSE_Standard,M_RMSE_Chen,M_RMSE_EKF_LE,M_RMSE_AFEKF,Pipe1_Standard,Pipe1_Chen,Pipe1_EKF_LE,Pipe1_AFEKF,Pipe5_Standard,Pipe5_Chen,Pipe5_EKF_LE,Pipe5_AFEKF
Full_Period,0.10836939845806,0.0728526421157681,0.0593094317357616,0.0597723882997416,4.86301887511164,3.26342484111321,2.40496018094809,2.41384138944971,16.6799532114759,2.44767672717858,1.07293028403906,1.08686833084923,2.60373765225568,3.65824274794227,1.08205805116543,0.948246577648675
Normal_0to6h_18to24h,0.101632798670683,0.0631645157639073,0.0589142264101142,0.0599289598020864,4.19268695971698,2.98954065308315,2.41969808208993,2.4570035524405,13.7849818026021,1.15408855500922,1.12068734502488,1.1313345875919,0.986652112150556,3.2616796674069,1.01212151125116,1.0234670999702
Leak_12to18h,0.120626840436174,0.0889496287332436,0.059842560420082,0.0591623389018567,5.93793847349468,3.76002003159554,2.37028536686025,2.31905472025971,21.1397253217294,3.89257810411811,0.959354649215584,0.981341318206222,4.27234814445872,4.38782438741371,1.2328596193464,0.809392386421075
