Case,Pipe1_Standard,Pipe1_Chen,Pipe1_EKF_LE,Pipe1_AFEKF,Pipe5_Standard,Pipe5_Chen,Pipe5_EKF_LE,Pipe5_AFEKF
Case1_Clean,1.19641180605048,1.19639173368308,1.37027081489714,1.26004605653264,0.500174619019585,0.500098839318345,0.500376608071448,0.507024726658145
Case2_10dB,15.018491629707,1.00678273316699,1.39267361147737,1.28936738883427,0.713122518077625,0.522153044478313,0.541882129685385,0.559004520753186
Case2_20dB,48.8630616415043,1.04892989972817,1.77739652612343,1.33992256659773,18.2736175977637,0.521367755475086,0.621571960432404,0.66946585634134
Case3_Outlier_Leak,37.8718893565178,1.09144711085251,1.37675423641757,1.00438470119023,11.8113761119015,3.72209954906751,2.09229146548939,2.06251794589817
Case4_Pure_Leak,0.969307759863589,0.93633992415283,0.924242321451735,1.0077606735938,1.76336957216675,3.44269251384216,2.26221650089946,1.84551740905951
