Period,P_RMSE_Standard,P_RMSE_Chen,P_RMSE_EKF_LE,P_RMSE_AFEKF,M_RMSE_Standard,M_RMSE_Chen,M_RMSE_EKF_LE,M_RMSE_AFEKF,Pipe1_Standard,Pipe1_Chen,Pipe1_EKF_LE,Pipe1_AFEKF,Pipe5_Standard,Pipe5_Chen,Pipe5_EKF_LE,Pipe5_AFEKF
Full_Period,0.102537724900485,0.10326094105493,0.102105864476408,0.0933911200620401,3.07533307155226,3.65385602944765,3.16490722874616,3.10714997865209,1.94824284337847,1.95651564771235,1.94933318326443,1.85281079630583,0.822351259146304,3.7344582963922,1.3667529717085,1.14109358466002
Normal_0to12h,0.104683813388796,0.104967759774023,0.104400124190956,0.0895262697948188,3.55086450931741,4.1139857253445,3.55000905853093,3.52148672298999,1.82405176545555,1.84337331410465,1.8247492835491,1.61587428302132,0.767215241554978,4.03683074173491,0.76739665130917,1.08237638590162
Leak_12to24h,0.103495692457291,0.104936598317008,0.102921887358513,0.0830569672476491,2.98410460192451,4.07517088076887,3.16844839578044,3.05087402138214,1.78297544542893,1.80044896472355,1.78465655724386,1.56475501722908,0.867623000750108,5.1896294797618,1.77424471866219,1.42415747661936
