Period,P_RMSE_Standard,P_RMSE_Chen,P_RMSE_EKF_LE,P_RMSE_AFEKF,M_RMSE_Standard,M_RMSE_Chen,M_RMSE_EKF_LE,M_RMSE_AFEKF,Pipe1_Standard,Pipe1_Chen,Pipe1_EKF_LE,Pipe1_AFEKF,Pipe5_Standard,Pipe5_Chen,Pipe5_EKF_LE,Pipe5_AFEKF
Full_Period,0.102105610718666,0.10313906722325,0.101443136840853,0.0904788555383487,2.74284145860246,3.38190208029096,2.77199003119983,2.73894842008966,1.61648358327422,1.61425798732936,1.6159943976593,1.54706457565362,1.05880793854948,3.79844110830295,1.21481736106582,1.08607159922375
Normal_0to12h,0.101432495639309,0.102182684181278,0.101126871678795,0.0837024222030634,3.07079096418194,3.70979588616885,3.07080581691129,3.03923895386082,1.58567101123329,1.57965215723889,1.58578777557461,1.45181725409346,0.876261758268369,3.99482579502506,0.874165733026307,0.983561426544402
Leak_12to24h,0.103056205041309,0.105107490771348,0.102726512852719,0.0777416980495079,2.90183976942265,4.0200910369612,2.95930417285507,2.89370961851997,1.62007568258944,1.61656683622598,1.61905626861889,1.47971790955104,1.08464462374715,5.24050664809783,1.42088985214096,1.13345750558644
