Period,P_RMSE_Standard,P_RMSE_Chen,P_RMSE_EKF_LE,P_RMSE_AFEKF,M_RMSE_Standard,M_RMSE_Chen,M_RMSE_EKF_LE,M_RMSE_AFEKF,Pipe1_Standard,Pipe1_Chen,Pipe1_EKF_LE,Pipe1_AFEKF,Pipe5_Standard,Pipe5_Chen,Pipe5_EKF_LE,Pipe5_AFEKF
Full_Period,0.105028100539265,0.10588793191878,0.104224434125406,0.0903218926268214,2.79762705998094,3.40274001686172,2.9156022757282,2.89153195417805,1.9867116307903,1.99112048234747,1.98646975098891,1.92268233260456,0.848261481485143,3.55157536212576,1.45754379867945,1.08356534887488
Normal_0to12h,0.105764389642478,0.106383744819608,0.105780039988128,0.0855615385733531,3.31397589749449,3.90956040875687,3.31281715314323,3.28663646427292,2.46205477425501,2.46162808638814,2.46174757044852,2.38552766934038,0.809411256629686,3.81268071233961,0.804982989961073,0.897638455546024
Leak_12to24h,0.10597636889405,0.107512968470177,0.105394311644432,0.0729548774297983,2.61293677537434,3.7771082712027,2.85759497161372,2.80715810892376,1.76247635958934,1.7733927960098,1.76249553992968,1.61491085657073,0.833913345818914,4.91508792291484,1.85979354496847,1.25515641973704
