Period,P_RMSE_Standard,P_RMSE_Chen,P_RMSE_EKF_LE,P_RMSE_AFEKF,M_RMSE_Standard,M_RMSE_Chen,M_RMSE_EKF_LE,M_RMSE_AFEKF,Pipe1_Standard,Pipe1_Chen,Pipe1_EKF_LE,Pipe1_AFEKF,Pipe5_Standard,Pipe5_Chen,Pipe5_EKF_LE,Pipe5_AFEKF
Full_Period,0.105626498444567,0.106740662622215,0.105387591066991,0.0927436601187748,2.98245428447595,3.56451874175469,3.11659540936602,3.08044538270625,1.70714084320739,1.71914834516063,1.70519673360828,1.46968193829054,0.810261502766927,3.73915197814359,1.85049201566392,1.65402964220982
Normal_0to12h,0.106861314273032,0.108558240353699,0.106761142865962,0.0852763695356485,3.2578346413094,3.85810882434683,3.25816608203367,3.22585112305627,2.18846539770244,2.21627175521859,2.18861862768995,1.8116060368565,0.815026051717977,4.04354522562918,0.815046501270792,1.51862143055269
Leak_12to24h,0.106913592745974,0.109089268239116,0.1069976019277,0.0777687682384549,3.15690996177863,4.18301071393861,3.40795423949914,3.34189021205658,1.88723682793338,1.90858919291486,1.8882283562648,1.44611392865707,0.861444333121576,5.19866338169557,2.50688617210517,2.21955088002756
