Period,P_RMSE_Standard,P_RMSE_Chen,P_RMSE_EKF_LE,P_RMSE_AFEKF,M_RMSE_Standard,M_RMSE_Chen,M_RMSE_EKF_LE,M_RMSE_AFEKF,Pipe1_Standard,Pipe1_Chen,Pipe1_EKF_LE,Pipe1_AFEKF,Pipe5_Standard,Pipe5_Chen,Pipe5_EKF_LE,Pipe5_AFEKF
Full_Period,0.102607130373465,0.103111807971861,0.101622506927811,0.0855827588874273,2.45729655372131,3.19403982876853,2.61123467937576,2.53110103497039,1.37540090737394,1.37291397063661,1.38192579101336,1.25570431206285,0.913363455502384,3.8345119973705,1.88723057192269,1.81746115705169
Normal_0to12h,0.103834935610794,0.104654903165687,0.103086938337134,0.0822694000509531,2.65513780856786,3.41522189032599,2.65498956660003,2.62092500140144,1.636644664184,1.6285651592022,1.63665990295061,1.46836032681018,0.959244175015011,4.09526662398974,0.946787961757162,1.18018055855525
Leak_12to24h,0.101936799312267,0.102934756665981,0.101038460687568,0.0622949543184072,2.45731014809846,3.777044552289,2.75682897615208,2.60338088030815,1.40129232363628,1.39645425410203,1.41359314626131,1.15863654983801,0.898630733819284,5.30717736986971,2.52782755717739,2.40186098635348
