Period,P_RMSE_Standard,P_RMSE_Chen,P_RMSE_EKF_LE,P_RMSE_AFEKF,M_RMSE_Standard,M_RMSE_Chen,M_RMSE_EKF_LE,M_RMSE_AFEKF,Pipe1_Standard,Pipe1_Chen,Pipe1_EKF_LE,Pipe1_AFEKF,Pipe5_Standard,Pipe5_Chen,Pipe5_EKF_LE,Pipe5_AFEKF
Full_Period,0.102816965952337,0.104320698411505,0.102192645902416,0.0870148131400486,2.21689527159074,3.01820442230699,2.30028796604856,2.2993503203141,1.63222361343137,1.63612301504652,1.63146279856176,1.48788733189768,0.808701498223935,3.81975599966193,0.880076808837079,0.934532583351285
Normal_0to12h,0.101985050237934,0.103133226839777,0.101713140165769,0.0806297443817983,2.04022228705674,2.9586694741104,2.03944515566104,2.00510034594056,1.60132962563964,1.61056790067551,1.59989983758611,1.40737229040246,0.856242433928123,4.01697516517993,0.856341641850436,1.02485202649995
Leak_12to24h,0.102270932635054,0.105244804641853,0.102680811600306,0.0672590413108586,2.42515911590228,3.7649885897491,2.5730600281046,2.57349967676945,1.83475971956985,1.84181126725742,1.83343435911555,1.5770203807772,0.807742901028081,5.30508634135601,0.943818020454908,1.04315246236815
