Period,P_RMSE_Standard,P_RMSE_Chen,P_RMSE_EKF_LE,P_RMSE_AFEKF,M_RMSE_Standard,M_RMSE_Chen,M_RMSE_EKF_LE,M_RMSE_AFEKF,Pipe1_Standard,Pipe1_Chen,Pipe1_EKF_LE,Pipe1_AFEKF,Pipe5_Standard,Pipe5_Chen,Pipe5_EKF_LE,Pipe5_AFEKF
Full_Period,0.102599598994463,0.104029612089107,0.102694576540009,0.0904120165642598,2.15877465680615,2.94482257207569,2.27876895116208,2.29405449505246,1.19397244091586,1.18844855473101,1.18179969310365,1.17538750633292,0.905555357633087,3.65236978491977,1.17589754918786,1.06548305460621
Normal_0to12h,0.100489437755455,0.101434659510456,0.100567715875299,0.0814943136174346,2.10126718655668,3.00150510850259,2.10331535741179,2.08828254021996,1.22075201742652,1.2137968484416,1.21907899328898,1.16998552745386,0.813934390145834,3.9269703461408,0.813928506057976,1.02577051973876
Leak_12to24h,0.100259972019598,0.10317066135378,0.100707011048209,0.0720712286375772,2.3327829492288,3.65687389891327,2.54673974406704,2.57409324029781,1.27648611936724,1.26650566297974,1.27219271280819,1.23861843527203,0.996979418958508,5.06852321763032,1.45146386619206,1.27151383159482
