Period,P_RMSE_Standard,P_RMSE_Chen,P_RMSE_EKF_LE,P_RMSE_AFEKF,M_RMSE_Standard,M_RMSE_Chen,M_RMSE_EKF_LE,M_RMSE_AFEKF,Pipe1_Standard,Pipe1_Chen,Pipe1_EKF_LE,Pipe1_AFEKF,Pipe5_Standard,Pipe5_Chen,Pipe5_EKF_LE,Pipe5_AFEKF
Full_Period,0.103855522819901,0.105114118220295,0.103556242871831,0.0904081885295504,2.50417633672922,3.21127869728037,2.56747629603958,2.5734547496586,1.41517253156806,1.41438171315485,1.41014700068113,1.40154148654776,0.831017850073061,3.77606110472687,1.18012038580044,0.849622668708446
Normal_0to12h,0.104081434285461,0.1061146509441,0.104152561769419,0.0906336928978729,2.84391557659621,3.57401025016682,2.84616015052416,2.83933328083215,1.61809405495159,1.61695508201804,1.61419677979691,1.60150132873573,0.780482981458583,4.08699722457723,0.780550493067516,0.794837322201936
Leak_12to24h,0.101329910013076,0.103877268645654,0.101209375294066,0.0820796607020648,2.15058012931975,3.55291259095847,2.29908034266302,2.31856353917409,1.11868088224314,1.11650789871471,1.10560292751302,1.10133613520283,0.907213128509064,5.25241466175538,1.49906804122135,0.952197051975047
