Period,P_RMSE_Standard,P_RMSE_Chen,P_RMSE_EKF_LE,P_RMSE_AFEKF,M_RMSE_Standard,M_RMSE_Chen,M_RMSE_EKF_LE,M_RMSE_AFEKF,Pipe1_Standard,Pipe1_Chen,Pipe1_EKF_LE,Pipe1_AFEKF,Pipe5_Standard,Pipe5_Chen,Pipe5_EKF_LE,Pipe5_AFEKF
Full_Period,0.104491687010756,0.105963321663464,0.104335956384686,0.0914110571807729,2.36880544679576,3.1203671598209,2.45758984891192,2.39839979836668,1.35326728833816,1.34598933360843,1.36307588271568,1.28245921034001,0.828201638126479,3.78384643322523,0.953262741954633,0.945953862349799
Normal_0to12h,0.10489565043388,0.106170908377986,0.104609698993244,0.08584086375786,2.31115552975129,3.14677918743153,2.31728274513369,2.2920245769938,1.26689285138497,1.25319703985731,1.27531001943721,1.20356612274463,0.792233081236104,3.96185181913198,0.804775617635917,0.993256231337186
Leak_12to24h,0.101355431295256,0.104347422426208,0.101601299693045,0.0694742546088576,2.68240315377928,3.91777558032877,2.82733238137995,2.73735857755956,1.48737829644507,1.47428586364935,1.50935509200764,1.3626407524024,0.928473831932062,5.26782140118959,1.14183518344775,1.13020370894592
