Period,P_RMSE_Standard,P_RMSE_Chen,P_RMSE_EKF_LE,P_RMSE_AFEKF,M_RMSE_Standard,M_RMSE_Chen,M_RMSE_EKF_LE,M_RMSE_AFEKF,Pipe1_Standard,Pipe1_Chen,Pipe1_EKF_LE,Pipe1_AFEKF,Pipe5_Standard,Pipe5_Chen,Pipe5_EKF_LE,Pipe5_AFEKF
Full_Period,0.103251202298223,0.104946916470446,0.102930473927354,0.0891555942254315,2.44044492123886,3.16158567175598,2.52243021542676,2.5678311765124,1.49343025669189,1.49042036787616,1.49898195192052,1.48191567449396,0.89315698283022,3.73111632901511,0.996859605269962,1.05763819792449
Normal_0to12h,0.103344331325111,0.104984548209327,0.102133874033596,0.082614333752444,2.13854002526178,3.03924549253881,2.13862638875994,2.14411425299681,1.29430547844391,1.29303891389229,1.29471622349882,1.29400234037979,0.862646140698421,4.037108808555,0.862648067313299,1.08280316324927
Leak_12to24h,0.102829680975464,0.106184556105846,0.1033936724621,0.0713899920940564,2.25331818137153,3.61539678978507,2.43079599339729,2.52035733930911,1.25991192112745,1.25271311058436,1.26401468501106,1.23049376728747,0.865226819247097,5.1608998763339,1.06862110104021,1.17819214966543
