Period,P_RMSE_Standard,P_RMSE_Chen,P_RMSE_EKF_LE,P_RMSE_AFEKF,M_RMSE_Standard,M_RMSE_Chen,M_RMSE_EKF_LE,M_RMSE_AFEKF,Pipe1_Standard,Pipe1_Chen,Pipe1_EKF_LE,Pipe1_AFEKF,Pipe5_Standard,Pipe5_Chen,Pipe5_EKF_LE,Pipe5_AFEKF
Full_Period,0.103732710270184,0.105044010382114,0.101311697722173,0.0861427012294074,2.97421567988357,3.58943581057443,3.00690494712351,2.99860908129544,2.02441949155618,2.027255545748,2.01822237707986,1.8471306239838,0.964850856792879,3.70701414421505,1.02769746088616,1.54729805260316
Normal_0to12h,0.103237862398706,0.104573061712033,0.102273865046512,0.0857210567865289,2.99127127746569,3.68071509711704,2.99130187746557,3.05435039623059,1.74119137768293,1.73756097838957,1.74099504221729,1.63475668806254,0.907822847210487,3.99686749192243,0.912017973438419,1.80966263880683
Leak_12to24h,0.105287957442646,0.107830730462075,0.104243180186182,0.0689937178377196,3.17548165205033,4.25030678439328,3.23844488404181,3.22252927091385,2.28360615675423,2.28848789327783,2.28302645825593,1.96568430398841,0.977476389298159,5.12166044613243,1.09141020530715,1.96043978079553
