Period,P_RMSE_Standard,P_RMSE_Chen,P_RMSE_EKF_LE,P_RMSE_AFEKF,M_RMSE_Standard,M_RMSE_Chen,M_RMSE_EKF_LE,M_RMSE_AFEKF,Pipe1_Standard,Pipe1_Chen,Pipe1_EKF_LE,Pipe1_AFEKF,Pipe5_Standard,Pipe5_Chen,Pipe5_EKF_LE,Pipe5_AFEKF
Full_Period,0.103805854391004,0.105203650447314,0.102975994168468,0.086494680738858,2.40623660443875,3.13811311885054,2.47548992478771,2.49668788695267,1.6458805794697,1.64558904529841,1.64199562530272,1.54200744156383,0.831194637563237,3.67991536429329,0.847871136552996,1.16475113230215
Normal_0to12h,0.104810239773553,0.105866898702991,0.104403941195309,0.0841622803069999,2.50344160537919,3.31315914304422,2.50373869461904,2.53092107834054,1.59848496381462,1.59848108794326,1.59766986354699,1.52211100040304,0.894805204360729,3.9905671457969,0.886406871133758,1.13278789643502
Leak_12to24h,0.104568983084625,0.107307211250857,0.104496461982317,0.0650917070162263,2.75112339111286,3.94938211838013,2.87243374375497,2.90884718124646,1.47328463403792,1.47278947941842,1.46503290382865,1.23131684783715,0.993994990641159,5.13194658091319,1.02305765547732,1.5181547114286
