Period,P_RMSE_Standard,P_RMSE_Chen,P_RMSE_EKF_LE,P_RMSE_AFEKF,M_RMSE_Standard,M_RMSE_Chen,M_RMSE_EKF_LE,M_RMSE_AFEKF,Pipe1_Standard,Pipe1_Chen,Pipe1_EKF_LE,Pipe1_AFEKF,Pipe5_Standard,Pipe5_Chen,Pipe5_EKF_LE,Pipe5_AFEKF
Full_Period,0.102812116852849,0.103814244761893,0.102918066373519,0.0891715325281986,2.0096008316884,2.83742752193545,2.12492967391427,2.10863110401557,1.14808194573877,1.14576485619987,1.15640384304708,1.13300734933388,0.780349055309485,3.72983156536478,1.09033131567087,0.846595263667474
Normal_0to12h,0.100973902186263,0.10279126408952,0.101012609499245,0.082067381389027,1.82797966316924,2.85735536390806,1.82859365256213,1.81486332988669,1.11194223808331,1.11686659454898,1.11248231070859,1.09798387338275,0.683786524990956,4.15442586057966,0.683602695734313,0.748811323972176
Leak_12to24h,0.101758104987807,0.103794041715302,0.10195564857798,0.0699519958231651,1.94408138903961,3.42269298181541,2.17150418049015,2.14457340626875,1.0891052368061,1.08430886557075,1.09819242484802,1.05847157123719,0.86994450537047,5.19623061001277,1.37986576047818,0.985839318126908
