Period,P_RMSE_Standard,P_RMSE_Chen,P_RMSE_EKF_LE,P_RMSE_AFEKF,M_RMSE_Standard,M_RMSE_Chen,M_RMSE_EKF_LE,M_RMSE_AFEKF,Pipe1_Standard,Pipe1_Chen,Pipe1_EKF_LE,Pipe1_AFEKF,Pipe5_Standard,Pipe5_Chen,Pipe5_EKF_LE,Pipe5_AFEKF
Full_Period,0.105026449215177,0.106248123012428,0.10408805772903,0.0883462562686971,2.576267064256,3.25130491144445,2.67966770416844,2.58775184941938,1.88248853093506,1.90494752066462,1.88159790687791,1.73954146833457,0.793871818301944,3.68555434440954,1.57829687702347,1.51304071188657
Normal_0to12h,0.104152724242327,0.106283080223231,0.104037665161692,0.0849456783429998,2.81416317322915,3.51615757034435,2.81535145073525,2.77652182067477,2.14753852683136,2.1804258436152,2.14710239860038,1.947446031128,0.718906797382793,3.98872317880625,0.724128715011157,0.79313278287784
Leak_12to24h,0.103291483102153,0.105722117103198,0.103185920747464,0.0647777074322865,2.77942404101901,3.93857533972925,2.96927788624026,2.80337933108181,2.02187928345931,2.06295119111899,2.02000572981011,1.75022047897243,0.835453019213742,5.12333038757592,2.09283056107808,1.99372112155702
