Period,P_RMSE_Standard,P_RMSE_Chen,P_RMSE_EKF_LE,P_RMSE_AFEKF,M_RMSE_Standard,M_RMSE_Chen,M_RMSE_EKF_LE,M_RMSE_AFEKF,Pipe1_Standard,Pipe1_Chen,Pipe1_EKF_LE,Pipe1_AFEKF,Pipe5_Standard,Pipe5_Chen,Pipe5_EKF_LE,Pipe5_AFEKF
Full_Period,0.103040979482861,0.103718169775541,0.103066275424425,0.0882375396458237,2.39873970829439,3.11486325435881,2.57402876435004,2.48477017204858,1.59863596404799,1.60905982279254,1.59763416506052,1.52714220665235,0.811882657721167,3.74445396924058,1.90552074149237,1.473873155933
Normal_0to12h,0.103862473440788,0.1040290399338,0.103472278025008,0.0854464243851109,2.33488023590178,3.14775300915696,2.3439192150178,2.33518465649825,1.61085262894387,1.6206295793371,1.61579613348967,1.52682651931208,0.786364395803259,3.97186292279973,0.762000870290422,1.01087984003151
Leak_12to24h,0.10276465451572,0.104108151431088,0.103808779804388,0.069327363164347,2.68874101817202,3.8783593880524,2.99884373094324,2.84082469761313,1.50548796255483,1.52756609157696,1.50678786508331,1.35077386468231,0.841233677164944,5.20313161457886,2.59622055644152,1.95214843495279
