Period,P_RMSE_Standard,P_RMSE_Chen,P_RMSE_EKF_LE,P_RMSE_AFEKF,M_RMSE_Standard,M_RMSE_Chen,M_RMSE_EKF_LE,M_RMSE_AFEKF,Pipe1_Standard,Pipe1_Chen,Pipe1_EKF_LE,Pipe1_AFEKF,Pipe5_Standard,Pipe5_Chen,Pipe5_EKF_LE,Pipe5_AFEKF
Full_Period,0.102831128689925,0.104257664022527,0.102437966978618,0.0854982459915505,2.72362531033999,3.39119013396835,2.81021357753629,2.73257395674249,1.49079088749422,1.49653769261907,1.49508565505121,1.41526893326733,0.834720197476062,3.70486168115382,1.37326340843034,0.833903916550706
Normal_0to12h,0.101836770177468,0.10270875882579,0.101694128358791,0.081918774958429,2.5630489325813,3.34013832155708,2.57117760032831,2.54487262708476,1.50927938161935,1.52855635938738,1.52064707934012,1.36024167015087,0.825033396571375,3.98065211863527,0.808055182369297,0.777611502709856
Leak_12to24h,0.104299726574673,0.107046356032939,0.104208406361025,0.066077496879823,2.78545797876941,3.97837033911157,2.9395886388469,2.80076177815393,1.75925573387204,1.76894003849489,1.75748002498363,1.63798914094918,0.844730853389295,5.13974139986517,1.77025363112878,0.837454966958469
