Period,P_RMSE_Standard,P_RMSE_Chen,P_RMSE_EKF_LE,P_RMSE_AFEKF,M_RMSE_Standard,M_RMSE_Chen,M_RMSE_EKF_LE,M_RMSE_AFEKF,Pipe1_Standard,Pipe1_Chen,Pipe1_EKF_LE,Pipe1_AFEKF,Pipe5_Standard,Pipe5_Chen,Pipe5_EKF_LE,Pipe5_AFEKF
Full_Period,0.107652606675622,0.108585014258023,0.107502694918759,0.0922182059311917,2.24268732078415,2.99304104287287,2.34404146209828,2.26666608728897,1.14689017158088,1.15226282719351,1.15352619162092,1.13982790970361,0.874690401656661,3.67253839008374,1.25365520194291,0.993209116575219
Normal_0to12h,0.110781228564283,0.111594091802536,0.11061109980983,0.0893650805587563,2.21187719056348,3.05979202279896,2.21357880008494,2.20320338776934,1.28334628855691,1.28868719308229,1.28525389798898,1.2944314454759,0.764339016411201,3.98868726195423,0.760808622061358,0.775275070816458
Leak_12to24h,0.108506543610464,0.110326562963575,0.108604885059807,0.073072572963811,2.45305156333202,3.71262596265122,2.63584343201112,2.49969183569877,1.19370114862663,1.20346362584766,1.19792507612038,1.17655521327002,0.877073648371248,5.08589189765968,1.57135828180977,1.09994239769464
