Period,P_RMSE_Standard,P_RMSE_Chen,P_RMSE_EKF_LE,P_RMSE_AFEKF,M_RMSE_Standard,M_RMSE_Chen,M_RMSE_EKF_LE,M_RMSE_AFEKF,Pipe1_Standard,Pipe1_Chen,Pipe1_EKF_LE,Pipe1_AFEKF,Pipe5_Standard,Pipe5_Chen,Pipe5_EKF_LE,Pipe5_AFEKF
Full_Period,0.101692484758513,0.103294319794778,0.10082802034352,0.0870450353432759,2.72580234383528,3.37785377326434,2.88018261904415,2.83589128030182,1.61360207517445,1.62457376963118,1.61403012060971,1.53119414971593,0.851559710597693,3.75652670677318,1.981884509766,1.69051301070832
Normal_0to12h,0.102596302231853,0.104301586023619,0.101886594537257,0.0822783609289649,3.03287561643351,3.6763715800943,3.03278773302547,2.98879702765595,1.81142312312478,1.82915997581754,1.81112502970861,1.64773536260539,0.928041014007912,4.07656651162519,0.934923106663849,1.24954797695898
Leak_12to24h,0.101137791007154,0.10433938606805,0.101195229209782,0.0685065113325609,2.83254378699365,3.98692097037256,3.12294344965033,3.04019819749602,1.55143252769034,1.57396923193072,1.55137622792088,1.37560325518683,0.925986663918296,5.22151082310464,2.69176177891715,2.25294649940423
