Period,P_RMSE_Standard,P_RMSE_Chen,P_RMSE_EKF_LE,P_RMSE_AFEKF,M_RMSE_Standard,M_RMSE_Chen,M_RMSE_EKF_LE,M_RMSE_AFEKF,Pipe1_Standard,Pipe1_Chen,Pipe1_EKF_LE,Pipe1_AFEKF,Pipe5_Standard,Pipe5_Chen,Pipe5_EKF_LE,Pipe5_AFEKF
Full_Period,0.103239320388408,0.104489136143816,0.10200636096917,0.0875621187999043,2.15897957704009,2.98022931619984,2.19488120270038,2.16340484652887,1.45377806974912,1.46079081090404,1.44535635081757,1.40748951650336,0.805219258965315,3.8617971467457,1.01914739376898,1.1539815993534
Normal_0to12h,0.103690782105921,0.105299107156255,0.102306555579731,0.0836785797091456,2.03310166312099,2.98958239741936,2.03309813479497,2.01090763461945,1.45939960828854,1.4805159096017,1.44698691397751,1.36742826091161,0.803651645551071,4.14564065425805,0.812747594456377,0.852613106472757
Leak_12to24h,0.102716864402588,0.105198946368009,0.101584874959281,0.0669205142003616,2.29251770499305,3.68819758774667,2.34483542636055,2.30292305056739,1.36602722984878,1.38046952308358,1.37425252325326,1.27487276811769,0.818552615531888,5.36904456353418,1.24055809805499,1.45136118643676
