Period,P_RMSE_Standard,P_RMSE_Chen,P_RMSE_EKF_LE,P_RMSE_AFEKF,M_RMSE_Standard,M_RMSE_Chen,M_RMSE_EKF_LE,M_RMSE_AFEKF,Pipe1_Standard,Pipe1_Chen,Pipe1_EKF_LE,Pipe1_AFEKF,Pipe5_Standard,Pipe5_Chen,Pipe5_EKF_LE,Pipe5_AFEKF
Full_Period,0.102244199113688,0.103224008510366,0.100464952047649,0.086621435771644,2.62980623007736,3.31427231331411,2.71913357786047,2.74166409309199,1.33356030705709,1.33324210319315,1.3333887260986,1.28837349021678,0.919489389976177,3.77780557249564,0.969479757304325,1.0769409085154
Normal_0to12h,0.101889778203174,0.103059386539084,0.100790892770953,0.0821210327692577,2.81305096246256,3.54630075134276,2.81311343277102,2.79972111697542,1.27329905904007,1.27529187666474,1.27360251067473,1.19415840136556,0.817085796224791,4.07082558046201,0.816941128564641,1.03636026085573
Leak_12to24h,0.102407380458908,0.104362537490942,0.101417429585926,0.0684589996426243,2.33156786703749,3.67197465049061,2.5272886099627,2.57440351882597,1.14983296998047,1.14863004849199,1.14883120974436,1.03918471890759,0.986653890116389,5.24130246805626,1.07951460494917,1.26720399538819
