Period,P_RMSE_Standard,P_RMSE_Chen,P_RMSE_EKF_LE,P_RMSE_AFEKF,M_RMSE_Standard,M_RMSE_Chen,M_RMSE_EKF_LE,M_RMSE_AFEKF,Pipe1_Standard,Pipe1_Chen,Pipe1_EKF_LE,Pipe1_AFEKF,Pipe5_Standard,Pipe5_Chen,Pipe5_EKF_LE,Pipe5_AFEKF
Full_Period,0.103063643236486,0.103665651553625,0.102864691534504,0.0841851970520825,2.43021979762697,3.1207843089875,2.50704959911666,2.57494861416385,1.30331911172453,1.30783487911154,1.3018518213125,1.2496173407209,0.801391876377745,3.6425296163485,0.835212354594956,0.992109815836713
Normal_0to12h,0.102020585684655,0.102882099480748,0.101800620416047,0.0764522091500656,1.86146723936043,2.79996355347576,1.86043602805663,1.84794705903794,1.27875181411934,1.27775282674437,1.27829253311248,1.22451181600734,0.762992442820326,3.90132946246008,0.762981132286055,0.932527518915681
Leak_12to24h,0.104659003113444,0.10585310586785,0.104748961426888,0.0602497362969675,2.88073029023286,3.98426922011513,3.01161013576394,3.12374408785015,1.30497067241367,1.31434580300889,1.3022220977877,1.19657273583156,0.830651900523823,5.05917854844399,0.89503180007171,1.1723242801891
