Period,P_RMSE_Standard,P_RMSE_Chen,P_RMSE_EKF_LE,P_RMSE_AFEKF,M_RMSE_Standard,M_RMSE_Chen,M_RMSE_EKF_LE,M_RMSE_AFEKF,Pipe1_Standard,Pipe1_Chen,Pipe1_EKF_LE,Pipe1_AFEKF,Pipe5_Standard,Pipe5_Chen,Pipe5_EKF_LE,Pipe5_AFEKF
Full_Period,0.10567809400457,0.106642696580811,0.106218458502763,0.0928592521650494,2.30946558962483,3.06989379423611,2.49217568453027,2.47318526617565,1.39040788657942,1.39730904277937,1.39048315675875,1.37022750530956,0.920388285858616,3.6871868353497,1.84277444420393,1.59904893253928
Normal_0to12h,0.108319803718155,0.109485672607631,0.108434829254225,0.0887127245019794,2.40464425576081,3.22287211073404,2.4042604552618,2.38874422253829,1.39287808476013,1.39771718670843,1.39158071340159,1.37714567489392,0.889567803370442,3.9813340398332,0.875292780289666,0.908757402341844
Leak_12to24h,0.104403703440765,0.106343472045021,0.105415573948484,0.0742281778596653,2.17124935807071,3.57786623945498,2.54638268447388,2.50964624540005,1.34869286057397,1.3628822016063,1.34401043073435,1.30435694517562,0.994074698163435,5.11201356181883,2.47554602513434,2.11768118224042
