Period,P_RMSE_Standard,P_RMSE_Chen,P_RMSE_EKF_LE,P_RMSE_AFEKF,M_RMSE_Standard,M_RMSE_Chen,M_RMSE_EKF_LE,M_RMSE_AFEKF,Pipe1_Standard,Pipe1_Chen,Pipe1_EKF_LE,Pipe1_AFEKF,Pipe5_Standard,Pipe5_Chen,Pipe5_EKF_LE,Pipe5_AFEKF
Full_Period,0.10408185878492,0.105718448367558,0.102561979849296,0.0891137207660534,2.31298973262087,3.09046491947911,2.41093747337994,2.41380596571407,1.28945416769995,1.28869689707934,1.2894348575709,1.2601542593682,0.874982852950743,3.84258438328881,1.01652660443283,0.948360668925099
Normal_0to12h,0.106386298819439,0.10802923331957,0.105192596267112,0.0839545820346858,2.3376201814103,3.2243068157702,2.33751987983898,2.32458606804538,1.50826455259086,1.50815376848052,1.5084351819549,1.46947656309383,0.85516010248979,4.23866525151466,0.857532785272091,0.931417405047832
Leak_12to24h,0.104877048591257,0.108051287619341,0.103541744437368,0.0708982570939624,2.03289540123224,3.52674670901084,2.24980895569712,2.25482455653406,1.31793478402828,1.31635636491863,1.31767751134207,1.25610996768678,0.855799936460052,5.32416371598039,1.12389524196722,0.997861293637184
