Period,P_RMSE_Standard,P_RMSE_Chen,P_RMSE_EKF_LE,P_RMSE_AFEKF,M_RMSE_Standard,M_RMSE_Chen,M_RMSE_EKF_LE,M_RMSE_AFEKF,Pipe1_Standard,Pipe1_Chen,Pipe1_EKF_LE,Pipe1_AFEKF,Pipe5_Standard,Pipe5_Chen,Pipe5_EKF_LE,Pipe5_AFEKF
Full_Period,0.106322357865224,0.107429248174068,0.105634947386005,0.0881792991355493,3.01177923150046,3.62374677710093,3.09422702111412,3.05384840732823,1.80452559290686,1.80359120849895,1.80404582000913,1.76703654260702,0.719746996413521,3.70667001159036,1.36828382051551,1.18584243295385
Normal_0to12h,0.106165066681872,0.10725346644169,0.105116290254949,0.0846548648911994,2.39178213603601,3.23204468711203,2.39299639582126,2.41583199220053,1.34260473009534,1.33153905854388,1.34129096144617,1.29109784200525,0.677431702885929,3.95755863945813,0.676510396843454,0.991234802119513
Leak_12to24h,0.105920851273812,0.108131951415639,0.104696030485809,0.0630012837447362,3.06018663111675,4.17069722104467,3.22488732981193,3.14366661870198,1.73371422122827,1.73194144580008,1.73290442848926,1.65223944673963,0.727138414068332,5.1582372079836,1.78875541277736,1.50934156915819
