Period,P_RMSE_Standard,P_RMSE_Chen,P_RMSE_EKF_LE,P_RMSE_AFEKF,M_RMSE_Standard,M_RMSE_Chen,M_RMSE_EKF_LE,M_RMSE_AFEKF,Pipe1_Standard,Pipe1_Chen,Pipe1_EKF_LE,Pipe1_AFEKF,Pipe5_Standard,Pipe5_Chen,Pipe5_EKF_LE,Pipe5_AFEKF
Full_Period,0.104909892793854,0.10652058102743,0.103930383980476,0.0866882773910485,2.36323573663812,3.09882708291118,2.36314249115392,2.34910766941721,1.35583051345958,1.35298920553538,1.35578788803209,1.34478425404261,0.864400682932351,3.69273649524586,0.863537921017202,0.856903385024218
Normal_0to12h,0.104522699492233,0.106282128191868,0.103916459995562,0.0834455866826187,2.39463587241375,3.22557878759332,2.39455038953737,2.37576301786965,1.14520525179474,1.14597116947502,1.14528033020664,1.09274769610121,0.730470311828249,4.02589635026759,0.729115738943015,0.733565724407051
Leak_12to24h,0.105908566771953,0.109052925198326,0.105252562478755,0.0685794942858592,2.41174401242036,3.71077602203671,2.41154014341921,2.38428213551364,1.3159124924923,1.31050065281551,1.31585168746211,1.29530487733415,0.88059488371491,5.11941957429904,0.878922432005291,0.865822235099526
