Period,P_RMSE_Standard,P_RMSE_Chen,P_RMSE_EKF_LE,P_RMSE_AFEKF,M_RMSE_Standard,M_RMSE_Chen,M_RMSE_EKF_LE,M_RMSE_AFEKF,Pipe1_Standard,Pipe1_Chen,Pipe1_EKF_LE,Pipe1_AFEKF,Pipe5_Standard,Pipe5_Chen,Pipe5_EKF_LE,Pipe5_AFEKF
Full_Period,0.106068878339705,0.107716302537538,0.104526784723576,0.0914872368743399,2.90186043487688,3.55349510619546,3.00722938874929,3.01521753265199,1.55141584227373,1.5505787945699,1.56238124495057,1.54016015835333,0.79389999728683,3.87844459958937,1.39139723357538,1.18754065758761
Normal_0to12h,0.105515949841437,0.106902947023647,0.103634461230968,0.0855870296804289,2.68468947365395,3.44682740694811,2.68625387694166,2.68150911358748,1.5757550143272,1.57892815396866,1.5706088241164,1.52565684383093,0.78121583070368,4.12227959657047,0.780818505038668,0.981467247003354
Leak_12to24h,0.103421500862667,0.106742655165049,0.103140886702429,0.0715944318054177,2.47011594640732,3.79740470618401,2.71214844522372,2.71993930560436,1.30355447053985,1.30142235825307,1.3287368687196,1.2664952073389,0.865683878163016,5.40170986116889,1.84170703361316,1.53418490126401
