Period,P_RMSE_Standard,P_RMSE_Chen,P_RMSE_EKF_LE,P_RMSE_AFEKF,M_RMSE_Standard,M_RMSE_Chen,M_RMSE_EKF_LE,M_RMSE_AFEKF,Pipe1_Standard,Pipe1_Chen,Pipe1_EKF_LE,Pipe1_AFEKF,Pipe5_Standard,Pipe5_Chen,Pipe5_EKF_LE,Pipe5_AFEKF
Full_Period,0.106305099279211,0.107203403574257,0.104948812018329,0.0873030295180975,2.13303648765801,2.94386531513565,2.28487591727423,2.16835866317195,1.27302374683905,1.26599479865249,1.27221587843715,1.23494622004226,0.836898280953367,3.66823215401485,1.65771297641417,1.55718381746758
Normal_0to12h,0.107666484415039,0.108644237496943,0.106261695740195,0.0827824797839391,2.0313612792997,2.96689398321179,2.03191697889847,2.02765020188672,1.02697257303524,1.01495591807507,1.0264308106273,1.01812557951433,0.746934470623534,3.99306233815224,0.746875160656552,0.828095173366711
Leak_12to24h,0.105196498211065,0.107030252619435,0.10391559611153,0.0605949260876659,2.35606045669347,3.69959297726578,2.62217270842433,2.41847827542968,1.28601590119168,1.27215915154158,1.28040459687167,1.20886681002303,0.96170072670012,5.10750063527515,2.22720946822637,2.08364989236712
