Period,P_RMSE_Standard,P_RMSE_Chen,P_RMSE_EKF_LE,P_RMSE_AFEKF,M_RMSE_Standard,M_RMSE_Chen,M_RMSE_EKF_LE,M_RMSE_AFEKF,Pipe1_Standard,Pipe1_Chen,Pipe1_EKF_LE,Pipe1_AFEKF,Pipe5_Standard,Pipe5_Chen,Pipe5_EKF_LE,Pipe5_AFEKF
Full_Period,0.104615834516064,0.105851165930121,0.104625930364145,0.090356840123904,2.9272663530601,3.55737002126218,3.02352724960363,3.01247829616702,1.95347456214062,1.95901337799567,1.95329199947172,1.84878674240026,0.805282689573183,3.71566435022709,1.42708713815435,1.0205197646384
Normal_0to12h,0.103628011508371,0.105681146541258,0.103626006821269,0.0845722336876746,2.78669966777264,3.53614650873866,2.78725770031242,2.76900308223413,1.91418733480198,1.92682057754499,1.91440961290284,1.79823930084998,0.719977918931696,4.03249434360289,0.698632036636005,0.746986277149999
Leak_12to24h,0.103864545878124,0.106292053619017,0.10388631152455,0.0703409879408097,3.14412934838566,4.24022168248077,3.32187915884912,3.29977749773643,2.14966369767368,2.15954914619236,2.14925356811612,1.95662990510806,0.813439445806375,5.15907720922067,1.8772357548978,1.20237799137251
