Period,P_RMSE_Standard,P_RMSE_Chen,P_RMSE_EKF_LE,P_RMSE_AFEKF,M_RMSE_Standard,M_RMSE_Chen,M_RMSE_EKF_LE,M_RMSE_AFEKF,Pipe1_Standard,Pipe1_Chen,Pipe1_EKF_LE,Pipe1_AFEKF,Pipe5_Standard,Pipe5_Chen,Pipe5_EKF_LE,Pipe5_AFEKF
Full_Period,0.104816588945698,0.106241326469007,0.104346183718187,0.091007421807898,2.1327685799793,2.95433873084043,2.28671431878542,2.26083663219957,1.1187162467482,1.11775128454776,1.11870884927578,1.10120359065273,0.852771286648601,3.81020339429803,1.65422567748094,1.4459178362575
Normal_0to12h,0.10731157960842,0.108536675167613,0.107285579599885,0.0868640743874154,2.24348697214134,3.11055299616491,2.24351951701105,2.22460957243386,1.15792555426485,1.15522384801908,1.15780224187556,1.11853532073116,0.877808281478827,4.02924057736097,0.884109770914083,0.898277158022431
Leak_12to24h,0.104223341514047,0.107022154053355,0.104585921652972,0.0728894027227124,2.24965293803133,3.64958634428678,2.5348202271137,2.48860413842215,1.06032997930157,1.05818339868484,1.06045311490653,1.02222087577758,0.858877338722903,5.28602989777427,2.18679231130273,1.87244776030893
