Period,P_RMSE_Standard,P_RMSE_Chen,P_RMSE_EKF_LE,P_RMSE_AFEKF,M_RMSE_Standard,M_RMSE_Chen,M_RMSE_EKF_LE,M_RMSE_AFEKF,Pipe1_Standard,Pipe1_Chen,Pipe1_EKF_LE,Pipe1_AFEKF,Pipe5_Standard,Pipe5_Chen,Pipe5_EKF_LE,Pipe5_AFEKF
Full_Period,0.104535705590058,0.106150209893879,0.10407633348058,0.0925086439754836,2.35169997128999,3.11073794079899,2.43722224691994,2.4726796072585,1.20596579850951,1.20578316759119,1.20559443730298,1.16425664116796,0.876103763033304,3.81989670173428,0.885577628206864,0.906907436688059
Normal_0to12h,0.106767151192374,0.107929135668014,0.106163848819526,0.084656643852412,2.21578122410301,3.09081118751202,2.21558587292432,2.1943437342255,1.3692897279953,1.37235278348697,1.36960197999346,1.28230937070641,0.789334209045801,4.08202943567349,0.783723905843623,0.905573147750093
Leak_12to24h,0.10585991222191,0.109006106524831,0.106350173687887,0.0799165360150287,2.28642107801793,3.6646382487008,2.46010036086992,2.5284043026362,1.19621904867569,1.19577643225644,1.19528967902405,1.11094687456179,0.967044833311342,5.3107935354012,0.988738527780213,1.02634788036896
