Period,P_RMSE_Standard,P_RMSE_Chen,P_RMSE_EKF_LE,P_RMSE_AFEKF,M_RMSE_Standard,M_RMSE_Chen,M_RMSE_EKF_LE,M_RMSE_AFEKF,Pipe1_Standard,Pipe1_Chen,Pipe1_EKF_LE,Pipe1_AFEKF,Pipe5_Standard,Pipe5_Chen,Pipe5_EKF_LE,Pipe5_AFEKF
Full_Period,0.103541891729308,0.1051559078986,0.103364473716387,0.0844796188383623,2.34378347962542,3.11675192912696,2.36740579981926,2.33039487761591,1.34543975698038,1.35010277003352,1.3193145616087,1.27935362612712,0.803621557219407,3.78334587607979,0.820572025203056,0.805947103681205
Normal_0to12h,0.106466022620842,0.108980248977123,0.10644034689345,0.0851400864486781,2.31808838721651,3.22454264782254,2.31956663259997,2.29768563752681,1.38666740925119,1.39351264508878,1.36823700540546,1.25674442715452,0.726631228108757,4.18395040390289,0.736741445536594,0.704332823784042
Leak_12to24h,0.104379841947455,0.107544629655203,0.104369252743182,0.059666699598906,2.39389989981925,3.75181554181998,2.43903170556048,2.3666389865401,1.28113452593714,1.29093102043871,1.29166120929286,1.15339087055256,0.857795193571492,5.26280400609496,0.892459017107541,0.863938919718903
