Period,P_RMSE_Standard,P_RMSE_Chen,P_RMSE_EKF_LE,P_RMSE_AFEKF,M_RMSE_Standard,M_RMSE_Chen,M_RMSE_EKF_LE,M_RMSE_AFEKF,Pipe1_Standard,Pipe1_Chen,Pipe1_EKF_LE,Pipe1_AFEKF,Pipe5_Standard,Pipe5_Chen,Pipe5_EKF_LE,Pipe5_AFEKF
Full_Period,0.103075244772663,0.103929558358778,0.1017860956778,0.0873760220558076,2.40645043237932,3.14505837825524,2.5576862910787,2.55089559327299,1.47988386397513,1.48485720937565,1.49400962222726,1.43563733816501,0.86702392396601,3.76554100258317,1.42728566945913,1.32043052063864
Normal_0to12h,0.103399621043872,0.104126367094149,0.102475717717715,0.0831446691108113,1.93045586872648,2.86012676227554,1.93092441149483,1.91202686161597,1.23448628372451,1.2407116189853,1.23456338523739,1.15178832354829,0.832772677725069,4.01451778422024,0.829802369206704,0.865839536096031
Leak_12to24h,0.102610027381642,0.104341429673279,0.102378428836442,0.0682682768053666,2.32189881521368,3.67431634485568,2.62183090417253,2.60801449964596,1.27557836777846,1.28690452091189,1.28782150386645,1.16795996126052,0.850017877150726,5.21637542484912,1.81358608000691,1.64366217209325
