Period,P_RMSE_Standard,P_RMSE_Chen,P_RMSE_EKF_LE,P_RMSE_AFEKF,M_RMSE_Standard,M_RMSE_Chen,M_RMSE_EKF_LE,M_RMSE_AFEKF,Pipe1_Standard,Pipe1_Chen,Pipe1_EKF_LE,Pipe1_AFEKF,Pipe5_Standard,Pipe5_Chen,Pipe5_EKF_LE,Pipe5_AFEKF
Full_Period,0.103349775163118,0.104599858052609,0.10221381107235,0.085964465490839,2.83309406315699,3.46234621083417,2.89839447595511,2.92992828894174,2.09358925427561,2.09376558093906,2.10507641730655,1.99580373493336,0.854229835923511,3.76676254406151,0.860857401681369,0.946347151883843
Normal_0to12h,0.104784243131868,0.106390565664688,0.104563264396755,0.0829758449190579,2.75577249822536,3.47350413674649,2.76179482382473,2.73193318003834,1.37731855984163,1.36532569035246,1.38636241768119,1.36253986945488,0.901977767320372,4.01331211526214,0.900231627490539,0.994740402396736
Leak_12to24h,0.105011959000819,0.107453699458106,0.103985897043965,0.0664797510018939,3.31076929219007,4.3349702160139,3.41390386962794,3.47583547230165,2.4609299561362,2.46089035912518,2.47147645916996,2.28867785221396,0.894174584254261,5.22960707500326,0.909068242408848,1.06392345310319
