Period,P_RMSE_Standard,P_RMSE_Chen,P_RMSE_EKF_LE,P_RMSE_AFEKF,M_RMSE_Standard,M_RMSE_Chen,M_RMSE_EKF_LE,M_RMSE_AFEKF,Pipe1_Standard,Pipe1_Chen,Pipe1_EKF_LE,Pipe1_AFEKF,Pipe5_Standard,Pipe5_Chen,Pipe5_EKF_LE,Pipe5_AFEKF
Full_Period,0.103724174318571,0.105003168961986,0.103350571238879,0.0870085659645422,2.29409036389172,3.02832468099693,2.39209832318316,2.40034891625134,1.28192300641585,1.28910816929548,1.28116631529176,1.14456729178517,0.924640821547013,3.7119419653911,1.09995467751638,1.0282204662924
Normal_0to12h,0.106159264150425,0.107793680653261,0.105787312293611,0.0823979967945792,1.84008911515172,2.81753667986294,1.84066859779796,1.83803529927758,1.24031433115114,1.2575720617271,1.23816461919171,1.12323238688288,0.851551177453707,4.01576154369652,0.851595653937972,1.04302616333457
Leak_12to24h,0.10386237658481,0.106386253553964,0.103939137621553,0.0653502884447046,2.62440113479647,3.82437807799681,2.79374939596138,2.80679783401853,1.58852767200619,1.60043062532558,1.58918372239413,1.36682348581842,0.938343152041974,5.13550124523069,1.25901302461439,1.13452015045195
