Period,P_RMSE_Standard,P_RMSE_Chen,P_RMSE_EKF_LE,P_RMSE_AFEKF,M_RMSE_Standard,M_RMSE_Chen,M_RMSE_EKF_LE,M_RMSE_AFEKF,Pipe1_Standard,Pipe1_Chen,Pipe1_EKF_LE,Pipe1_AFEKF,Pipe5_Standard,Pipe5_Chen,Pipe5_EKF_LE,Pipe5_AFEKF
Full_Period,0.102371398704667,0.103778095861749,0.102325835189453,0.0862671231375121,2.27963973909505,3.05468052677556,2.38943965262329,2.3110000582848,1.4654720131052,1.47045758183949,1.46371459381537,1.40216995850552,0.693341214353953,3.73145103269776,1.3421707349595,0.98050513030735
Normal_0to12h,0.101732604607098,0.103117611122841,0.101421711216041,0.0822959653731749,1.73925399645577,2.75474656318492,1.73432468297429,1.7361827325318,1.30913586985406,1.32034674898807,1.31093471830062,1.22668699262201,0.650488260256797,3.9253203059486,0.630224340649655,0.807427230161831
Leak_12to24h,0.102888028893614,0.105667662452961,0.10324525320637,0.0655740016544979,2.24307090421219,3.63444043920383,2.46512015348454,2.30837800818039,1.21078559327374,1.22270249609353,1.20777743989141,1.04665402227419,0.681133166942909,5.1943979557376,1.7536430374046,1.18702927493391
