Period,P_RMSE_Standard,P_RMSE_Chen,P_RMSE_EKF_LE,P_RMSE_AFEKF,M_RMSE_Standard,M_RMSE_Chen,M_RMSE_EKF_LE,M_RMSE_AFEKF,Pipe1_Standard,Pipe1_Chen,Pipe1_EKF_LE,Pipe1_AFEKF,Pipe5_Standard,Pipe5_Chen,Pipe5_EKF_LE,Pipe5_AFEKF
Full_Period,0.105515964128161,0.106677244952446,0.10558864025431,0.0863923309964559,3.48589629205951,3.98748588604577,3.58204346835192,3.61002970227888,1.96801533276164,1.97109010367352,2.03859677497248,1.7104722867701,0.838557142605976,3.70852714497341,1.40195517614177,1.94754366490819
Normal_0to12h,0.103044359667109,0.103921444825047,0.102666525252804,0.0883549081722978,2.7226144707753,3.42075178604972,2.72261517888524,2.88144668811994,1.4594667592895,1.45197234811036,1.45948738912358,1.30549202981899,0.74998229731285,3.97744593015663,0.749982341610104,2.20940437881037
Leak_12to24h,0.105649006384869,0.107938987906773,0.106278107103339,0.0762046428751142,3.83687828461587,4.71051221318691,4.00481337914067,4.06953860172892,2.1040376215852,2.10963863227698,2.10169839866035,1.65610913889656,0.881061073599319,5.14926048522303,1.80837148175852,2.62359209596289
