Period,P_RMSE_Standard,P_RMSE_Chen,P_RMSE_EKF_LE,P_RMSE_AFEKF,M_RMSE_Standard,M_RMSE_Chen,M_RMSE_EKF_LE,M_RMSE_AFEKF,Pipe1_Standard,Pipe1_Chen,Pipe1_EKF_LE,Pipe1_AFEKF,Pipe5_Standard,Pipe5_Chen,Pipe5_EKF_LE,Pipe5_AFEKF
Full_Period,0.103124698674335,0.104116679397298,0.101924872556278,0.0839356147253102,2.8856866464503,3.49291498656967,2.88725399329237,2.86432212395549,1.83353838154266,1.8407824912469,1.83914173473099,1.70372718913509,0.806730245065545,3.62877528124562,0.863148459589776,0.937270855452532
Normal_0to12h,0.103764828172546,0.104548496824505,0.103273044146082,0.0815622331920144,2.89523765394536,3.56999844223735,2.8930033289426,2.85960341223574,2.05384653934246,2.06129263427683,2.05417467903202,1.84728553664388,0.843003557859609,3.94320251635812,0.84004188018698,1.02737297854008
Leak_12to24h,0.105738654352339,0.107645467614269,0.104812186845026,0.0639685197703014,2.98630656395955,4.0725225921249,2.99519066631098,2.95032806307881,1.5569217174563,1.57380574113653,1.56835786861342,1.22707787146417,0.88053858852194,5.04628248157566,0.98040509721283,1.10538110688827
