Period,P_RMSE_Standard,P_RMSE_Chen,P_RMSE_EKF_LE,P_RMSE_AFEKF,M_RMSE_Standard,M_RMSE_Chen,M_RMSE_EKF_LE,M_RMSE_AFEKF,Pipe1_Standard,Pipe1_Chen,Pipe1_EKF_LE,Pipe1_AFEKF,Pipe5_Standard,Pipe5_Chen,Pipe5_EKF_LE,Pipe5_AFEKF
Full_Period,0.106215454069357,0.108346103361613,0.105932415001439,0.0723327052864783,2.58683364460234,3.30632123418524,2.720825451661,2.64685467827867,1.54368413499285,1.53685631276091,1.53244278114184,1.47039421030394,0.817023844084483,3.86875871215653,1.4432364377897,1.04921267486826
Normal_0to12h,0.103054871697278,0.104353544288472,0.102560716003737,0.0671791339029245,2.08299494133832,3.03152336059905,2.08244480409588,2.07842748068458,1.31221744543007,1.29970031447388,1.28138570407437,1.29587506225992,0.777940904205733,4.11650793900968,0.776755218816211,0.893376643772238
Leak_12to24h,0.107169607330927,0.111301686330851,0.1077112607612,0.0638389612824913,2.30254713521412,3.70029853402417,2.5941143664287,2.47439508512824,1.18741225206919,1.17304549695011,1.19186686757978,1.10551752437226,0.846045855503924,5.37804540903033,1.89720610460821,1.28207639799185
