Period,P_RMSE_Standard,P_RMSE_Chen,P_RMSE_EKF_LE,P_RMSE_AFEKF,M_RMSE_Standard,M_RMSE_Chen,M_RMSE_EKF_LE,M_RMSE_AFEKF,Pipe1_Standard,Pipe1_Chen,Pipe1_EKF_LE,Pipe1_AFEKF,Pipe5_Standard,Pipe5_Chen,Pipe5_EKF_LE,Pipe5_AFEKF
Full_Period,0.103408698992949,0.105049869453782,0.102929126276057,0.0886279249060144,2.4076818083349,3.14173375990552,2.57026702095189,2.46448231979563,1.30900035149397,1.31513071640965,1.30681985221394,1.25676340769401,0.761933306653748,3.81288457860079,1.87537670592254,1.85729805510606
Normal_0to12h,0.102455183204374,0.104726570800622,0.101741229389268,0.0832539878149002,2.42197624566121,3.24706169379127,2.42170914542612,2.39683814546645,1.19449447864803,1.19265663667998,1.19427531393367,1.11172783688311,0.798214313837893,4.09273785557672,0.784925456045294,0.961071584415392
Leak_12to24h,0.102477292426237,0.105732735931992,0.102734986016919,0.0684336317060593,2.87056437305893,4.03624978237215,3.14271698386524,2.96882191061952,1.29422017938252,1.3063807459044,1.29372829980322,1.19011543968914,0.768538964637629,5.30305588635267,2.5469442018856,2.51706399345176
