Period,P_RMSE_Standard,P_RMSE_Chen,P_RMSE_EKF_LE,P_RMSE_AFEKF,M_RMSE_Standard,M_RMSE_Chen,M_RMSE_EKF_LE,M_RMSE_AFEKF,Pipe1_Standard,Pipe1_Chen,Pipe1_EKF_LE,Pipe1_AFEKF,Pipe5_Standard,Pipe5_Chen,Pipe5_EKF_LE,Pipe5_AFEKF
Full_Period,0.103258062572725,0.104940721906829,0.103016478419286,0.0886795368553993,2.02712318586852,2.85797853209322,2.13299120241592,2.08624415349883,1.26859453274195,1.27150153778418,1.26907755995513,1.22501695913177,0.772995609917228,3.79712985101393,1.13388648433807,0.936665396043109
Normal_0to12h,0.10243474004978,0.104250719177159,0.10258967228062,0.0843759128841734,1.9786457857634,2.9098768823863,1.98554029199891,1.96860339709888,1.47297077661137,1.47343836539606,1.47605447438874,1.41174921343748,0.717240767324886,3.97700395115829,0.7177651350514,0.990107450549415
Leak_12to24h,0.10276681106064,0.10608492603892,0.102626123419186,0.0685108865919024,2.45001728193487,3.74442166386912,2.61818796906726,2.54373055878135,1.38995399818394,1.39524093976576,1.38797421887575,1.31634846345726,0.825704189548382,5.28620880547783,1.42931722305154,1.10980029462012
